reviewId;userName;userImage;content;score;thumbsUpCount;reviewCreatedVersion;at;replyContent;repliedAt;appVersion;;;;;;;
96a50690-5c0e-4bd2-8ec5-9716be109518;Dani Ram Dani;https://play-lh.googleusercontent.com/a/ACg8ocJZxfE6mWXZv14SeY6G4yg6Qv3KGPv3Bekoj0UzCtCdSeAQ9g=mo;Alhamdulillah terbantu dengan adanya mobile jkn;5;0;4.14.0;2025-12-14 10:54:41;Hi... Terima kasih atas review dan rating yang diberikan. Kami akan terus melakukan perbaikan dan penyempurnaan aplikasi Mobile JKN untuk memberikan kemudahan bagi peserta dan calon peserta JKN. Jika ada kendala, Anda dapat menghubungi Care Center BPJS Kesehatan melalui nomor 165 (24 jam). Terima kasih.;2025-12-15 07:08:35;4.14.0;;;;;;;
c5b0c19d-fa44-4496-9897-6f9034b0afe6;Yatsss;https://play-lh.googleusercontent.com/a-/ALV-UjXpvgPet8tdmttipG4f6HsmNn86JBPtAiC92GFzkxKLo9NJCkY;Apalah scan wajah gagal terus;1;0;4.14.0;2025-12-14 10:53:43;Mohon maaf atas ketidaknyamanannya. Terkait kendala yang dialami, Anda dapat menyampaikan kendala dengan melampirkan tangkapan layar/video dengan device lain ke alamat email : carecenter@bpjs-kesehatan.go.id untuk kemudahan proses tindak lanjut. Terima kasih.;2025-12-15 07:09:35;4.14.0;;;;;;;
60a2c706-c0cc-4168-aa75-3e4f7651415d;Nur Rochman;https://play-lh.googleusercontent.com/a/ACg8ocJU0-15tr5TdgB9jHi5uyKEuxlZm7oTwMSHGAydt1fgTl20Vg=mo;"maaf tidak bisa login akun (padahal NIK & password sudah sesuai) 1. Sudah berulang hapus cache 2. Sudah berulang update aplikasi 3. Sudah berulang ""lupa password"" tapi tidak nerima balasan kode tertentu ke sms, kira2 solusi lain'a apa? thx";3;0;4.14.0;2025-12-14 10:28:52;Mohon maaf atas ketidaknyamanannya. Terkait kendala tersebut, mohon agar dapat memastikan kombinasi kata sandi yang dimasukkan. Jika masih terdapat kesalahan, dapat kami sarankan agar Bapak/Ibu memilih menu “Lupa Kata Sandi”. Selanjutnya masukkan Nomor Induk Kependudukan dan Captcha. Terima kasih.;2025-12-15 07:09:01;4.14.0;;;;;;;
0dd1ee6e-1559-4707-a86c-936bb82fe61c;Syamsuddin Dhila;https://play-lh.googleusercontent.com/a-/ALV-UjXE4nXheH3mieNOfIeWDArJSWe_NUl7wukD6xCv3HC-gIwvlwhp;Aplikasi ini sangat membantu sekali;5;0;4.14.0;2025-12-14 10:23:10;Hi... Terima kasih atas review dan rating yang diberikan. Kami akan terus melakukan perbaikan dan penyempurnaan aplikasi Mobile JKN untuk memberikan kemudahan bagi peserta dan calon peserta JKN. Jika ada kendala, Anda dapat menghubungi Care Center BPJS Kesehatan melalui nomor 165 (24 jam). Terima kasih.;2025-12-15 07:08:47;4.14.0;;;;;;;
b36270e1-db58-4387-9a4b-5d5dd58fd17e;David Leon;https://play-lh.googleusercontent.com/a/ACg8ocI8qWHRE_C1VLZL6MIMkCs9j5c7HIVv2FbH6RzkXxB8cgaYzA=mo;apk bagus banget;5;0;4.14.0;2025-12-14 10:11:55;Hi... Terima kasih atas review dan rating yang diberikan. Kami akan terus melakukan perbaikan dan penyempurnaan aplikasi Mobile JKN untuk memberikan kemudahan bagi peserta dan calon peserta JKN. Jika ada kendala, Anda dapat menghubungi Care Center BPJS Kesehatan melalui nomor 165 (24 jam). Terima kasih.;2025-12-15 07:08:47;4.14.0;;;;;;;
be1105ac-6af0-4cda-9af7-6b149f6b2b73;Fajri Ladondo;https://play-lh.googleusercontent.com/a-/ALV-UjWfQZnpiHDmF7uldWRxVnXxWHSHcJOuMgXwe5mUSnK_Rbu6u4g;Aplikasinya Bagus & Membantu;5;0;4.14.0;2025-12-14 08:49:40;Hi... Terima kasih atas review dan rating yang diberikan. Kami akan terus melakukan perbaikan dan penyempurnaan aplikasi Mobile JKN untuk memberikan kemudahan bagi peserta dan calon peserta JKN. Jika ada kendala, Anda dapat menghubungi Care Center BPJS Kesehatan melalui nomor 165 (24 jam). Terima kasih.;2025-12-15 07:08:50;4.14.0;;;;;;;
99059672-d7f2-40ad-8fd7-2f69cd5d62ce;Mukhamad Mukhajir;https://play-lh.googleusercontent.com/a/ACg8ocJnLtJYts1SHgov3bJKyL_usFHf16GujaedezF3lAvc_NOA6Q=mo;cukup memuaskan aplikasi nya mudah di gunakan.. semoga ttp mudah dan sukses selalu;4;0;4.14.0;2025-12-14 08:41:30;Hi... Terima kasih atas review dan rating yang diberikan. Kami akan terus melakukan perbaikan dan penyempurnaan aplikasi Mobile JKN untuk memberikan kemudahan bagi peserta dan calon peserta JKN. Jika ada kendala, Anda dapat menghubungi Care Center BPJS Kesehatan melalui nomor 165 (24 jam). Terima kasih.;2025-12-15 07:14:25;4.14.0;;;;;;;
d517c4ea-a899-40d3-b7ad-bab3db664e4e;Praz Gaming Official;https://play-lh.googleusercontent.com/a-/ALV-UjVebyDJSrYOi1g3qPBXp3NhZJ1xRdoGTDRr5aYCT5LELD6heXSs;ok mantap;5;0;4.14.0;2025-12-14 08:35:01;Hi... Terima kasih atas review dan rating yang diberikan. Kami akan terus melakukan perbaikan dan penyempurnaan aplikasi Mobile JKN untuk memberikan kemudahan bagi peserta dan calon peserta JKN. Jika ada kendala, Anda dapat menghubungi Care Center BPJS Kesehatan melalui nomor 165 (24 jam). Terima kasih.;2025-12-15 07:14:27;4.14.0;;;;;;;
f7a28cd3-cad7-4e6d-b051-632144176d7f;Nandi Sunandi;https://play-lh.googleusercontent.com/a-/ALV-UjUThhuWQhn-cQ5d-jfxYwo_woPnhgjp6zFUUVr5cflhFjzIptA;solusi untuk hp yg aflikasinya tidak mendukung apa? apa harus ganti hp;5;0;4.7.0;2025-12-14 08:03:29;Hi... Terima kasih atas review dan rating yang diberikan. Kami akan terus melakukan perbaikan dan penyempurnaan aplikasi Mobile JKN untuk memberikan kemudahan bagi peserta dan calon peserta JKN. Jika ada kendala, Anda dapat menghubungi Care Center BPJS Kesehatan melalui nomor 165 (24 jam). Terima kasih.;2025-12-15 07:14:33;4.7.0;;;;;;;
7f213c7a-905a-44b8-8bd8-fc068771d42e;Cucung Puyang;https://play-lh.googleusercontent.com/a-/ALV-UjUL2rzCEhA5L7REjINRPzjSqXeZ07rvf_uli_0GC8Df-eUTLROE;tolong diperbaiki 1. berbicara dgn call center, lagi berbicara pihak call center bilang tidak ada suaranya, padahal suara call center terdengar jelas 2. terkait rujukan ke faskes selanjutnya, dari pihak rumah sakit yg dituju, ada tambahan persyaratan yg berbeda-beda, mempersulit berobat terimakasih;2;0;4.14.0;2025-12-14 08:03:18;Mohon maaf atas ketidaknyamanannya. Terkait kendala yang dialami, Anda dapat menyampaikan kendala dengan melampirkan tangkapan layar/video dengan device lain ke alamat email : carecenter@bpjs-kesehatan.go.id untuk kemudahan proses tindak lanjut. Terima kasih.;2025-12-15 07:14:14;4.14.0;;;;;;;
47d341ae-8623-4964-9050-4d6eb70ce54a;Hendra Putra;https://play-lh.googleusercontent.com/a-/ALV-UjV2Uyz1VlhIuisTstB801VQlz7GFnB8NFnfWNMlNdgucXhQEos;memudahkan penggunaan BPJS kesehatan;5;0;4.14.0;2025-12-14 07:56:01;Hi... Terima kasih atas review dan rating yang diberikan. Kami akan terus melakukan perbaikan dan penyempurnaan aplikasi Mobile JKN untuk memberikan kemudahan bagi peserta dan calon peserta JKN. Jika ada kendala, Anda dapat menghubungi Care Center BPJS Kesehatan melalui nomor 165 (24 jam). Terima kasih.;2025-12-15 07:14:37;4.14.0;;;;;;;
b3eeec7f-4044-429a-ad7f-babd7651125f;Ade surya Yusuf muda;https://play-lh.googleusercontent.com/a-/ALV-UjXZOHWlzX9JcufvZVB5SEnUe4LQHDXEr0YUeWu1CO7cEDyLLt5S;Good app's;5;0;;2025-12-14 07:44:45;Hi... Terima kasih atas review dan rating yang diberikan. Kami akan terus melakukan perbaikan dan penyempurnaan aplikasi Mobile JKN untuk memberikan kemudahan bagi peserta dan calon peserta JKN. Jika ada kendala, Anda dapat menghubungi Care Center BPJS Kesehatan melalui nomor 165 (24 jam). Terima kasih.;2025-12-15 07:14:54;;;;;;;;
c269654e-0ed0-48a9-b0c0-973acc21bd39;imam bonjol;https://play-lh.googleusercontent.com/a/ACg8ocITsAB_PJ9FO5Q5s4zd0GbPzbKA5-JjoVN7NrDaHVSfT2VFoA=mo;menghemat waktu,dan efisien;5;0;4.11.2;2025-12-14 07:43:05;Hi... Terima kasih atas review dan rating yang diberikan. Kami akan terus melakukan perbaikan dan penyempurnaan aplikasi Mobile JKN untuk memberikan kemudahan bagi peserta dan calon peserta JKN. Jika ada kendala, Anda dapat menghubungi Care Center BPJS Kesehatan melalui nomor 165 (24 jam). Terima kasih.;2025-12-15 07:14:38;4.11.2;;;;;;;
2479309f-9152-4da8-b9c4-972d69ccc5ad;Rizqi Sae;https://play-lh.googleusercontent.com/a/ACg8ocJpEAoziBpPyZeBpTddv24rbXCRZGJv55J7G37JKzjv25svDA=mo;pelayanan sangat baik dan cepat juga memberikan kemudahan cukup dari rumah sja sudah bisa diproses;5;0;4.14.0;2025-12-14 07:39:18;Hi... Terima kasih atas review dan rating yang diberikan. Kami akan terus melakukan perbaikan dan penyempurnaan aplikasi Mobile JKN untuk memberikan kemudahan bagi peserta dan calon peserta JKN. Jika ada kendala, Anda dapat menghubungi Care Center BPJS Kesehatan melalui nomor 165 (24 jam). Terima kasih.;2025-12-15 07:14:46;4.14.0;;;;;;;
89f7f5de-4a51-409a-b361-94db536314e0;Taufik Iskandar;https://play-lh.googleusercontent.com/a-/ALV-UjWXfzrWPdYu_cKf-ANQejpVizqyQp633VNlpGOf3Fgu2qWbXN83;mudah untuk update skrining;5;0;4.14.0;2025-12-14 07:30:08;Hi... Terima kasih atas review dan rating yang diberikan. Kami akan terus melakukan perbaikan dan penyempurnaan aplikasi Mobile JKN untuk memberikan kemudahan bagi peserta dan calon peserta JKN. Jika ada kendala, Anda dapat menghubungi Care Center BPJS Kesehatan melalui nomor 165 (24 jam). Terima kasih.;2025-12-15 07:14:59;4.14.0;;;;;;;
038274b0-dfca-459c-98bd-ae7e6f9f574b;Noer Janah;https://play-lh.googleusercontent.com/a-/ALV-UjXepN_-cTjE8oFwveSAPcgIOx4r_8zBcmf-vcijmaWm9evnLX0;lebih mudah dan praktis;5;0;4.14.0;2025-12-14 07:29:28;Hi... Terima kasih atas review dan rating yang diberikan. Kami akan terus melakukan perbaikan dan penyempurnaan aplikasi Mobile JKN untuk memberikan kemudahan bagi peserta dan calon peserta JKN. Jika ada kendala, Anda dapat menghubungi Care Center BPJS Kesehatan melalui nomor 165 (24 jam). Terima kasih.;2025-12-15 07:15:14;4.14.0;;;;;;;
e9ce8c6d-7ff3-4953-8b41-215f3e3e8c41;siti mulyani;https://play-lh.googleusercontent.com/a/ACg8ocKc8RxEPE8f-ovTYRlhfz74V4z7HzMCQmnFlhUbKmRv3nSY1g=mo;bagus;5;0;4.14.0;2025-12-14 07:23:31;Hi... Terima kasih atas review dan rating yang diberikan. Kami akan terus melakukan perbaikan dan penyempurnaan aplikasi Mobile JKN untuk memberikan kemudahan bagi peserta dan calon peserta JKN. Jika ada kendala, Anda dapat menghubungi Care Center BPJS Kesehatan melalui nomor 165 (24 jam). Terima kasih.;2025-12-15 07:15:13;4.14.0;;;;;;;
dd491708-32f8-48f9-8e46-ea6aae3aa93f;james ford;https://play-lh.googleusercontent.com/a/ACg8ocIV04eTmYR1rWeL9Le0OvJUKc4yf3X7V5EvtyBDmk4YHvB8T20=mo;ok;5;0;4.14.0;2025-12-14 07:11:48;Hi... Terima kasih atas review dan rating yang diberikan. Kami akan terus melakukan perbaikan dan penyempurnaan aplikasi Mobile JKN untuk memberikan kemudahan bagi peserta dan calon peserta JKN. Jika ada kendala, Anda dapat menghubungi Care Center BPJS Kesehatan melalui nomor 165 (24 jam). Terima kasih.;2025-12-15 07:15:20;4.14.0;;;;;;;
3807a29c-7c96-4b88-9b38-a3b82a4e6117;Ully;https://play-lh.googleusercontent.com/a/ACg8ocKuv-bDMG0PL-s-b9Kp5fp02a1uwkMbZ7h4mVXeSg_DUn4znA=mo;aku suka aplikasi ini;5;0;;2025-12-14 06:40:58;Hi... Terima kasih atas review dan rating yang diberikan. Kami akan terus melakukan perbaikan dan penyempurnaan aplikasi Mobile JKN untuk memberikan kemudahan bagi peserta dan calon peserta JKN. Jika ada kendala, Anda dapat menghubungi Care Center BPJS Kesehatan melalui nomor 165 (24 jam). Terima kasih.;2025-12-15 07:15:26;;;;;;;;
8c28dac4-f1f4-42f3-8eb4-7b28c71a9156;faqih hatmoko;https://play-lh.googleusercontent.com/a/ACg8ocLslDm5pgXxn0_aQxPMdOXQXet406cJVTRjGT_6I3yeuqv2tA=mo;mantap;5;0;4.14.0;2025-12-14 06:20:42;Hi... Terima kasih atas review dan rating yang diberikan. Kami akan terus melakukan perbaikan dan penyempurnaan aplikasi Mobile JKN untuk memberikan kemudahan bagi peserta dan calon peserta JKN. Jika ada kendala, Anda dapat menghubungi Care Center BPJS Kesehatan melalui nomor 165 (24 jam). Terima kasih.;2025-12-15 07:15:26;4.14.0;;;;;;;
d022e8ab-4ff9-4b51-ba61-4e1f71769f13;Zulfi A L Sitepu;https://play-lh.googleusercontent.com/a/ACg8ocKIo756zbZeZVtG3kwVvG9_o8QIs7PfWUOTsR8ptQ3mmnh2xEqF=mo;Penggunaan mudah;5;0;;2025-12-14 06:19:51;Hi... Terima kasih atas review dan rating yang diberikan. Kami akan terus melakukan perbaikan dan penyempurnaan aplikasi Mobile JKN untuk memberikan kemudahan bagi peserta dan calon peserta JKN. Jika ada kendala, Anda dapat menghubungi Care Center BPJS Kesehatan melalui nomor 165 (24 jam). Terima kasih.;2025-12-15 07:15:33;;;;;;;;
c17661a4-70d3-4c7f-b7f3-34bc65a237fa;andri hatrivianto;https://play-lh.googleusercontent.com/a-/ALV-UjXzUYqY1NDC71OKxX6cIGJaMvh0uaZFU9iXuIubDWgjC6LBxp8;Sangat bagus dan pengunaannya mudah;5;0;4.14.0;2025-12-14 06:03:06;Hi... Terima kasih atas review dan rating yang diberikan. Kami akan terus melakukan perbaikan dan penyempurnaan aplikasi Mobile JKN untuk memberikan kemudahan bagi peserta dan calon peserta JKN. Jika ada kendala, Anda dapat menghubungi Care Center BPJS Kesehatan melalui nomor 165 (24 jam). Terima kasih.;2025-12-15 07:15:37;4.14.0;;;;;;;
dd852b42-6ee7-494f-ae50-d1d664edab41;Saleh Binsamin;https://play-lh.googleusercontent.com/a-/ALV-UjUhXelZOgRmZgtDdDxNaAfsWCgH9YoO0a3UbvX2f1wbctPa5vo;terbaik;5;0;4.14.0;2025-12-14 05:07:30;Hi... Terima kasih atas review dan rating yang diberikan. Kami akan terus melakukan perbaikan dan penyempurnaan aplikasi Mobile JKN untuk memberikan kemudahan bagi peserta dan calon peserta JKN. Jika ada kendala, Anda dapat menghubungi Care Center BPJS Kesehatan melalui nomor 165 (24 jam). Terima kasih.;2025-12-15 07:15:45;4.14.0;;;;;;;
0c636898-46ef-4b45-b508-fac9a8af1b84;mira erviana;https://play-lh.googleusercontent.com/a-/ALV-UjVQzDB2YhgJ_C16NjVd0TnyY_lCk6rJ_pSpFgF_JBHKAE6P3yM;mudah, dan kalau mau antrian tinggal online, jadi ga perlu ngantri lagi;5;0;;2025-12-14 05:00:23;Hi... Terima kasih atas review dan rating yang diberikan. Kami akan terus melakukan perbaikan dan penyempurnaan aplikasi Mobile JKN untuk memberikan kemudahan bagi peserta dan calon peserta JKN. Jika ada kendala, Anda dapat menghubungi Care Center BPJS Kesehatan melalui nomor 165 (24 jam). Terima kasih.;2025-12-15 07:15:41;;;;;;;;
5b3565ec-9377-4ab0-b248-ea96f27c33f4;Celline 30;https://play-lh.googleusercontent.com/a-/ALV-UjU80ZdF2-eKBb7mIw9TxrW7ISKY-GwMl-Ddm1lUjquFvLp-sxs;lmyan membantu;5;0;;2025-12-14 04:54:21;Hi... Terima kasih atas review dan rating yang diberikan. Kami akan terus melakukan perbaikan dan penyempurnaan aplikasi Mobile JKN untuk memberikan kemudahan bagi peserta dan calon peserta JKN. Jika ada kendala, Anda dapat menghubungi Care Center BPJS Kesehatan melalui nomor 165 (24 jam). Terima kasih.;2025-12-15 07:17:46;;;;;;;;
64d0134c-8eb7-4eae-af7b-c8b68cd16a0f;Ibnu 0289;https://play-lh.googleusercontent.com/a-/ALV-UjUE5LuXW5CzmFknvqNEU4gAADmKPCIFY3HJ70zgBQFXuLfVn8fk7Q;nice;5;0;;2025-12-14 04:26:08;Hi... Terima kasih atas review dan rating yang diberikan. Kami akan terus melakukan perbaikan dan penyempurnaan aplikasi Mobile JKN untuk memberikan kemudahan bagi peserta dan calon peserta JKN. Jika ada kendala, Anda dapat menghubungi Care Center BPJS Kesehatan melalui nomor 165 (24 jam). Terima kasih.;2025-12-15 07:17:44;;;;;;;;
1df9bd06-ef5e-4919-aaa2-d905440165e2;marina tabek;https://play-lh.googleusercontent.com/a/ACg8ocJHxFV3i2naeOqcUr2AhIVymmRiwm5TCCSWBixD4lmZ0Mny_Vc=mo;good;5;0;;2025-12-14 03:54:27;Hi... Terima kasih atas review dan rating yang diberikan. Kami akan terus melakukan perbaikan dan penyempurnaan aplikasi Mobile JKN untuk memberikan kemudahan bagi peserta dan calon peserta JKN. Jika ada kendala, Anda dapat menghubungi Care Center BPJS Kesehatan melalui nomor 165 (24 jam). Terima kasih.;2025-12-15 07:17:40;;;;;;;;
4bf8a919-1e60-4be6-aea1-48c45d450710;꧁ aA ndha ꧂;https://play-lh.googleusercontent.com/a-/ALV-UjVS-6TsrkoZn8X1mOcHN8vkyCITHDhHNpxgu6lm6OT1otXO7scz;sangat mudah;5;0;4.14.0;2025-12-14 03:52:13;Hi... Terima kasih atas review dan rating yang diberikan. Kami akan terus melakukan perbaikan dan penyempurnaan aplikasi Mobile JKN untuk memberikan kemudahan bagi peserta dan calon peserta JKN. Jika ada kendala, Anda dapat menghubungi Care Center BPJS Kesehatan melalui nomor 165 (24 jam). Terima kasih.;2025-12-15 07:17:50;4.14.0;;;;;;;
e117eea6-eeb2-4a12-8be9-25d580340729;Fandy Reski;https://play-lh.googleusercontent.com/a-/ALV-UjUmu4l6C3ivys-DcqFOJB7WMXgcdnLWUUNaLzQ2IdJp1EO8phGI7Q;sangat membantu;5;0;4.14.0;2025-12-14 03:26:25;Hi... Terima kasih atas review dan rating yang diberikan. Kami akan terus melakukan perbaikan dan penyempurnaan aplikasi Mobile JKN untuk memberikan kemudahan bagi peserta dan calon peserta JKN. Jika ada kendala, Anda dapat menghubungi Care Center BPJS Kesehatan melalui nomor 165 (24 jam). Terima kasih.;2025-12-15 07:17:54;4.14.0;;;;;;;
e4881d4c-115a-49b2-b108-937f9cf154a5;rinaldiyoski Warman;https://play-lh.googleusercontent.com/a/ACg8ocIcWzaUGZ95zlRMivsgoQ5kXC7ONDjTDQO9v4WsTAZbFSeuJQ=mo;terbaik;5;0;;2025-12-14 03:22:41;Hi... Terima kasih atas review dan rating yang diberikan. Kami akan terus melakukan perbaikan dan penyempurnaan aplikasi Mobile JKN untuk memberikan kemudahan bagi peserta dan calon peserta JKN. Jika ada kendala, Anda dapat menghubungi Care Center BPJS Kesehatan melalui nomor 165 (24 jam). Terima kasih.;2025-12-15 07:17:58;;;;;;;;
c4afdcf2-2113-43f1-be87-da0a5e603dd5;nida suhendi;https://play-lh.googleusercontent.com/a/ACg8ocLIkrOk8nk5Qb0sjiXsxSVVk9X_xbXSevAD45Ej01uZ4h3BZvY=mo;User friendly, mantal, sanvat membantu.;5;0;4.14.0;2025-12-14 03:15:33;Hi... Terima kasih atas review dan rating yang diberikan. Kami akan terus melakukan perbaikan dan penyempurnaan aplikasi Mobile JKN untuk memberikan kemudahan bagi peserta dan calon peserta JKN. Jika ada kendala, Anda dapat menghubungi Care Center BPJS Kesehatan melalui nomor 165 (24 jam). Terima kasih.;2025-12-15 07:18:00;4.14.0;;;;;;;
4cc36b7e-bbb9-42bf-a387-0c6668f3fc89;Muslich udin;https://play-lh.googleusercontent.com/a-/ALV-UjUXReuNAHA83lc7xL4vQqYXLpvXcB8yKUYtxd8dVdnbCqZc9aI;ok;5;0;;2025-12-14 02:58:47;Hi... Terima kasih atas review dan rating yang diberikan. Kami akan terus melakukan perbaikan dan penyempurnaan aplikasi Mobile JKN untuk memberikan kemudahan bagi peserta dan calon peserta JKN. Jika ada kendala, Anda dapat menghubungi Care Center BPJS Kesehatan melalui nomor 165 (24 jam). Terima kasih.;2025-12-15 07:18:04;;;;;;;;
25486e3c-a833-41fe-a3d9-623e1bed6e31;Wahyu Ferdianto;https://play-lh.googleusercontent.com/a-/ALV-UjVImT-wmG8B_WtcssSpg5NpDOY5_CPgR9QYT6wdDFJ-OViXrSRN;call center nya kurang bisa menangkap apa kendala yg diceritakan oleh pasien, dan kaga nyambung (soalnya kejadian berulang) ditanya apa jawab apa, perlu ditraining lg;1;1;4.14.0;2025-12-14 02:37:10;Mohon maaf atas ketidaknyamanannya. Terkait kendala yang dialami, Anda dapat menyampaikan kendala dengan melampirkan tangkapan layar/video dengan device lain ke alamat email : carecenter@bpjs-kesehatan.go.id untuk kemudahan proses tindak lanjut. Terima kasih.;2025-12-15 07:18:58;4.14.0;;;;;;;
188a0dfd-da95-4ca2-a349-b2a7471817db;Hadi Prayitno;https://play-lh.googleusercontent.com/a/ACg8ocK3JXsHoaAF4EfXxWusdWyH50DFoWKXQuWAnwMcYMbv7yxBLQ=mo;bagus tapi disayangkan sisa antrian tidak update;3;0;4.14.0;2025-12-14 02:29:53;Hi... Terima kasih atas review dan rating yang diberikan. Kami akan terus melakukan perbaikan dan penyempurnaan aplikasi Mobile JKN untuk memberikan kemudahan bagi peserta dan calon peserta JKN. Jika ada kendala, Anda dapat menghubungi Care Center BPJS Kesehatan melalui nomor 165 (24 jam). Terima kasih.;2025-12-15 07:26:55;4.14.0;;;;;;;
92ab6912-c1eb-49e8-87ec-b9163b1c33b8;Alwi Yuliansyah;https://play-lh.googleusercontent.com/a-/ALV-UjWY_T7tkt0dXMqKiNm-HO9PhsMY73N-FqK3YtbBG6ntH7ajd076;sangat membantu ,terimaksih;5;0;4.14.0;2025-12-14 02:29:20;Hi... Terima kasih atas review dan rating yang diberikan. Kami akan terus melakukan perbaikan dan penyempurnaan aplikasi Mobile JKN untuk memberikan kemudahan bagi peserta dan calon peserta JKN. Jika ada kendala, Anda dapat menghubungi Care Center BPJS Kesehatan melalui nomor 165 (24 jam). Terima kasih.;2025-12-15 07:26:24;4.14.0;;;;;;;
e92707a4-9822-4b67-a362-fe3083f3f507;Fahmi Zakaria;https://play-lh.googleusercontent.com/a-/ALV-UjUE15Z3frVFqUPn4jplc42luOY0jukPOb76vTos03_T7GCrsrM;maaf kenapa aplikasinya sejak diperbaharui bulan Oktober ngga bisa dibuka yah langsung out gitu pdhal kuota sama wifi lancar mohon bantuannya🙏;3;0;4.14.0;2025-12-14 02:20:56;"Mohon maaf atas ketidaknyamanannya. Jika Anda sudah memiliki user Pengguna Mobile JKN, dapat langsung masuk/login dengan menginput NIK KTP dan password yang sudah didaftarkan. atau lakukan registrasi Pengguna Mobile JKN terlebih dahulu (jika belum terdaftar user Mobile JKN) dengan memilih ""Daftar"". Terima kasih.";2025-12-15 07:27:29;4.14.0;;;;;;;
cf617f73-9813-4d0d-bce7-1ba5b2310bcc;Dikhi;https://play-lh.googleusercontent.com/a-/ALV-UjU4ryg4tcqVS2_CcoBcYh2yt644XtoALOtNI3k9cmUy2yfi0YAE;bapak saya gak bisa senyum, pernah struk, harus gitu verifikasi kudu senyum, gimana sih. terus harus gtu beda no HP, bapak udh sepuh, gak ngerti HP, no HP saya udh terdaftar dan gak bisa masukin no hp yg sama. ribet bener;1;0;4.14.0;2025-12-14 02:15:12;Mohon maaf atas ketidaknyamanannya. Terkait kendala tersebut, mohon dapat melakukan pendaftaran nomor handphone melalui Care Center BPJS Kesehatan melalui nomor 165 (24 jam) atau melalui email : carecenter@bpjs-kesehatan.go.id untuk kemudahan proses tindak lanjut. Terima kasih.;2025-12-15 07:20:33;4.14.0;;;;;;;
f0f76051-d7d6-44ee-aab8-8637a05e7714;Yuan Jhoansyah;https://play-lh.googleusercontent.com/a/ACg8ocLAsYfZH662XLiWQG1lEoojieautcA8UCnV6BrWwpIOMGL4=mo;Semoga bisa membantu pengobatan sy dgn adanya kartu mobile JKN ,yg seorang single mom;5;0;4.14.0;2025-12-14 01:49:34;Hi... Terima kasih atas review dan rating yang diberikan. Kami akan terus melakukan perbaikan dan penyempurnaan aplikasi Mobile JKN untuk memberikan kemudahan bagi peserta dan calon peserta JKN. Jika ada kendala, Anda dapat menghubungi Care Center BPJS Kesehatan melalui nomor 165 (24 jam). Terima kasih.;2025-12-15 07:24:33;4.14.0;;;;;;;
034e5757-a7f0-453e-aae5-9870133e227c;GIDON GIDON;https://play-lh.googleusercontent.com/a-/ALV-UjUp-LSnYNGCRkC9p7x4lRx665kHBeEQDyMvnT977casNHXLvRMy;sangat mempmudah Untuk melakukan pemeriksaan kesehatan;5;0;4.14.0;2025-12-14 01:25:30;Hi... Terima kasih atas review dan rating yang diberikan. Kami akan terus melakukan perbaikan dan penyempurnaan aplikasi Mobile JKN untuk memberikan kemudahan bagi peserta dan calon peserta JKN. Jika ada kendala, Anda dapat menghubungi Care Center BPJS Kesehatan melalui nomor 165 (24 jam). Terima kasih.;2025-12-15 07:24:33;4.14.0;;;;;;;
e58a9ca8-e63c-454f-97f4-8406b2d02633;Jamaludin Jamal;https://play-lh.googleusercontent.com/a/ACg8ocJPIKZedSyAVgFir3YympB81zf_G07xFGucnYtXVpHaetAuww=mo;saat bagus;5;0;4.14.0;2025-12-14 01:00:03;Hi... Terima kasih atas review dan rating yang diberikan. Kami akan terus melakukan perbaikan dan penyempurnaan aplikasi Mobile JKN untuk memberikan kemudahan bagi peserta dan calon peserta JKN. Jika ada kendala, Anda dapat menghubungi Care Center BPJS Kesehatan melalui nomor 165 (24 jam). Terima kasih.;2025-12-15 07:24:33;4.14.0;;;;;;;
f12f406d-a206-4f21-816b-0ecc01f225dd;Selim Damanik;https://play-lh.googleusercontent.com/a-/ALV-UjUl2x6Qx3g1dmHkaBUbCqRyC32Md_jgMnrc_IWqMuoiZ4mMB_8;Bagus;5;0;;2025-12-14 00:33:10;Hi... Terima kasih atas review dan rating yang diberikan. Kami akan terus melakukan perbaikan dan penyempurnaan aplikasi Mobile JKN untuk memberikan kemudahan bagi peserta dan calon peserta JKN. Jika ada kendala, Anda dapat menghubungi Care Center BPJS Kesehatan melalui nomor 165 (24 jam). Terima kasih.;2025-12-15 07:33:22;;;;;;;;
3dd315ac-d6b9-407e-bf96-d8af39290a61;Sahid;https://play-lh.googleusercontent.com/a/ACg8ocIpwo3ZCxuHpRzhMuo055IqsA4_cCK94yqgjBSWbFqpUd4_rQ=mo;registrasi susah banget. aplikasi macam apa ini. parah banget;1;0;4.14.0;2025-12-14 00:32:39;"Mohon maaf atas ketidaknyamanannya. Jika Anda sudah memiliki user Pengguna Mobile JKN, dapat langsung masuk/login dengan menginput NIK KTP dan password yang sudah didaftarkan. atau lakukan registrasi Pengguna Mobile JKN terlebih dahulu (jika belum terdaftar user Mobile JKN) dengan memilih ""Daftar"". Terima kasih.";2025-12-15 07:32:46;4.14.0;;;;;;;
1520224c-921c-4af8-acd8-d883e82e1120;Hari Setyo Soewasono;https://play-lh.googleusercontent.com/a/ACg8ocLL4jcSHegB9Ep5F70ee9GRHqyvx5NCsTGUHQj9Qu6mqv0nUA=mo;sering logout sendiri;3;0;4.14.0;2025-12-13 23:48:38;"Mohon maaf atas ketidaknyamanannya. Jika Anda sudah memiliki user Pengguna Mobile JKN, dapat langsung masuk/login dengan menginput NIK KTP dan password yang sudah didaftarkan. atau lakukan registrasi Pengguna Mobile JKN terlebih dahulu (jika belum terdaftar user Mobile JKN) dengan memilih ""Daftar"". Terima kasih.";2025-12-15 07:32:50;4.14.0;;;;;;;
f1cd1090-fd81-443a-9be9-fe0bf50cec51;Alfin Fidianto;https://play-lh.googleusercontent.com/a-/ALV-UjX8CjyzBpvfUp0C2quH4y24rI_QJPaFT_n5TM9ug-v17izBGGdk;bagus dan membantu;5;0;4.14.0;2025-12-13 23:46:06;Hi... Terima kasih atas review dan rating yang diberikan. Kami akan terus melakukan perbaikan dan penyempurnaan aplikasi Mobile JKN untuk memberikan kemudahan bagi peserta dan calon peserta JKN. Jika ada kendala, Anda dapat menghubungi Care Center BPJS Kesehatan melalui nomor 165 (24 jam). Terima kasih.;2025-12-15 07:33:19;4.14.0;;;;;;;
0b166a1c-45d4-4b1f-973c-6dc556c542d6;BENI SOPLA 9019;https://play-lh.googleusercontent.com/a/ACg8ocIwrzAiR_DMOB6NL0lVPHqp5iIpuBrTWiq76NI4ZqX1XPQq-A=mo;sangat Bagus;5;0;4.14.0;2025-12-13 23:33:00;Hi... Terima kasih atas review dan rating yang diberikan. Kami akan terus melakukan perbaikan dan penyempurnaan aplikasi Mobile JKN untuk memberikan kemudahan bagi peserta dan calon peserta JKN. Jika ada kendala, Anda dapat menghubungi Care Center BPJS Kesehatan melalui nomor 165 (24 jam). Terima kasih.;2025-12-15 07:33:41;4.14.0;;;;;;;
8291117a-1e4b-4c27-a196-ce3ee4521ba7;Mas1303 Surya;https://play-lh.googleusercontent.com/a-/ALV-UjU9JBeUVK6idLKg6uEpOdOTinZhVQ5dAptGBZgFZ1SaNW3xRnY;sangat berguna;5;0;;2025-12-13 23:15:37;Hi... Terima kasih atas review dan rating yang diberikan. Kami akan terus melakukan perbaikan dan penyempurnaan aplikasi Mobile JKN untuk memberikan kemudahan bagi peserta dan calon peserta JKN. Jika ada kendala, Anda dapat menghubungi Care Center BPJS Kesehatan melalui nomor 165 (24 jam). Terima kasih.;2025-12-15 07:33:16;;;;;;;;
cc4af2c3-dc84-41ba-a6f9-4cc1d674a9d8;Ujo Snellius Willebroad;https://play-lh.googleusercontent.com/a-/ALV-UjWbThyd3YbMHAMb_EI5CuwdUKNk3dNVOyZlkR-GUzSpwewNaESQ;Bagu sangat membantu proses kepesertaan;5;0;;2025-12-13 22:53:33;Hi... Terima kasih atas review dan rating yang diberikan. Kami akan terus melakukan perbaikan dan penyempurnaan aplikasi Mobile JKN untuk memberikan kemudahan bagi peserta dan calon peserta JKN. Jika ada kendala, Anda dapat menghubungi Care Center BPJS Kesehatan melalui nomor 165 (24 jam). Terima kasih.;2025-12-15 07:33:12;;;;;;;;
565f5396-d687-4dbe-b4a1-1946982a5f8f;Ruddin Al Jaelani;https://play-lh.googleusercontent.com/a-/ALV-UjXiBbKYotQNFmxsvJQi2BzvJnjbpb5Ihkg5k9bh1QEcK-EcwNsT-A;oke;4;0;4.14.0;2025-12-13 22:15:36;Hi... Terima kasih atas review dan rating yang diberikan. Kami akan terus melakukan perbaikan dan penyempurnaan aplikasi Mobile JKN untuk memberikan kemudahan bagi peserta dan calon peserta JKN. Jika ada kendala, Anda dapat menghubungi Care Center BPJS Kesehatan melalui nomor 165 (24 jam). Terima kasih.;2025-12-15 07:33:06;4.14.0;;;;;;;
07390689-1eed-42d4-89aa-f87e4d1e5d05;Bimasakti Pratama;https://play-lh.googleusercontent.com/a/ACg8ocJAl93Eq4Ukq2ZSDrbJMiV6sjM2of813dBVQlgfNW0MyYhhjg=mo;ok sip;5;0;4.14.0;2025-12-13 20:13:06;Hi... Terima kasih atas review dan rating yang diberikan. Kami akan terus melakukan perbaikan dan penyempurnaan aplikasi Mobile JKN untuk memberikan kemudahan bagi peserta dan calon peserta JKN. Jika ada kendala, Anda dapat menghubungi Care Center BPJS Kesehatan melalui nomor 165 (24 jam). Terima kasih.;2025-12-15 07:33:08;4.14.0;;;;;;;
213a35c7-be4d-430f-8e6a-42346f8eaf98;Buol Timur;https://play-lh.googleusercontent.com/a-/ALV-UjUYbI84HqPqN04XitiMP86WT8qGIV1L4-PQufVh-OaSetQ9JuGM;membantu pasien;5;0;4.14.0;2025-12-13 18:58:55;Hi... Terima kasih atas review dan rating yang diberikan. Kami akan terus melakukan perbaikan dan penyempurnaan aplikasi Mobile JKN untuk memberikan kemudahan bagi peserta dan calon peserta JKN. Jika ada kendala, Anda dapat menghubungi Care Center BPJS Kesehatan melalui nomor 165 (24 jam). Terima kasih.;2025-12-15 07:33:51;4.14.0;;;;;;;
1818ab6f-127d-4e80-b046-6069457f9ccb;Ayu Edih;https://play-lh.googleusercontent.com/a/ACg8ocKvZAx3IW-saoPzP3KM9zW6AOkfVwZHXCYFlCD6JQUsytqZyg=mo;mudah dan sangat membantu;5;0;4.14.0;2025-12-13 17:21:36;Hi... Terima kasih atas review dan rating yang diberikan. Kami akan terus melakukan perbaikan dan penyempurnaan aplikasi Mobile JKN untuk memberikan kemudahan bagi peserta dan calon peserta JKN. Jika ada kendala, Anda dapat menghubungi Care Center BPJS Kesehatan melalui nomor 165 (24 jam). Terima kasih.;2025-12-15 07:33:52;4.14.0;;;;;;;
cce79fc9-9b1c-41dc-9e30-ed81108ae441;Alisa Kusuma;https://play-lh.googleusercontent.com/a/ACg8ocLNvH6vPa_bl8ikumKPG_sv7nzv-sEbtdn0dZBtlSbnlUsOmQ=mo;bagua;5;0;4.14.0;2025-12-13 16:40:52;Hi... Terima kasih atas review dan rating yang diberikan. Kami akan terus melakukan perbaikan dan penyempurnaan aplikasi Mobile JKN untuk memberikan kemudahan bagi peserta dan calon peserta JKN. Jika ada kendala, Anda dapat menghubungi Care Center BPJS Kesehatan melalui nomor 165 (24 jam). Terima kasih.;2025-12-15 07:33:55;4.14.0;;;;;;;
8bc64895-7784-4f29-a3a7-4b88aa351e0c;adam official96;https://play-lh.googleusercontent.com/a-/ALV-UjXGN544HkRoH6oKFolfYfBmPqkGpZsIiBpjIss0i7xUrxXYqr65;mantip;5;0;;2025-12-13 16:08:52;Hi... Terima kasih atas review dan rating yang diberikan. Kami akan terus melakukan perbaikan dan penyempurnaan aplikasi Mobile JKN untuk memberikan kemudahan bagi peserta dan calon peserta JKN. Jika ada kendala, Anda dapat menghubungi Care Center BPJS Kesehatan melalui nomor 165 (24 jam). Terima kasih.;2025-12-15 07:33:59;;;;;;;;
ff10856d-e997-4a42-89c1-6421741c8707;GiN _san;https://play-lh.googleusercontent.com/a-/ALV-UjXcBDYKjLShL1PMzTlgAIVrnYAVujspvx1nU5NeGmKq52AUliY;sudah lumayan bagus, tapi masih bisa lebih dioptimalkan lagi. Jangan berhenti segini, terus kembangkan dan sempurnakan.;5;0;4.14.0;2025-12-13 15:52:47;Hi... Terima kasih atas review dan rating yang diberikan. Kami akan terus melakukan perbaikan dan penyempurnaan aplikasi Mobile JKN untuk memberikan kemudahan bagi peserta dan calon peserta JKN. Jika ada kendala, Anda dapat menghubungi Care Center BPJS Kesehatan melalui nomor 165 (24 jam). Terima kasih.;2025-12-15 07:34:23;4.14.0;;;;;;;
c16979db-0d0c-414a-842a-57ecec822417;Torius Ndruru (Torius);https://play-lh.googleusercontent.com/a-/ALV-UjUM7Uo_JQgt6tJAw_p6_8XYZH8TlIiKhTyYKnuzEKk5zPllDY_y;terimakasih mobile JKN sangat membantu 🙏🏻;5;0;4.14.0;2025-12-13 15:46:07;Hi... Terima kasih atas review dan rating yang diberikan. Kami akan terus melakukan perbaikan dan penyempurnaan aplikasi Mobile JKN untuk memberikan kemudahan bagi peserta dan calon peserta JKN. Jika ada kendala, Anda dapat menghubungi Care Center BPJS Kesehatan melalui nomor 165 (24 jam). Terima kasih.;2025-12-15 07:34:04;4.14.0;;;;;;;
a79435b9-cd53-480e-9af2-a20bd6b41e51;Zicky Ramdhani;https://play-lh.googleusercontent.com/a-/ALV-UjUMlbSLj5MNwJt0UZ7Z_w_GNybVBeBKnUmL2VXmGiFAA3BJGLI;app mantab;5;0;4.14.0;2025-12-13 15:33:28;Hi... Terima kasih atas review dan rating yang diberikan. Kami akan terus melakukan perbaikan dan penyempurnaan aplikasi Mobile JKN untuk memberikan kemudahan bagi peserta dan calon peserta JKN. Jika ada kendala, Anda dapat menghubungi Care Center BPJS Kesehatan melalui nomor 165 (24 jam). Terima kasih.;2025-12-15 07:34:08;4.14.0;;;;;;;
f957d2ef-8cdf-4448-98a0-9f3300bb1d0d;Denny Naiya;https://play-lh.googleusercontent.com/a-/ALV-UjUzwDa5qCfLSA1ELcT9mY4YLLZLUDIwyNl-F_zbCVijEcqw1Pk8;sudah bagus, dan tingkatkan lagi utk lebih bagus;5;0;4.14.0;2025-12-13 14:29:02;Hi... Terima kasih atas review dan rating yang diberikan. Kami akan terus melakukan perbaikan dan penyempurnaan aplikasi Mobile JKN untuk memberikan kemudahan bagi peserta dan calon peserta JKN. Jika ada kendala, Anda dapat menghubungi Care Center BPJS Kesehatan melalui nomor 165 (24 jam). Terima kasih.;2025-12-15 07:34:09;4.14.0;;;;;;;
c32d636f-4f31-4052-8a49-8f73b84fc1b7;Ummu Fahma;https://play-lh.googleusercontent.com/a/ACg8ocIgy-JWDktczI8nYfKway8Y3OmaM5MgnveCKvrcVAMGa59KTw=mo;lancar dan mudah;5;0;4.14.0;2025-12-13 14:19:35;Hi... Terima kasih atas review dan rating yang diberikan. Kami akan terus melakukan perbaikan dan penyempurnaan aplikasi Mobile JKN untuk memberikan kemudahan bagi peserta dan calon peserta JKN. Jika ada kendala, Anda dapat menghubungi Care Center BPJS Kesehatan melalui nomor 165 (24 jam). Terima kasih.;2025-12-15 07:34:13;4.14.0;;;;;;;
537628f3-8140-49cb-99be-4d54792ce9c1;Asep Maulana Yusup, S. E;https://play-lh.googleusercontent.com/a-/ALV-UjWncsFx7l2ry_aQqHHmcH77RgVkCE07553FDukt8fhDPJu678Yq;aplikasinya mudah di gunakan, fiturnya baik juga, semoga di barengi dengan real pelayan nya di dunia nyata nya😊🤲;5;0;;2025-12-13 14:13:42;Hi... Terima kasih atas review dan rating yang diberikan. Kami akan terus melakukan perbaikan dan penyempurnaan aplikasi Mobile JKN untuk memberikan kemudahan bagi peserta dan calon peserta JKN. Jika ada kendala, Anda dapat menghubungi Care Center BPJS Kesehatan melalui nomor 165 (24 jam). Terima kasih.;2025-12-15 07:34:18;;;;;;;;
b98d8d23-7c4f-4ff8-a65e-c55ba3c70929;Aad Riyanto;https://play-lh.googleusercontent.com/a/ACg8ocK90oSMrEdY4DaOodwb1DW_LvA9XYtdhyiW1gUOktJ3RwAg1Q=mo;bagus;4;0;4.14.0;2025-12-13 13:57:29;Hi... Terima kasih atas review dan rating yang diberikan. Kami akan terus melakukan perbaikan dan penyempurnaan aplikasi Mobile JKN untuk memberikan kemudahan bagi peserta dan calon peserta JKN. Jika ada kendala, Anda dapat menghubungi Care Center BPJS Kesehatan melalui nomor 165 (24 jam). Terima kasih.;2025-12-15 07:34:36;4.14.0;;;;;;;
1bc7e0ee-9faa-4bc0-972e-2b9c1e45027b;Siti Mariyam;https://play-lh.googleusercontent.com/a/ACg8ocJ2xwt72aMUhBVByjyvZ5VbbSlLqR-VJ7lA1nYjZxGehHZQuw=mo;Bagus dan cepat;5;0;4.14.0;2025-12-13 13:50:15;Hi... Terima kasih atas review dan rating yang diberikan. Kami akan terus melakukan perbaikan dan penyempurnaan aplikasi Mobile JKN untuk memberikan kemudahan bagi peserta dan calon peserta JKN. Jika ada kendala, Anda dapat menghubungi Care Center BPJS Kesehatan melalui nomor 165 (24 jam). Terima kasih.;2025-12-15 07:34:37;4.14.0;;;;;;;
3455086d-4b26-4e5b-bed7-4fab39a7eb6a;aleapingkan;https://play-lh.googleusercontent.com/a/ACg8ocJeKBy4SJqNHvlEYLrpQWqi2BCLQWyNMXxGIbcHXLvqUL9t4g=mo;aplikasi apaan bikin susah. orang mau berobat dipersulit, login begini verifikasi begitu. perbaiki lah!!;1;0;4.14.0;2025-12-13 13:47:14;"Mohon maaf atas ketidaknyamanannya. Jika Anda sudah memiliki user Pengguna Mobile JKN, dapat langsung masuk/login dengan menginput NIK KTP dan password yang sudah didaftarkan. atau lakukan registrasi Pengguna Mobile JKN terlebih dahulu (jika belum terdaftar user Mobile JKN) dengan memilih ""Daftar"". Terima kasih.";2025-12-15 07:35:24;4.14.0;;;;;;;
c1afb3b0-44cb-4e87-b7a1-901352b16712;Iriana Heni;https://play-lh.googleusercontent.com/a/ACg8ocInotSzBl6yqgU7e12zunfIkp-uNqQMpWe0Ct5greMNH16Imw=mo;memudahkan dalam pengaturan dan perubahan data tanpa antri;4;0;4.14.0;2025-12-13 13:44:49;Hi... Terima kasih atas review dan rating yang diberikan. Kami akan terus melakukan perbaikan dan penyempurnaan aplikasi Mobile JKN untuk memberikan kemudahan bagi peserta dan calon peserta JKN. Jika ada kendala, Anda dapat menghubungi Care Center BPJS Kesehatan melalui nomor 165 (24 jam). Terima kasih.;2025-12-15 07:34:41;4.14.0;;;;;;;
d66846bc-d8d9-42a0-89e0-f8400c019bf5;Ardi Gunawan88;https://play-lh.googleusercontent.com/a-/ALV-UjW2o8YgBXVvuLUHfDxEAa9R9UVw_eea7edUUq9lCuV6IIG466qL;aplikasi yang bagus untuk memudahkan penyelesaian BPJS;4;0;4.14.0;2025-12-13 13:25:05;Hi... Terima kasih atas review dan rating yang diberikan. Kami akan terus melakukan perbaikan dan penyempurnaan aplikasi Mobile JKN untuk memberikan kemudahan bagi peserta dan calon peserta JKN. Jika ada kendala, Anda dapat menghubungi Care Center BPJS Kesehatan melalui nomor 165 (24 jam). Terima kasih.;2025-12-15 07:34:44;4.14.0;;;;;;;
e73b3144-e076-4883-b605-d99dcb22d61e;Aisya Habibah;https://play-lh.googleusercontent.com/a/ACg8ocLI_4lpphAxYHI1y1TSpn8RTdhyjqhvcrxVvcFFrnAFuNcipQ=mo;karena erro ga jelas apk nya sering muncul permintaan belum di proses yang ini lah yang itu;2;0;4.14.0;2025-12-13 13:24:55;"Mohon maaf atas ketidaknyamanannya. Jika Anda sudah memiliki user Pengguna Mobile JKN, dapat langsung masuk/login dengan menginput NIK KTP dan password yang sudah didaftarkan. atau lakukan registrasi Pengguna Mobile JKN terlebih dahulu (jika belum terdaftar user Mobile JKN) dengan memilih ""Daftar"". Terima kasih.";2025-12-15 07:35:29;4.14.0;;;;;;;
83874336-16b3-4c41-a9ae-394f382b3d4c;sumiati ahnur;https://play-lh.googleusercontent.com/a/ACg8ocKqT1Ym2_Q7ycikHdfCd8A4quD5zDsvx__Fbv1STixWWfq_gA=mo;"Tiba-tiba saja akun saya keluar dan pas coba log in lagi sudah tidak bisa, meski sudah diulang beberapa kali pun dengan data-data yg dimasukkan juga sudah benar tetap tidak bisa. Alasan NIK salah, password salah, captcha salah, begitu saja terus ""(";1;0;4.14.0;2025-12-13 13:13:53;"Mohon maaf atas ketidaknyamanannya. Jika Anda sudah memiliki user Pengguna Mobile JKN, dapat langsung masuk/login dengan menginput NIK KTP dan password yang sudah didaftarkan. atau lakukan registrasi Pengguna Mobile JKN terlebih dahulu (jika belum terdaftar user Mobile JKN) dengan memilih ""Daftar"". Terima kasih.";2025-12-15 07:36:02;4.14.0;;;;;;;
816cd041-7076-4d09-b189-6d02176219a1;maya mayanti;https://play-lh.googleusercontent.com/a-/ALV-UjUV23I3Z-M0E1MCictfJkZHvs8aepYHiFms-bep_ze2vS-YIked;lebih mempercepat;5;0;4.14.0;2025-12-13 12:41:40;Hi... Terima kasih atas review dan rating yang diberikan. Kami akan terus melakukan perbaikan dan penyempurnaan aplikasi Mobile JKN untuk memberikan kemudahan bagi peserta dan calon peserta JKN. Jika ada kendala, Anda dapat menghubungi Care Center BPJS Kesehatan melalui nomor 165 (24 jam). Terima kasih.;2025-12-15 07:34:50;4.14.0;;;;;;;
90b5056f-16ea-4d02-bb70-cae9db43889b;Yusnia Maysaroh;https://play-lh.googleusercontent.com/a-/ALV-UjUyiY-HM473FEse5BIewjFfQS5ME3DkKaNy6g9qeptmF9jXrAw;Kk mau tanya kok di data jkn kepesertaan sebelum nya ada 2 orang tp pas sy cek lg yg muncul hanya 1 kak kenapa ya kak kira².;5;0;4.14.0;2025-12-13 12:37:06;Terkait hal tersebut, jika memang anggota keluarga dalam 1 (satu) KK memiliki segmen kepesertaan yang sama maka dalam 1 (satu) akun akan memunculkan semua anggota keluarga terdaftar. Jika terdapat anggota keluarga dengan segmen kepesertaan berbeda, maka silahkan dapat melakukan registrasi akun di perangkat berbeda. Terima kasih.;2025-12-15 07:35:00;4.14.0;;;;;;;
b4fedffc-feb1-4d12-b7f9-8a546fd75b38;Agung Jaya;https://play-lh.googleusercontent.com/a/ACg8ocLwIG1S1gR53fEQW0EeEmAydBnjx7ahZ2FHyTN4Tp_hmzRhog=mo;bagus;5;0;4.14.0;2025-12-13 12:36:01;Hi... Terima kasih atas review dan rating yang diberikan. Kami akan terus melakukan perbaikan dan penyempurnaan aplikasi Mobile JKN untuk memberikan kemudahan bagi peserta dan calon peserta JKN. Jika ada kendala, Anda dapat menghubungi Care Center BPJS Kesehatan melalui nomor 165 (24 jam). Terima kasih.;2025-12-15 07:35:02;4.14.0;;;;;;;
9052442c-9aa2-4118-938a-f0339203a1ca;Nerra Alfaeyza;https://play-lh.googleusercontent.com/a-/ALV-UjVd9Wo3kad6VDRuCvJ6A2PkCBOXDci_dPTXjmdNY8PhNizqyfzB;"aplikasi sangat membantu mempermudah,efisiensi waktu juga ga perlu ngantri dr jauh"" cukup daftar dpt langsung nomer pendaftaran";4;0;4.14.0;2025-12-13 12:34:58;Hi... Terima kasih atas review dan rating yang diberikan. Kami akan terus melakukan perbaikan dan penyempurnaan aplikasi Mobile JKN untuk memberikan kemudahan bagi peserta dan calon peserta JKN. Jika ada kendala, Anda dapat menghubungi Care Center BPJS Kesehatan melalui nomor 165 (24 jam). Terima kasih.;2025-12-15 07:38:16;4.14.0;;;;;;;
ded00572-3b6c-42ef-b8ac-dd434057d023;Yana Normalita;https://play-lh.googleusercontent.com/a/ACg8ocJoyF815zZ9sT0lXTQvetwV0vEJ9czbz7baAIwZsDo7rort5W0=mo;semoga semakin memudahkan teknologi nya;5;0;4.14.0;2025-12-13 12:31:33;Hi... Terima kasih atas review dan rating yang diberikan. Kami akan terus melakukan perbaikan dan penyempurnaan aplikasi Mobile JKN untuk memberikan kemudahan bagi peserta dan calon peserta JKN. Jika ada kendala, Anda dapat menghubungi Care Center BPJS Kesehatan melalui nomor 165 (24 jam). Terima kasih.;2025-12-15 07:38:20;4.14.0;;;;;;;
af625125-5888-4604-8a67-d346d94188b6;Liana Be happy;https://play-lh.googleusercontent.com/a-/ALV-UjW_7B7Rp9rZKCr1iNVkP4E5QULLgUyROtQ6w82WqJV8s5TTDcuKHw;saya pun mengalami sama bahkan terkunci smua di buka susah daftr dn masuk pun dah di coba..PD ke kunci smua;3;0;4.14.0;2025-12-13 12:28:48;"Mohon maaf atas ketidaknyamanannya. Jika Anda sudah memiliki user Pengguna Mobile JKN, dapat langsung masuk/login dengan menginput NIK KTP dan password yang sudah didaftarkan. atau lakukan registrasi Pengguna Mobile JKN terlebih dahulu (jika belum terdaftar user Mobile JKN) dengan memilih ""Daftar"". Terima kasih.";2025-12-15 07:36:16;4.14.0;;;;;;;
2533f055-fcc1-4561-85bf-bf684119f105;Thomas Welem Risakotta;https://play-lh.googleusercontent.com/a/ACg8ocJTdz9IVQgoUE3VH2aci5hG6xqJO-clkEOiQ3Xz0MKzczA_7Q=mo;sangat membantu;5;0;4.14.0;2025-12-13 12:04:09;Hi... Terima kasih atas review dan rating yang diberikan. Kami akan terus melakukan perbaikan dan penyempurnaan aplikasi Mobile JKN untuk memberikan kemudahan bagi peserta dan calon peserta JKN. Jika ada kendala, Anda dapat menghubungi Care Center BPJS Kesehatan melalui nomor 165 (24 jam). Terima kasih.;2025-12-15 07:38:12;4.14.0;;;;;;;
981b600c-43dd-450f-8a6e-d439a36520f1;Zahwa Nadia;https://play-lh.googleusercontent.com/a/ACg8ocLcp8nlQOiVuWn8RleZ-Z9DKr870C-xaL9nIlq-7nyuAL6e=mo;pelayanan nya semakin hari semakin baik trima kasih buat buat layanan kesehatan terutama di desa kami;5;0;4.14.0;2025-12-13 12:03:35;Hi... Terima kasih atas review dan rating yang diberikan. Kami akan terus melakukan perbaikan dan penyempurnaan aplikasi Mobile JKN untuk memberikan kemudahan bagi peserta dan calon peserta JKN. Jika ada kendala, Anda dapat menghubungi Care Center BPJS Kesehatan melalui nomor 165 (24 jam). Terima kasih.;2025-12-15 07:38:24;4.14.0;;;;;;;
d2b0bde3-8eb1-4c1e-a429-260721d53749;Ferlin Novita;https://play-lh.googleusercontent.com/a-/ALV-UjVHrYCnbIhmGSCf6PDAWubelVK7GOEONoXTeMBx8p1XvQ83TovR;MANTAPPP;5;0;4.14.0;2025-12-13 11:49:33;Hi... Terima kasih atas review dan rating yang diberikan. Kami akan terus melakukan perbaikan dan penyempurnaan aplikasi Mobile JKN untuk memberikan kemudahan bagi peserta dan calon peserta JKN. Jika ada kendala, Anda dapat menghubungi Care Center BPJS Kesehatan melalui nomor 165 (24 jam). Terima kasih.;2025-12-15 07:38:07;4.14.0;;;;;;;
3a39b5d2-8426-4dfd-bb25-010b52ac9530;Putra Radittya;https://play-lh.googleusercontent.com/a-/ALV-UjU_hzgF1mptnhvvZlbpZozZEbcSb1if0ncW6P-qB4K6JFmQMzA;sangat membantu;5;0;4.14.0;2025-12-13 11:47:52;Hi... Terima kasih atas review dan rating yang diberikan. Kami akan terus melakukan perbaikan dan penyempurnaan aplikasi Mobile JKN untuk memberikan kemudahan bagi peserta dan calon peserta JKN. Jika ada kendala, Anda dapat menghubungi Care Center BPJS Kesehatan melalui nomor 165 (24 jam). Terima kasih.;2025-12-15 07:38:09;4.14.0;;;;;;;
119c9da9-6473-4e59-9a59-c238ffd33a82;Dery Pedro (Bang kunthul);https://play-lh.googleusercontent.com/a/ACg8ocKsVzHsQjWXNF5vLgsVVTTCpGeeSm5PYmB5vH1MqYMCYQdrZuGN=mo;sangat membantu sekali;5;0;4.14.0;2025-12-13 11:46:03;Hi... Terima kasih atas review dan rating yang diberikan. Kami akan terus melakukan perbaikan dan penyempurnaan aplikasi Mobile JKN untuk memberikan kemudahan bagi peserta dan calon peserta JKN. Jika ada kendala, Anda dapat menghubungi Care Center BPJS Kesehatan melalui nomor 165 (24 jam). Terima kasih.;2025-12-15 07:38:04;4.14.0;;;;;;;
087a5eb6-e362-4e51-a442-83e5832a1aa3;mirna najamuddin;https://play-lh.googleusercontent.com/a-/ALV-UjWQejx68Kvbe_xdlhKpfqZIe2zV0fsHVuJtgk7nFJ3foL4ZSHE;lupa Pasword, pas Mau recreate malah katanya Nomor telpon dan email salah. padahal Ndak pernah Ganti nomor😞😞;1;0;4.13.1;2025-12-13 11:31:08;Mohon maaf atas ketidaknyamanannya. Pastikan alamat email Anda telah terdaftar di sistem BPJS Kesehatan sebelumnya. Anda dapat melakukan pendaftaran data nomor handphone serta email melalui Care Center BPJS Kesehatan melalui nomor 165 (24 jam) atau melalui email : carecenter@bpjs-kesehatan.go.id untuk kemudahan proses tindak lanjut. Terima kasih.;2025-12-15 07:36:35;4.13.1;;;;;;;
ffaa2374-c81a-4f81-8778-e82dd8194195;Sartikasari Treni;https://play-lh.googleusercontent.com/a-/ALV-UjUjvbShXRQytWGvjbZCxrhgOBvSCRqrCpEckty9vsvrkDYLuoMH;Saat mau perpanjang rujukan dari klinik di kota Bandung dipindahkan Faskes I ke puskesmas Cibeureum Tasikmalaya saya kira Cibeureum Cimahi setelah cek JKN mobile ternyata Cibeureum Tasikmalaya secara otomatis sehingga petugas klinik tdk bisa membantu.tolong perbaiki Askesnya kasihan kan lansia yg harusnya tiap bulan berobat sdh 3bln tdk berobat;1;0;;2025-12-13 11:29:34;Mohon maaf atas ketidaknyamanannya. Untuk kenyamanan dan keamanan dalam mendapatkan informasi dan menyampaikan pengaduan terkait program JKN-KIS, mohon dapat menyampaikan data identitas Anda melalui Care Center 165 (24 Jam) atau fitur “Pengaduan Layanan JKN” pada Mobile JKN. Terima kasih.;2025-12-15 07:36:48;;;;;;;;
524503c6-bfc2-4100-aaa6-5b7647dd4285;Samsara Taqwa;https://play-lh.googleusercontent.com/a-/ALV-UjWBBw_a3n7efiSbbbgMpHmVzk7WLuQhdl5PDpRDTGVQTpc6X9o;pelayanan nya sangat memuaskan;5;0;4.12.0;2025-12-13 11:24:41;Hi... Terima kasih atas review dan rating yang diberikan. Kami akan terus melakukan perbaikan dan penyempurnaan aplikasi Mobile JKN untuk memberikan kemudahan bagi peserta dan calon peserta JKN. Jika ada kendala, Anda dapat menghubungi Care Center BPJS Kesehatan melalui nomor 165 (24 jam). Terima kasih.;2025-12-15 07:38:40;4.12.0;;;;;;;
cfa610bc-e236-488f-b856-c33eab9c7d0e;Doni C Pratama;https://play-lh.googleusercontent.com/a-/ALV-UjUJP3k5bPti5ZsgYyJgJ_dmQprNd7o-qk1vfFhG4UBo1TfV3m1R;sesusah ini mau berobat dinegeri sendiri padahal ini juga kita kita yg bayar bukan pemerintah kecuali pbi.. mau masuk ajah harus pake autodebit.. lu gila apa gimana? mau curi uang rakyat lagi scr diam diam? bahaya bgt ini fitur autodebit;1;0;4.14.0;2025-12-13 11:22:47;Mohon maaf atas ketidaknyamanannya. Untuk kenyamanan dan keamanan dalam mendapatkan informasi dan menyampaikan pengaduan terkait program JKN-KIS, mohon dapat menyampaikan data identitas Anda melalui Care Center 165 (24 Jam) atau fitur “Pengaduan Layanan JKN” pada Mobile JKN. Terima kasih.;2025-12-15 07:39:59;4.14.0;;;;;;;
43f5d7b8-49f0-483b-96b3-08212078eade;Ra Official;https://play-lh.googleusercontent.com/a-/ALV-UjVPnNt6NDDhwgKsusnkJF3xBvNNJVkbSCsRxxj5jQztLqHHUlE;layanan terbaik;5;0;;2025-12-13 11:14:43;Hi... Terima kasih atas review dan rating yang diberikan. Kami akan terus melakukan perbaikan dan penyempurnaan aplikasi Mobile JKN untuk memberikan kemudahan bagi peserta dan calon peserta JKN. Jika ada kendala, Anda dapat menghubungi Care Center BPJS Kesehatan melalui nomor 165 (24 jam). Terima kasih.;2025-12-15 07:38:43;;;;;;;;
c4be0e7b-a29e-47cf-8716-6d0881bff50c;Nur Jannah;https://play-lh.googleusercontent.com/a-/ALV-UjXgcTkmnxAs6-HxP5H0EnImmpvy-s2TvahU21XIcegnh7hE3A;sangat membantu;5;0;4.14.0;2025-12-13 10:46:09;Hi... Terima kasih atas review dan rating yang diberikan. Kami akan terus melakukan perbaikan dan penyempurnaan aplikasi Mobile JKN untuk memberikan kemudahan bagi peserta dan calon peserta JKN. Jika ada kendala, Anda dapat menghubungi Care Center BPJS Kesehatan melalui nomor 165 (24 jam). Terima kasih.;2025-12-15 07:40:07;4.14.0;;;;;;;
eb7a02af-e83d-4500-a3b2-ca9cc9b4d570;Indra Saka 376 (Indra saka);https://play-lh.googleusercontent.com/a-/ALV-UjUkOtJfVLXTfM_mpcO8NJeIZgg-ZJusXVmR4EWr4LXVX_1UcnTF;ok;5;0;4.14.0;2025-12-13 10:39:39;Hi... Terima kasih atas review dan rating yang diberikan. Kami akan terus melakukan perbaikan dan penyempurnaan aplikasi Mobile JKN untuk memberikan kemudahan bagi peserta dan calon peserta JKN. Jika ada kendala, Anda dapat menghubungi Care Center BPJS Kesehatan melalui nomor 165 (24 jam). Terima kasih.;2025-12-15 07:38:48;4.14.0;;;;;;;
75ea7c31-148b-44f5-a0c6-e1cc8318cabc;Dewi Sintasari;https://play-lh.googleusercontent.com/a/ACg8ocJVQ47bNkbQI11AawbuKdTTYCa3kxnR0KsbAOjMEoyDlZfB_Q=mo;bagus;5;0;;2025-12-13 10:35:39;Hi... Terima kasih atas review dan rating yang diberikan. Kami akan terus melakukan perbaikan dan penyempurnaan aplikasi Mobile JKN untuk memberikan kemudahan bagi peserta dan calon peserta JKN. Jika ada kendala, Anda dapat menghubungi Care Center BPJS Kesehatan melalui nomor 165 (24 jam). Terima kasih.;2025-12-15 07:39:42;;;;;;;;
7307bd43-0680-4a6d-a196-65d4a838622a;IMAM EKO SUSILO;https://play-lh.googleusercontent.com/a/ACg8ocJlbSObUNWc6E8JdUchWRb4gUvwpLFqT06GlXzNOOpzAKhVzA=mo;oke lah kalo begitu;5;0;4.14.0;2025-12-13 10:35:12;Hi... Terima kasih atas review dan rating yang diberikan. Kami akan terus melakukan perbaikan dan penyempurnaan aplikasi Mobile JKN untuk memberikan kemudahan bagi peserta dan calon peserta JKN. Jika ada kendala, Anda dapat menghubungi Care Center BPJS Kesehatan melalui nomor 165 (24 jam). Terima kasih.;2025-12-15 07:38:53;4.14.0;;;;;;;
bfb2133d-4b97-49a4-9b9f-8ed9fd46e14d;3113 Yudi resa agustin;https://play-lh.googleusercontent.com/a-/ALV-UjWFKFlnX6S33eaRvGLXLULXGhMkV4RoVT2W4Q2Yov4VceDRH8xN;untuk Developernya coba dong untuk pengisian skrining kesehatan di pisahkan aja jangan pas pengambilan antrian kita harus ngisi skrining dulu kelamaan min soalnya ga semua orang punya hp bagus jadi kadang pas mau isi skrining kesehatan ga muncul apa apa di hp saya ditungguin berapa jam juga ga muncul apa apa kalo ibu saya mau berobat gabisa ambil antrian.semoga dapat di mengerti makasih;4;0;4.14.0;2025-12-13 10:34:25;Mohon maaf atas ketidaknyamanannya. Kami akan terus melakukan perbaikan dan penyempurnaan aplikasi Mobile JKN untuk memberikan kemudahan bagi peserta dan calon peserta JKN. Jika ada kendala, Anda dapat menghubungi Care Center BPJS Kesehatan melalui nomor 165 (24 jam). Terima kasih.;2025-12-15 07:39:40;4.14.0;;;;;;;
4d40838d-16bd-4d54-b977-862ae6b7a01e;Richard Ranboki;https://play-lh.googleusercontent.com/a-/ALV-UjXH6OzFBmmvhNWk0TgcQBYamXXgBCbOZX5xCI-5x6-sbMq2qa8;mantap;5;0;4.14.0;2025-12-13 10:34:12;Hi... Terima kasih atas review dan rating yang diberikan. Kami akan terus melakukan perbaikan dan penyempurnaan aplikasi Mobile JKN untuk memberikan kemudahan bagi peserta dan calon peserta JKN. Jika ada kendala, Anda dapat menghubungi Care Center BPJS Kesehatan melalui nomor 165 (24 jam). Terima kasih.;2025-12-15 07:40:12;4.14.0;;;;;;;
48324d77-670b-4361-a3b4-2fa54d936d6f;YULIANTO;https://play-lh.googleusercontent.com/a-/ALV-UjW5RWf5q-MeRcWDj4Z7R-NL4D6HBLR6-CqkBQ5hlRX6DHkgP58yHw;sudah di update tidak bisa login;1;0;4.6.0;2025-12-13 10:33:00;"Mohon maaf atas ketidaknyamanannya. Jika Anda sudah memiliki user Pengguna Mobile JKN, dapat langsung masuk/login dengan menginput NIK KTP dan password yang sudah didaftarkan. atau lakukan registrasi Pengguna Mobile JKN terlebih dahulu (jika belum terdaftar user Mobile JKN) dengan memilih ""Daftar"". Terima kasih.";2025-12-15 07:39:11;4.6.0;;;;;;;
55e63f03-3835-46c4-b462-d32a96c3d92e;Ahmad Sihabbudin;https://play-lh.googleusercontent.com/a-/ALV-UjX2s0ZarrxrnSab0qKKlm91VDR3_gFmFXcB0M0BpVpltj7Fw6dM;cukup bagus pelayanannya cepat sigap;4;0;4.14.0;2025-12-13 09:57:17;Hi... Terima kasih atas review dan rating yang diberikan. Kami akan terus melakukan perbaikan dan penyempurnaan aplikasi Mobile JKN untuk memberikan kemudahan bagi peserta dan calon peserta JKN. Jika ada kendala, Anda dapat menghubungi Care Center BPJS Kesehatan melalui nomor 165 (24 jam). Terima kasih.;2025-12-15 08:27:53;4.14.0;;;;;;;
5559a120-55b3-488c-8017-a5c5b806dff3;Endi Loin;https://play-lh.googleusercontent.com/a-/ALV-UjVRM_KyiSTeYZz--c3_UDJNE3g_DuAgTwWAQbLOb3aEYr4NgDE;good;5;0;4.14.0;2025-12-13 09:51:39;Hi... Terima kasih atas review dan rating yang diberikan. Kami akan terus melakukan perbaikan dan penyempurnaan aplikasi Mobile JKN untuk memberikan kemudahan bagi peserta dan calon peserta JKN. Jika ada kendala, Anda dapat menghubungi Care Center BPJS Kesehatan melalui nomor 165 (24 jam). Terima kasih.;2025-12-15 08:27:53;4.14.0;;;;;;;
3df79cc8-15e0-41a2-91da-87b7a8a00b36;Ananda Putra;https://play-lh.googleusercontent.com/a-/ALV-UjWqz0uR53EMihMnx0rpAvInQdu-AKZBzjdEnfcJkqElFpG3C63N;gabisa login jinx, update apasih klo msih gabisa login;1;0;4.14.0;2025-12-13 09:44:27;"Mohon maaf atas ketidaknyamanannya. Jika Anda sudah memiliki user Pengguna Mobile JKN, dapat langsung masuk/login dengan menginput NIK KTP dan password yang sudah didaftarkan. atau lakukan registrasi Pengguna Mobile JKN terlebih dahulu (jika belum terdaftar user Mobile JKN) dengan memilih ""Daftar"". Terima kasih.";2025-12-15 08:28:16;4.14.0;;;;;;;
bc52557c-489d-433c-8e8d-440defbf3910;panji semirang;https://play-lh.googleusercontent.com/a-/ALV-UjWYgEGao0dhFR_6t6LK9XCpaXeDY679cEQgueYTbq1wwCXsO_qd;sangat membantu;5;0;4.14.0;2025-12-13 09:43:26;Hi... Terima kasih atas review dan rating yang diberikan. Kami akan terus melakukan perbaikan dan penyempurnaan aplikasi Mobile JKN untuk memberikan kemudahan bagi peserta dan calon peserta JKN. Jika ada kendala, Anda dapat menghubungi Care Center BPJS Kesehatan melalui nomor 165 (24 jam). Terima kasih.;2025-12-15 08:27:52;4.14.0;;;;;;;
746cce23-ed4e-4923-a654-3d833de762c1;Nurul Rahmawati;https://play-lh.googleusercontent.com/a/ACg8ocK_0-EuCcN4qe_22A0p5ah3b3ShHAHefqMpXVp7F0Hwjl9iwQ=mo;sangat sangat membantu...;5;0;4.14.0;2025-12-13 09:43:00;Hi... Terima kasih atas review dan rating yang diberikan. Kami akan terus melakukan perbaikan dan penyempurnaan aplikasi Mobile JKN untuk memberikan kemudahan bagi peserta dan calon peserta JKN. Jika ada kendala, Anda dapat menghubungi Care Center BPJS Kesehatan melalui nomor 165 (24 jam). Terima kasih.;2025-12-15 08:27:52;4.14.0;;;;;;;
58ed9e7a-a121-4788-8726-69af9f8d2f96;Achmad Wardhana;https://play-lh.googleusercontent.com/a-/ALV-UjWP42WN-cTKH_r4SaQyv-tiCSjSawcxXZgx4XbzvqHpPFMcz7F_;Aplikasi yg Sangat bermanfaat utk kita lbih mudah Mengakses Pelayanan.;5;0;4.14.0;2025-12-13 09:35:56;Hi... Terima kasih atas review dan rating yang diberikan. Kami akan terus melakukan perbaikan dan penyempurnaan aplikasi Mobile JKN untuk memberikan kemudahan bagi peserta dan calon peserta JKN. Jika ada kendala, Anda dapat menghubungi Care Center BPJS Kesehatan melalui nomor 165 (24 jam). Terima kasih.;2025-12-15 08:27:52;4.14.0;;;;;;;
ad9b22b0-60f1-4ab6-b259-a2a7045c77d5;Nelcy Indry Palpialy;https://play-lh.googleusercontent.com/a-/ALV-UjUjxR8bl1gqgE2fEDovSRZwN1hORrEthqg64Z-sal2bOTTYyI2C;apk sangat membantu, pelayanan faskes dan poli cepat;5;0;4.14.0;2025-12-13 09:31:11;Hi... Terima kasih atas review dan rating yang diberikan. Kami akan terus melakukan perbaikan dan penyempurnaan aplikasi Mobile JKN untuk memberikan kemudahan bagi peserta dan calon peserta JKN. Jika ada kendala, Anda dapat menghubungi Care Center BPJS Kesehatan melalui nomor 165 (24 jam). Terima kasih.;2025-12-15 08:27:52;4.14.0;;;;;;;
f09e5066-944c-4204-87d9-3f9d5a64e7c3;Sartika Dewi;https://play-lh.googleusercontent.com/a/ACg8ocJI6MFNgl2Pv47AeE_knvQHuDaB2tirRxCE289S66skbJCXjA=mo;sangat membantu pendapataran dg mudah;5;0;4.14.0;2025-12-13 09:10:36;Hi... Terima kasih atas review dan rating yang diberikan. Kami akan terus melakukan perbaikan dan penyempurnaan aplikasi Mobile JKN untuk memberikan kemudahan bagi peserta dan calon peserta JKN. Jika ada kendala, Anda dapat menghubungi Care Center BPJS Kesehatan melalui nomor 165 (24 jam). Terima kasih.;2025-12-15 08:27:52;4.14.0;;;;;;;
2570b63e-3d10-4729-adb4-b858339fbbcd;Umi Arfiyanti;https://play-lh.googleusercontent.com/a-/ALV-UjWQdp2_3kQ1jej1Z_40_SJ0aEuyoUGpfJ1I1IHia1D9tZGJCrA;Aplikasi sampah....kalau ada bintang 0, saya kasih 0....apalagi CS nya;1;0;4.14.0;2025-12-13 08:59:30;Mohon maaf atas ketidaknyamanannya. Terkait kendala yang dialami, Anda dapat menyampaikan kendala dengan melampirkan tangkapan layar/video dengan device lain ke alamat email : carecenter@bpjs-kesehatan.go.id untuk kemudahan proses tindak lanjut. Terima kasih.;2025-12-15 08:27:59;4.14.0;;;;;;;
269240dc-b962-405b-a77d-4fb3a19ed8ce;Fauzi Al Bashar;https://play-lh.googleusercontent.com/a-/ALV-UjX2GOzCZVEB8ghWv6_hi49d6X4TRnnuXhs8Vpz9GM9Nf3yZ6ZPd;mantap;5;0;4.14.0;2025-12-13 08:55:58;Hi... Terima kasih atas review dan rating yang diberikan. Kami akan terus melakukan perbaikan dan penyempurnaan aplikasi Mobile JKN untuk memberikan kemudahan bagi peserta dan calon peserta JKN. Jika ada kendala, Anda dapat menghubungi Care Center BPJS Kesehatan melalui nomor 165 (24 jam). Terima kasih.;2025-12-15 08:28:00;4.14.0;;;;;;;
648c245c-3305-40dc-b8a0-d87669fc6ccf;Edy Sucipto;https://play-lh.googleusercontent.com/a-/ALV-UjUZktFzdKGPDIZ8zI4fp3oEhC5Kxoy6QiSo-gh4S56LAV4hkTE;Sangat membantu dalam proses penangan kasus , maaf umur saya 68 thn tak mungkin saya sebagai karyawan perusahaan maka sebagai masukan ,aplikasi baru ada koreksi untuk hal tsb 🙏🙏🙏 karena pembayaran BPJS di tanggung putri saya;5;0;4.14.0;2025-12-13 08:51:12;Hi... Terima kasih atas review dan rating yang diberikan. Kami akan terus melakukan perbaikan dan penyempurnaan aplikasi Mobile JKN untuk memberikan kemudahan bagi peserta dan calon peserta JKN. Jika ada kendala, Anda dapat menghubungi Care Center BPJS Kesehatan melalui nomor 165 (24 jam). Terima kasih.;2025-12-11 04:19:06;4.14.0;;;;;;;
9bbca792-6548-4d4e-a821-e6ccfc19fd3b;Rudinsi Rambu Luna;https://play-lh.googleusercontent.com/a/ACg8ocK9pB-z-rYe8oT7-CARJkojul_jLXUkMn-a0XyikbSIPtgGpPk=mo;sangat membantu;5;0;4.14.0;2025-12-13 08:40:56;Hi... Terima kasih atas review dan rating yang diberikan. Kami akan terus melakukan perbaikan dan penyempurnaan aplikasi Mobile JKN untuk memberikan kemudahan bagi peserta dan calon peserta JKN. Jika ada kendala, Anda dapat menghubungi Care Center BPJS Kesehatan melalui nomor 165 (24 jam). Terima kasih.;2025-12-15 08:28:36;4.14.0;;;;;;;
1e40d1ae-f662-4e55-8ded-7ad6d7ee0121;Anggun Fadilah;https://play-lh.googleusercontent.com/a/ACg8ocJ9PpNhITIyQtHpVGkorimI4N0clrv141DzeaFJV-BxKyntKA=mo;udah bgs bgt apa apa pake jkn jd ga perlu antri manual,TAPI setiap login ga bisa padahal nik dan pswd sudah benar tolong dong ini gimana ,salah mulu padahal udah benerrrrr ,kalo keluar apk dan mau buka apk lg perlu login mulu kesel bgt gue ,dan pas login malah salah mulu bacaannya pdhl udh bnr;3;0;4.14.0;2025-12-13 08:35:47;Mohon maaf atas ketidaknyamanannya. Terkait kendala tersebut, mohon agar dapat memastikan kombinasi kata sandi yang dimasukkan. Jika masih terdapat kesalahan, dapat kami sarankan agar Bapak/Ibu memilih menu “Lupa Kata Sandi”. Selanjutnya masukkan Nomor Induk Kependudukan dan Captcha. Terima kasih.;2025-12-15 08:30:19;4.14.0;;;;;;;
e55bd116-d676-45bd-a6fa-8707d67da97b;Abdul Rifai;https://play-lh.googleusercontent.com/a/ACg8ocJwQ7E6ptYXQMsocTwsbdYNP7VPFCbqBIiIDFhFY47YbuTZU_Wv=mo;sangat baik sekali;5;0;4.14.0;2025-12-13 07:51:36;Hi... Terima kasih atas review dan rating yang diberikan. Kami akan terus melakukan perbaikan dan penyempurnaan aplikasi Mobile JKN untuk memberikan kemudahan bagi peserta dan calon peserta JKN. Jika ada kendala, Anda dapat menghubungi Care Center BPJS Kesehatan melalui nomor 165 (24 jam). Terima kasih.;2025-12-15 08:28:40;4.14.0;;;;;;;
02034b8c-1225-4d0d-a74d-75799cd9472d;fadtheland mustofa;https://play-lh.googleusercontent.com/a-/ALV-UjWRoxPGrevKsSMMDUJSSsBoB0nP00NpU_pW2Mb7B6-WZToBX2s;aplikasi yg sangat memudahkan;5;0;;2025-12-13 07:47:48;Hi... Terima kasih atas review dan rating yang diberikan. Kami akan terus melakukan perbaikan dan penyempurnaan aplikasi Mobile JKN untuk memberikan kemudahan bagi peserta dan calon peserta JKN. Jika ada kendala, Anda dapat menghubungi Care Center BPJS Kesehatan melalui nomor 165 (24 jam). Terima kasih.;2025-12-15 08:28:44;;;;;;;;
70de0ed4-cc3f-4255-8c98-66dbd82de0a8;Ali Yani;https://play-lh.googleusercontent.com/a/ACg8ocIB5f9Qm7GJ9dppZoPM80oLjyLZ4uAjiaEHGLDgMBXFi6_ykg=mo;sangat membantu🙏👍;4;0;4.14.0;2025-12-13 07:29:10;Hi... Terima kasih atas review dan rating yang diberikan. Kami akan terus melakukan perbaikan dan penyempurnaan aplikasi Mobile JKN untuk memberikan kemudahan bagi peserta dan calon peserta JKN. Jika ada kendala, Anda dapat menghubungi Care Center BPJS Kesehatan melalui nomor 165 (24 jam). Terima kasih.;2025-12-15 08:28:45;4.14.0;;;;;;;
ac3b4808-ba08-4eec-ba09-c0f84c054858;maratus shalihah l can;https://play-lh.googleusercontent.com/a/ACg8ocKNUcsLvkiJyhexE9kxVi76t6AuWurAAxRPwYrb2f0xzL0g6w=mo;ok;3;0;4.12.0;2025-12-13 06:17:49;Hi... Terima kasih atas review dan rating yang diberikan. Kami akan terus melakukan perbaikan dan penyempurnaan aplikasi Mobile JKN untuk memberikan kemudahan bagi peserta dan calon peserta JKN. Jika ada kendala, Anda dapat menghubungi Care Center BPJS Kesehatan melalui nomor 165 (24 jam). Terima kasih.;2025-12-15 08:28:50;4.12.0;;;;;;;
5fb395e6-77f0-4b0c-8f45-93440d383fc5;Benny Hadijanto;https://play-lh.googleusercontent.com/a/ACg8ocIQCPkt7_74FZyx7SCW9BQMEgq_ohPoLcXjlaXA9v_OGBccHg=mo;Mempersingkat waktu pendaftaran ! 👌👍;5;0;4.14.0;2025-12-13 06:15:16;Hi... Terima kasih atas review dan rating yang diberikan. Kami akan terus melakukan perbaikan dan penyempurnaan aplikasi Mobile JKN untuk memberikan kemudahan bagi peserta dan calon peserta JKN. Jika ada kendala, Anda dapat menghubungi Care Center BPJS Kesehatan melalui nomor 165 (24 jam). Terima kasih.;2025-12-15 08:28:49;4.14.0;;;;;;;
841605b0-23ee-4d4c-9631-a989db656829;Genji Genjehhh;https://play-lh.googleusercontent.com/a-/ALV-UjXcTHdxy8MDESfSRK2R77wmxeGZFM17s2pp5S0zqjVyJ6ISM5w;SALDO JHT PT LAMA SAYA KEMANA ??? KOK ILANG ? KNPA CUMA SALDO JHT PT BARU SAYA YG TERDAFTAR ? SAYA INGAT AWAL JMO SAYA PUNYA 2 SALDO JHT. SEKARANG KNP CUMA SATU ? DAN SAYA BELUM CLAIM SALDO JHT PT LAMA SAYA. DASAR BPJS KORUP !! SARAN GW UTK YG PINDAH PT, MENDING KLAIM DULU PT YG LAMA BARU BUAT BARU. SEBELUM ILANG SALDO JHT PT LAMA KALIAN ! GK DA YG BERES !;1;0;;2025-12-13 05:35:49;JHT merupakan program milik BPJS Ketenagakerjaan. Mohon dapat melakukan konfirmasi kepada instansi terkait. Terima kasih.;2025-12-15 08:29:56;;;;;;;;
2d90fe81-9a39-4a3d-80c5-7ba4bc340b3b;Khoirur Rozikin96;https://play-lh.googleusercontent.com/a-/ALV-UjVi-Keim5c0N0GBbi9X6W0V5wOtMOvjxWwHRn85Shb1iJ8xefY;sangat membantu;5;0;4.14.0;2025-12-13 05:29:22;Hi... Terima kasih atas review dan rating yang diberikan. Kami akan terus melakukan perbaikan dan penyempurnaan aplikasi Mobile JKN untuk memberikan kemudahan bagi peserta dan calon peserta JKN. Jika ada kendala, Anda dapat menghubungi Care Center BPJS Kesehatan melalui nomor 165 (24 jam). Terima kasih.;2025-12-15 08:29:56;4.14.0;;;;;;;
afd86f33-68cb-468f-a064-f8295ed84d94;Elvan Zikri;https://play-lh.googleusercontent.com/a/ACg8ocLcCjPoMkk1O1jyJE73UKOupPH3X_AlEz-y-XWht2DBNmlCBg=mo;memudahkan jikala no kartu hilang;5;0;4.14.0;2025-12-13 05:24:50;Hi... Terima kasih atas review dan rating yang diberikan. Kami akan terus melakukan perbaikan dan penyempurnaan aplikasi Mobile JKN untuk memberikan kemudahan bagi peserta dan calon peserta JKN. Jika ada kendala, Anda dapat menghubungi Care Center BPJS Kesehatan melalui nomor 165 (24 jam). Terima kasih.;2025-12-15 08:31:10;4.14.0;;;;;;;
80bb63bd-bc13-4c77-a8e3-0cd99fc783d5;Zaky Tri Tri;https://play-lh.googleusercontent.com/a-/ALV-UjVAV3Adshdp6Q4Bl3BMjAboophejIjaXtgZ51HZvkZBRhYHaq5e;sangat mudah di gunakan dan sangat membantu sekali;5;0;4.14.0;2025-12-13 05:11:37;Hi... Terima kasih atas review dan rating yang diberikan. Kami akan terus melakukan perbaikan dan penyempurnaan aplikasi Mobile JKN untuk memberikan kemudahan bagi peserta dan calon peserta JKN. Jika ada kendala, Anda dapat menghubungi Care Center BPJS Kesehatan melalui nomor 165 (24 jam). Terima kasih.;2025-12-15 08:30:36;4.14.0;;;;;;;
2987a899-a475-41a9-b794-17a41588df2c;Syah Rizal;https://play-lh.googleusercontent.com/a/ACg8ocKeVqKrwb5zgg2yDZ2dyikgrWj_vhrARQmrWPzAcY3ZEmHxdxw=mo;JURDIL aja thanks;5;0;4.14.0;2025-12-13 05:07:17;Hi... Terima kasih atas review dan rating yang diberikan. Kami akan terus melakukan perbaikan dan penyempurnaan aplikasi Mobile JKN untuk memberikan kemudahan bagi peserta dan calon peserta JKN. Jika ada kendala, Anda dapat menghubungi Care Center BPJS Kesehatan melalui nomor 165 (24 jam). Terima kasih.;2025-12-15 08:31:12;4.14.0;;;;;;;
8bccaed7-1ed1-4e90-af7e-f9c9a2864ddb;Laowő Maru;https://play-lh.googleusercontent.com/a/ACg8ocIlZlkDU5IviuUAOci1CPxXliTB_Uj0Ggk0QaXDItWjfKnjag=mo;ok cepat;5;0;;2025-12-13 05:04:01;Hi... Terima kasih atas review dan rating yang diberikan. Kami akan terus melakukan perbaikan dan penyempurnaan aplikasi Mobile JKN untuk memberikan kemudahan bagi peserta dan calon peserta JKN. Jika ada kendala, Anda dapat menghubungi Care Center BPJS Kesehatan melalui nomor 165 (24 jam). Terima kasih.;2025-12-15 08:30:42;;;;;;;;
c72ab7ad-9278-4ea5-986e-20e78eefbf38;Achem Galaw;https://play-lh.googleusercontent.com/a-/ALV-UjUweZvif_Y1YCdM9y5lYEy_5wFnHqNpBz6Tph7k6FhfmKwRuXeK-w;mantap 👍🙏;5;0;4.14.0;2025-12-13 05:03:57;Hi... Terima kasih atas review dan rating yang diberikan. Kami akan terus melakukan perbaikan dan penyempurnaan aplikasi Mobile JKN untuk memberikan kemudahan bagi peserta dan calon peserta JKN. Jika ada kendala, Anda dapat menghubungi Care Center BPJS Kesehatan melalui nomor 165 (24 jam). Terima kasih.;2025-12-15 08:30:43;4.14.0;;;;;;;
fcafde9c-ce2b-4a67-a49a-ee3b362d69c7;Lilyk Robiadi;https://play-lh.googleusercontent.com/a-/ALV-UjUoHhR-23mv-ZL61_S7CQ0eIZTc9h3bnuxDzZTT7ck-fjDszL0;Bagus dan membantu sekali;5;0;4.14.0;2025-12-13 05:03:18;Hi... Terima kasih atas review dan rating yang diberikan. Kami akan terus melakukan perbaikan dan penyempurnaan aplikasi Mobile JKN untuk memberikan kemudahan bagi peserta dan calon peserta JKN. Jika ada kendala, Anda dapat menghubungi Care Center BPJS Kesehatan melalui nomor 165 (24 jam). Terima kasih.;2025-12-15 08:31:02;4.14.0;;;;;;;
6089cb5e-759e-4d32-a2a2-cad4ef607b1b;suhadi darsono;https://play-lh.googleusercontent.com/a-/ALV-UjXMWZCNe916fsHR0JVjcWaLtAOhoi0LXWRVP2cWnccDaJS6As9m;bagus dan sangat membantu thanks pemerintah Ri;5;0;;2025-12-13 04:53:42;Hi... Terima kasih atas review dan rating yang diberikan. Kami akan terus melakukan perbaikan dan penyempurnaan aplikasi Mobile JKN untuk memberikan kemudahan bagi peserta dan calon peserta JKN. Jika ada kendala, Anda dapat menghubungi Care Center BPJS Kesehatan melalui nomor 165 (24 jam). Terima kasih.;2025-12-15 08:30:59;;;;;;;;
989cd498-593d-4365-8945-8f95801c5918;Maruo Cibi;https://play-lh.googleusercontent.com/a/ACg8ocIcT8VQmQP-B5eEpCyqKZWgg9YDLLjXU-cBuq0TLgeNn_cTIg=mo;mantap;4;0;;2025-12-13 04:47:25;Hi... Terima kasih atas review dan rating yang diberikan. Kami akan terus melakukan perbaikan dan penyempurnaan aplikasi Mobile JKN untuk memberikan kemudahan bagi peserta dan calon peserta JKN. Jika ada kendala, Anda dapat menghubungi Care Center BPJS Kesehatan melalui nomor 165 (24 jam). Terima kasih.;2025-12-15 08:30:53;;;;;;;;
039f6f7f-3976-4025-b490-f8ab963e2695;Siti Kurnia;https://play-lh.googleusercontent.com/a/ACg8ocJcuFmUBEH6JhQmcMqLtzIPRLfjy6SEtfMOQ-MD-oyQF3IO3A=mo;Bagus;5;0;;2025-12-13 04:34:45;Hi... Terima kasih atas review dan rating yang diberikan. Kami akan terus melakukan perbaikan dan penyempurnaan aplikasi Mobile JKN untuk memberikan kemudahan bagi peserta dan calon peserta JKN. Jika ada kendala, Anda dapat menghubungi Care Center BPJS Kesehatan melalui nomor 165 (24 jam). Terima kasih.;2025-12-15 08:31:20;;;;;;;;
d425df65-0316-4048-b547-a892f6190270;Elis Zulfawati Abidin;https://play-lh.googleusercontent.com/a/ACg8ocJtKi3WOAm-cCGp0P3nO8Av0r7-ZAc-60O-VRFyl2H7Fw6b5g=mo;mudah digunakan, tidak banyak iklan, respon admin baik;5;0;;2025-12-13 04:05:31;Hi... Terima kasih atas review dan rating yang diberikan. Kami akan terus melakukan perbaikan dan penyempurnaan aplikasi Mobile JKN untuk memberikan kemudahan bagi peserta dan calon peserta JKN. Jika ada kendala, Anda dapat menghubungi Care Center BPJS Kesehatan melalui nomor 165 (24 jam). Terima kasih.;2025-12-15 08:31:08;;;;;;;;
c10ce045-979b-4174-af65-c3001e883a67;Maryati;https://play-lh.googleusercontent.com/a/ACg8ocLHkztgwKPI9S6C3OyQpzhiyQuHmu9Gw39r_ApHTfAyIiCvBA=mo;pelayanannya memuaskan;5;0;4.14.0;2025-12-13 03:41:42;Hi... Terima kasih atas review dan rating yang diberikan. Kami akan terus melakukan perbaikan dan penyempurnaan aplikasi Mobile JKN untuk memberikan kemudahan bagi peserta dan calon peserta JKN. Jika ada kendala, Anda dapat menghubungi Care Center BPJS Kesehatan melalui nomor 165 (24 jam). Terima kasih.;2025-12-15 08:31:30;4.14.0;;;;;;;
957db261-8a21-478c-aab6-227decc3d78e;Aris Muji;https://play-lh.googleusercontent.com/a-/ALV-UjWdfIOyiQA2WqISzn4lJYfuuaXqJpyB9rCUHotc76XjLBeorWSSlw;login nya kenapa gabisa, gak kyak biasanya;3;0;;2025-12-13 03:38:25;Mohon maaf atas ketidaknyamanannya. Terkait kendala tersebut, mohon agar dapat memastikan kombinasi kata sandi yang dimasukkan. Jika masih terdapat kesalahan, dapat kami sarankan agar Bapak/Ibu memilih menu “Lupa Kata Sandi”. Selanjutnya masukkan Nomor Induk Kependudukan dan Captcha. Terima kasih.;2025-12-15 08:32:15;;;;;;;;
0915a0f8-ef35-4ac0-8d36-7987b9ca9eff;Zaya Store;https://play-lh.googleusercontent.com/a/ACg8ocLgfidhnrYX1bEDRNSw7a4RIAL4UTR29QGQyWbKzpnG-1M7Bw=mo;mempermudah masyarakat;5;0;;2025-12-13 03:23:16;Hi... Terima kasih atas review dan rating yang diberikan. Kami akan terus melakukan perbaikan dan penyempurnaan aplikasi Mobile JKN untuk memberikan kemudahan bagi peserta dan calon peserta JKN. Jika ada kendala, Anda dapat menghubungi Care Center BPJS Kesehatan melalui nomor 165 (24 jam). Terima kasih.;2025-12-15 08:31:27;;;;;;;;
8a5c13ad-f17d-43cd-b768-40238e984744;Fitrotin Kurniawati;https://play-lh.googleusercontent.com/a/ACg8ocLzp421opINZ7F_pDYN46TdXUJdiVfz_2uB1izWsJreuuPRKA=mo;lama tak terpakai ke logout sendiri, sangat menyusahkan bagi orang yang pelupa. meminta kode Verifikasi pun lama sampai mengulang 10000x.sangat menjengkelkan.!!!!;1;0;;2025-12-13 03:21:59;Mohon maaf atas ketidaknyamanannya. Terkait kendala tersebut, mohon agar dapat memastikan kombinasi kata sandi yang dimasukkan. Jika masih terdapat kesalahan, dapat kami sarankan agar Bapak/Ibu memilih menu “Lupa Kata Sandi”. Selanjutnya masukkan Nomor Induk Kependudukan dan Captcha. Terima kasih.;2025-12-15 08:32:19;;;;;;;;
2650b250-f9c4-4acf-97d7-e8d24fb5155d;Ka Maul;https://play-lh.googleusercontent.com/a/ACg8ocIMIygSCL8co92JeZlhLENVthgXv9_SVotluzSi20TuI57c=mo;sangat membantu;4;0;4.14.0;2025-12-13 03:18:21;Hi... Terima kasih atas review dan rating yang diberikan. Kami akan terus melakukan perbaikan dan penyempurnaan aplikasi Mobile JKN untuk memberikan kemudahan bagi peserta dan calon peserta JKN. Jika ada kendala, Anda dapat menghubungi Care Center BPJS Kesehatan melalui nomor 165 (24 jam). Terima kasih.;2025-12-15 08:31:36;4.14.0;;;;;;;
04f0fc15-b929-40ce-b8c6-cbb26f64065f;citra novalia123;https://play-lh.googleusercontent.com/a/ACg8ocKr8zlLgi0Lsv6Vk3e-HX8fmOQoyVyqfyjzXUPN34vk9fhCVg=mo;sangat mudah digunakan dimanapun dan kapanpun;5;0;4.14.0;2025-12-13 03:13:49;Hi... Terima kasih atas review dan rating yang diberikan. Kami akan terus melakukan perbaikan dan penyempurnaan aplikasi Mobile JKN untuk memberikan kemudahan bagi peserta dan calon peserta JKN. Jika ada kendala, Anda dapat menghubungi Care Center BPJS Kesehatan melalui nomor 165 (24 jam). Terima kasih.;2025-12-15 08:31:36;4.14.0;;;;;;;
f7eec218-e1ad-4cf1-aec1-1040618a40af;asas cell;https://play-lh.googleusercontent.com/a-/ALV-UjWJYaN3oyO7Iwt03zDx6wIhYxbefePJ5UWMXkYfrMKNcGHnV41t;memudahkan;5;0;;2025-12-13 03:11:19;Hi... Terima kasih atas review dan rating yang diberikan. Kami akan terus melakukan perbaikan dan penyempurnaan aplikasi Mobile JKN untuk memberikan kemudahan bagi peserta dan calon peserta JKN. Jika ada kendala, Anda dapat menghubungi Care Center BPJS Kesehatan melalui nomor 165 (24 jam). Terima kasih.;2025-12-15 08:31:41;;;;;;;;
fa283386-3fa1-4b9c-adeb-edf4730aa149;Aqliany K.;https://play-lh.googleusercontent.com/a-/ALV-UjWfDZSklsb2LRIDMeoCrsa69hjemmuHsHAxil3LdVsVibO1OLw8;good aplikasi;5;0;4.14.0;2025-12-13 02:47:11;Hi... Terima kasih atas review dan rating yang diberikan. Kami akan terus melakukan perbaikan dan penyempurnaan aplikasi Mobile JKN untuk memberikan kemudahan bagi peserta dan calon peserta JKN. Jika ada kendala, Anda dapat menghubungi Care Center BPJS Kesehatan melalui nomor 165 (24 jam). Terima kasih.;2025-12-15 08:31:40;4.14.0;;;;;;;
a55aba63-e841-46e2-b051-f7f5e256880f;Sandro Wolotenda;https://play-lh.googleusercontent.com/a/ACg8ocLHZQwKvOqhcUanoV_oYEWxXCx5HdemTwEm0A4-A_iAmIsYDg=mo;Sangat Baik dalam Pelayanan kesehatan;5;0;4.14.0;2025-12-13 02:44:32;Hi... Terima kasih atas review dan rating yang diberikan. Kami akan terus melakukan perbaikan dan penyempurnaan aplikasi Mobile JKN untuk memberikan kemudahan bagi peserta dan calon peserta JKN. Jika ada kendala, Anda dapat menghubungi Care Center BPJS Kesehatan melalui nomor 165 (24 jam). Terima kasih.;2025-12-15 08:31:45;4.14.0;;;;;;;
bcc79a30-67a5-444e-a092-00fe25339913;Fani June Junia;https://play-lh.googleusercontent.com/a-/ALV-UjUvuF1xM6Sl6vyOrMhTjFqIo9c9372yhWVcN6yNKt4Pra2DMMsm;proses cepat dan ringkas;5;0;4.14.0;2025-12-13 02:20:48;Hi... Terima kasih atas review dan rating yang diberikan. Kami akan terus melakukan perbaikan dan penyempurnaan aplikasi Mobile JKN untuk memberikan kemudahan bagi peserta dan calon peserta JKN. Jika ada kendala, Anda dapat menghubungi Care Center BPJS Kesehatan melalui nomor 165 (24 jam). Terima kasih.;2025-12-15 08:31:47;4.14.0;;;;;;;
095aba3a-f3a8-4947-8dbc-5f37aa7040cb;afriyan fahris;https://play-lh.googleusercontent.com/a-/ALV-UjWqEi6VA4MN55eXFem0IwKlRBUeCTweJ4D4yIiJd-QXsr_yjaJIKA;ok;5;0;4.14.0;2025-12-13 02:12:10;;;4.14.0;;;;;;;
d6444d0a-06fe-47e2-94c6-ac49ce2c3511;Rohmadss Ss;https://play-lh.googleusercontent.com/a-/ALV-UjX9YQXp6F-4LzAVwxVlZ020m4AE4w250msEuSovUlI5tQ4ni7Q;mau verifikasi wajah susah amat;1;0;4.14.0;2025-12-13 02:08:40;;;4.14.0;;;;;;;
d8318440-c200-4d0d-a4b1-c1d6a810cd5a;Ar Pan;https://play-lh.googleusercontent.com/a/ACg8ocJxKX2YFIUgq9OfOuDGRe8bYIvZgs0LoNcXTf50gQjGvcTBJw=mo;lgi ngk bisa login;5;0;4.14.0;2025-12-13 02:02:27;;;4.14.0;;;;;;;
49ac1310-070b-4204-a6de-02540543d313;wiwit mukhtar;https://play-lh.googleusercontent.com/a/ACg8ocII2NDZZ6YsuId1W4OweJTQcv5b2ek0446_5j20WgigVr3xZg=mo;sangat terbantu sekali;5;0;;2025-12-13 02:01:51;;;;;;;;;;
0d8606c0-5187-48ec-a09c-87aa595bc678;Novadillah Riva;https://play-lh.googleusercontent.com/a/ACg8ocIGuOm0VCB8DvThvQ9UpmZAl6zvrtuzoYjWCQYIJUDwwmqQcQ=mo;proses nya cepat;5;0;4.14.0;2025-12-13 01:56:26;;;4.14.0;;;;;;;
94f78cf5-366e-495f-81dd-1be62b1dd134;Iwan Hermawan;https://play-lh.googleusercontent.com/a/ACg8ocKncAy8tW2kIvgKOXJh3AQsvIt0GHt5cwYfmLKhboCOh8HgCw=mo;mantapp;5;0;;2025-12-13 01:51:41;;;;;;;;;;
f1ff4a31-cd4a-4fad-9847-12fb89b68eb9;36. Yehezkielly Vini Vidi Vici Ferdinanda Rugebregt;https://play-lh.googleusercontent.com/a-/ALV-UjVbYqKAHda1zK5yK34Bl9-edAtAR0A8yYotk3otG8_NZhYd7alg;baikk;5;0;4.14.0;2025-12-13 01:41:08;;;4.14.0;;;;;;;
3f05ef38-9f58-4b3d-8979-87429d56cc94;Anita Nita;https://play-lh.googleusercontent.com/a/ACg8ocIiwts9GCJ9m36b2poS44jO0TdCbSprfInu23iH7ZfkYtI3Kw=mo;sangat tidak berguna. verifikasi wajah sudah berkali-kali gagal teruss sampe sekarang belum bisa. mau nambah peserta pun tetap ga bisa, harus masukin nomor KK tapi tidak bisa di ketik. bukan nya mempermudah malah makin di persulit;1;0;4.14.0;2025-12-13 01:07:41;;;4.14.0;;;;;;;
abddf923-d6d0-41b3-b70d-b30232e9df6a;I Nyoman Suardana;https://play-lh.googleusercontent.com/a-/ALV-UjXtypMhSa5cVFGvvFQRVUkCw97MkFzVcvO0fjHzoRARvdHtW80;sulit cari no antrean untuk paskes lanjutan padahal sudah ada rujukan dan surat kontrol . tidak ada fitur scan atau foto surat kontrol atau rujukan;1;0;4.14.0;2025-12-13 00:23:28;;;4.14.0;;;;;;;
504f3074-f9a9-4699-a696-af85ff8fc5b5;princess xiaomi;https://play-lh.googleusercontent.com/a/ACg8ocJKnoqiPGUsTk9_yTNcnEVK4wNMF__xQnNCcKu5R557dVR0aA=mo;Sangat buruk, cs juga buruk.. Jaringan buruk;1;0;4.14.0;2025-12-13 00:21:40;;;4.14.0;;;;;;;
57409e2e-d153-479b-918d-63d27e03c4c6;N15A W4H1d;https://play-lh.googleusercontent.com/a-/ALV-UjWL2UimHxeA9SH-6XuMeb8dwT7kzwPhCr-ysKfND8KEYOBMDfg;nice job;5;0;;2025-12-13 00:21:01;;;;;;;;;;
a311f404-9a04-4401-be85-d6af6c10cd85;Enda Putra88;https://play-lh.googleusercontent.com/a/ACg8ocLiZcHhNfwyFcvs5hcdC-Wde8PBRJOYPZ5FVpSbqhUsfslOtQ=mo;saya kasih bintang 2 dulu.. sekarang masuk jkn tiba2 keluar sendiri dari aplikasi jkn nya.. dan pas mau login lg harus dafta auto debit kalo gak daftar gak bisa login.. tp sayangnya pas mau daftar auto debil lewat rekening BCA selalu gak bisa terus.. tolong dong di benerin aplikasinya saya mau daftar auto debit lewat bank BCA gak bisa terus.. saya jd gak bisa login ke aplikasi jkn nya...;2;0;;2025-12-13 00:18:47;;;;;;;;;;
7eb6d59b-ac1f-4e87-bcc0-8284b7895495;Yunita Wilyanawati;https://play-lh.googleusercontent.com/a-/ALV-UjUMox-LIqVr2FRd8jTrZ8EgYbeBbvCmMvrgGUIfolK-Wjxe8T1u;memudahkan pendaftaran ke rumah sakit;5;0;4.14.0;2025-12-12 23:48:14;;;4.14.0;;;;;;;
ea14e49e-b036-4200-a2d1-fa8281653958;Aris Pranoto;https://play-lh.googleusercontent.com/a-/ALV-UjX3paMWS6KbFCJhHlOtLDrGzZtc33FepKA6pBQ4s8T_ggM_LiAe;bagus lebih cepat kalau cari antri;5;0;;2025-12-12 23:37:37;;;;;;;;;;
33df0cc1-0450-4b7b-bf0d-811a4b27f30a;Kokot Baju;https://play-lh.googleusercontent.com/a/ACg8ocIsecTTVnODFPGCBmdD3m0H73JWgUuQAFti2oERmrRhzurQOg=mo;awalnya dianggap login berbeda. Semua sudah normal dengan menghapus semua data aplikasi;3;0;4.14.0;2025-12-12 22:26:23;Mohon maaf atas ketidaknyamanannya. Terkait kendala yang dialami, Anda dapat menyampaikan kendala dengan melampirkan tangkapan layar/video dengan device lain ke alamat email : carecenter@bpjs-kesehatan.go.id untuk kemudahan proses tindak lanjut. Terima kasih.;2025-12-11 08:26:38;4.14.0;;;;;;;
a53cc046-8259-441e-b542-676542b8087c;rachmad Effendy;https://play-lh.googleusercontent.com/a/ACg8ocLH5iMeG5Shr8riWWRYIup-yxXCPoZeiEbsriJB3VJFCmxEgQ=mo;bermanfaat;5;0;4.14.0;2025-12-12 20:23:28;;;4.14.0;;;;;;;
6e53a50b-2e75-4928-b62c-8cf6f8acdc6e;Handy Wibowo;https://play-lh.googleusercontent.com/a/ACg8ocI_LPMZTpyydZtV-IDo9ei0NkA9Ghyn_MDvj4dmvsExZJSINg=mo;memudahkan sekali. terus pertahankan.;5;0;;2025-12-12 20:08:31;;;;;;;;;;
b4d61b67-82ee-472e-a285-739d981eced6;Adi Graham Bell;https://play-lh.googleusercontent.com/a-/ALV-UjV63SxCcrtClJJr9yKbEZjvDv2Flbe3FxLRNUfLjTTDdOknXX3D6A;kenapa sering log out setiap bulan, kenapa gak dibikin sekali masuk udah masuk aja trus jangan di log out otomatis;4;0;4.14.0;2025-12-12 20:01:28;;;4.14.0;;;;;;;
69f34a2c-4188-4a87-85a5-0add232b2584;Valencia Vite;https://play-lh.googleusercontent.com/a-/ALV-UjWKpNdTIbgoS7pUp92nKYh15c3fcbcOe17YxTml2cigNRQY60c;mudah digunakan;5;0;4.14.0;2025-12-12 17:48:52;;;4.14.0;;;;;;;
86dc0afb-e2dc-4df4-875b-e166150773a8;Fitria Sari;https://play-lh.googleusercontent.com/a/ACg8ocLjWq_8unSYmVnSLekktCJ3TZ4qJp-q0_q6NqsY_tm7hzm5Ngw=mo;sangat susah mau daftar antrian, loading terus, keterangannya offline, padahal sinyal bagus;1;0;4.14.0;2025-12-12 16:57:56;Mohon maaf atas ketidaknyamanannya. Terkait kendala yang dialami, Anda dapat menyampaikan kendala dengan melampirkan tangkapan layar/video dengan device lain ke alamat email : carecenter@bpjs-kesehatan.go.id untuk kemudahan proses tindak lanjut. Terima kasih.;2025-11-18 04:45:00;4.14.0;;;;;;;
4364f50e-3b6c-4f38-8fa8-aa8d2f490738;Yasir Amrullah;https://play-lh.googleusercontent.com/a-/ALV-UjWT1ejHgHHoY0i8l6aQDnP0J5Vx1vc7n5Q79u1w3PMa4R_Okteq;mantaps;5;0;4.14.0;2025-12-12 16:54:05;;;4.14.0;;;;;;;
aa05989f-64d1-4568-b569-3278df0b7fed;Dodi Idhoy Suhendar;https://play-lh.googleusercontent.com/a/ACg8ocKwDubS1Xg4qvN8NDkdxhvdQZA53CbGZJpSepUS5N0pDuppDxA=mo;Aplikasi yang sangat membantu dalam proses pendaftaran baik di faskes pertama maupun ke poli yang ada di rumah sakit untuk jadwal berobat jalan . Terima kasih 🙏;5;0;4.14.0;2025-12-12 16:48:57;;;4.14.0;;;;;;;
7543ccef-317b-47fb-9b6c-6bd82c718caf;Asrina Binti Nasir;https://play-lh.googleusercontent.com/a-/ALV-UjW4SaW7aGmjQ6mbS5ZKtwbq1K9wbMA_EZr-IMuP8sffZJAa7JI;Kasih kelad 1 dong;5;0;4.14.0;2025-12-12 16:27:21;;;4.14.0;;;;;;;
e5c39e0c-0d26-47f8-9b8e-58fe15fd197f;belly argo;https://play-lh.googleusercontent.com/a-/ALV-UjVicnqqvh3RNRLvNxPQiDTEmNT9CChgq4NcNLzhAA0CEpgu6DXi;"ini mobile jkn kenapa ya, saya ga bisa login, kode verif sms juga sampai jenggot beruban nunggunya juga ga muncul"". mengecewakan.";1;0;4.14.0;2025-12-12 15:59:54;;;4.14.0;;;;;;;
4b2f065c-78fe-4d87-bc15-2a48338760b1;fatwarizkylubis Lubis;https://play-lh.googleusercontent.com/a/ACg8ocIBaB7a6ucrD4fhnDFsf1kCSfgjEj8frtfB2vlsZcCVjFpKtA=mo;sangatt puas;5;0;4.14.0;2025-12-12 15:52:37;;;4.14.0;;;;;;;
f4652a8b-2286-48ec-9803-9fc9f373e691;MUHAMMAD RIKI Tanjung;https://play-lh.googleusercontent.com/a/ACg8ocIOTRwGSfvI77yNGHch6XIpriN0P5ySmG0qK-65vgLLEJzej1g=mo;mantap istebest;5;0;4.14.0;2025-12-12 15:47:54;;;4.14.0;;;;;;;
90df16fa-d6d2-493d-ab1b-140c3ae9c95f;PAPA ARDY;https://play-lh.googleusercontent.com/a-/ALV-UjW9Wuid8JkO688EMQeDU4Q1aPW47fSKrP0NGBLa8RaKaGNak85E;bagus dan memuaskan;5;0;4.14.0;2025-12-12 15:44:33;;;4.14.0;;;;;;;
7e4865c8-29b5-4cc5-a550-8106dfa95f20;Dhof Dhofear;https://play-lh.googleusercontent.com/a-/ALV-UjU1D-XeTQwH72ZFlzBNBzoFDsGUgJMEOq7FAk827LaVhDmvtWo;mantab;4;0;4.14.0;2025-12-12 15:37:31;;;4.14.0;;;;;;;
2e8c1eee-a3c7-42fb-a0ba-30f731cf401d;DKM Ndy;https://play-lh.googleusercontent.com/a/ACg8ocK0jM-VEiUTbr24ID9wJVyx7C59VTnwD1fGPn_tR35lQ4vPiRH8=mo;bagus membantu;5;0;4.14.0;2025-12-12 15:31:47;;;4.14.0;;;;;;;
e6c3153e-07ef-457d-bd68-9018f71ae728;kalesta alexkhansa;https://play-lh.googleusercontent.com/a-/ALV-UjXL-XeKBMZrl4em5lWBpMp5A_MZpAOxF7Nphc-UEVGdUHSm-SQ;mantap;5;0;4.14.0;2025-12-12 15:26:50;;;4.14.0;;;;;;;
c770ee6d-409f-40c8-9ed8-9e6746db8b37;my hersan;https://play-lh.googleusercontent.com/a-/ALV-UjXLnfZeuVSi5v8zQKY7PKdiQ8Fv52kvs2vSXbBuPK9DCWK3VBhG;makin ke sni makin gk jelas aplikasi dri bulan kmrin smpai skrang gk bsa masuk, Indonesia makin parah, seharus pegawai di pecat sangat persulit masyarakat,;1;0;4.14.0;2025-12-12 15:04:18;;;4.14.0;;;;;;;
7915cc06-8817-4afb-b995-3ebd2ab88f21;Irfayandi ss;https://play-lh.googleusercontent.com/a-/ALV-UjUyGvOVGtmsbKKUk-1Dea6m44QEgLcLl4E_ot9_fntt4XTBfvY;ok;4;0;4.14.0;2025-12-12 15:04:03;;;4.14.0;;;;;;;
037c1a72-b2b6-49d4-97b2-b3eddb2b66e1;Chairuddin Udin;https://play-lh.googleusercontent.com/a/ACg8ocLC0A4uIKl_yZmKLn0x60Qm0Mxn9lCCnlzHyXLK0Wa53qxVBg=mo;bagus👍👍;5;0;4.14.0;2025-12-12 14:43:45;;;4.14.0;;;;;;;
a05d7e51-85b4-4956-9faa-9e9fb00960ba;Krisda Aprihandayani22;https://play-lh.googleusercontent.com/a/ACg8ocJqmhGtP99ej3HO3bigGDeDgQTHAWKxzilwIEKoAm8QmE5WtA=mo;ini knp yaa kemaren klo abis dari RS langsung otomatis perpanjang rujukan lah ini udah klinik daftar antrian tingkat lanjut gabisa diklik coba min gmn ini solusinya.. diperbarui bukannya tambah enak ko malah gini sihhh .. bintang 3 dulu yaa min;3;0;4.14.0;2025-12-12 14:03:15;;;4.14.0;;;;;;;
af8ba135-a762-40f0-a9b7-3e537edff8f3;Achmad Taufik;https://play-lh.googleusercontent.com/a-/ALV-UjWMF_r2aMrdaKKsm76KytSgjZKg6C8VfWjhk68rKoM80M4Hn6Ju;saya mau kasih ulasan coba perbaiki bug update data nomor hp,saya memasukkan no hp yg udah pernah dipakai peserta notifnya,cuman saya mau input nomor yang lain masih ada bug gak bisa di input nomornya,tolong mobile jkn update lagi lah kalau bisaa kirim pesan verifikasi Lewat wa dan sms jadikan dua opsi,soalnya ini gak fleksibel jadi yg harus nya bisa cpet jadi lamaa.;5;0;4.14.0;2025-12-12 13:55:10;;;4.14.0;;;;;;;
ee94be15-b37a-4a1f-abec-7d0a3806e432;Prity Gurls;https://play-lh.googleusercontent.com/a-/ALV-UjWxiWaIWj6bJliL4t9KslqmxBT3B-lkKLavd7yDG9-R-w0rq1Aj;"tolong lah kalau mau berobat dipermudahkan apalgi klo skit kambuh lgsg ditindaklanjuti mentang"" pkk BPJS diperlakukan seenaknya pasien, org kesakitan ke IGD rsu ktnya gk bsa hrs ke faskes 1 dlu, sblmnya org faskes 1 blg klo darurat pergi saja ke RS terdekat, klian para pejabat jan main"" kalau kerja kalian buruk gitu buat pelayanan BPJS gkkjelas,kpuskesmas hasilnya NIHIL di puskes apa jwbnnya? obatnya KOSONG dokter GAK ADA npain kalau begitu 24 jam hasilnya bikin pasien cepat MATI apa di gituin.";1;0;4.14.0;2025-12-12 13:51:09;;;4.14.0;;;;;;;
91569705-c082-4d8f-9cc4-a68e94e7ae20;Mohalif Alfaizar;https://play-lh.googleusercontent.com/a/ACg8ocJrTg9PqHVe4Txcso28fkh7JHPlhYjtQ9Ntl_kuK2aK8j9YlA=mo;sangat puas;5;0;4.14.0;2025-12-12 13:47:17;;;4.14.0;;;;;;;
7b5c1e66-f06a-4b7e-9a50-37c632059fc5;Salsa Apriliani;https://play-lh.googleusercontent.com/a/ACg8ocKbycLlLAtuhvb-5GNMjgwoqBpTx_9Fk1oyvcBoHC8PkP4bxg=mo;terimakasih sudah sangant membantu;5;0;;2025-12-12 13:33:11;;;;;;;;;;
3db238ab-54e4-4618-8a26-34551c59eb0d;Rx-king comunity;https://play-lh.googleusercontent.com/a-/ALV-UjX5P6__wXhj_eN-qjQaHGg-3nxZwuf_O3kYdkNUbDKmZW9N73Q;Sangat Mudah di Pahami.. kereeeen;5;0;4.14.0;2025-12-12 13:32:32;;;4.14.0;;;;;;;
c0460eaf-00b9-45d9-a204-4949cda26fa9;Andri Aprisal;https://play-lh.googleusercontent.com/a/ACg8ocL8MFy_8wDer9qrKowivcBagaqsJzd5Clv5mqKrVJr-UTH2ww=mo;good;5;0;4.14.0;2025-12-12 13:31:59;;;4.14.0;;;;;;;
ffd681f5-8dd7-4e9d-b427-c750d2477c10;Rohiyah;https://play-lh.googleusercontent.com/a/ACg8ocI4qJfgYK-k9FgaUr7FiDoELKzTacSgKcxOWDqHOovsYmw0RQ=mo;ok;4;0;4.14.0;2025-12-12 13:29:38;;;4.14.0;;;;;;;
c34f9044-f6f1-4c38-b1ce-befd937c3043;Bahrun Abadi;https://play-lh.googleusercontent.com/a/ACg8ocI5LwtzrJM4tncbBrSJYS16nk9TDiZOs20nZAVfEm4v4oFZhg=mo;ok;5;0;;2025-12-12 13:20:30;;;;;;;;;;
599e756b-24ab-4e36-bee8-b8c834393071;Sonny Dante;https://play-lh.googleusercontent.com/a/ACg8ocKwBJTyI60neUMT74mgsdB5B4iSIvhjnVUwYw6gRL0UZWnThw=mo;tambah baik dan super cepat pelayanannya;5;0;4.14.0;2025-12-12 13:12:40;;;4.14.0;;;;;;;
139e2607-b67f-4e5e-852b-a9974c8d224c;Nelly Ayi;https://play-lh.googleusercontent.com/a/ACg8ocLvmMgNfmweOO94Qm85egdgToJWN0V5qTksTXqIfZ3HyofQpA=mo;sangat membantu;5;0;4.14.0;2025-12-12 12:46:59;;;4.14.0;;;;;;;
867f8b32-1c54-4194-b824-47c220dd97d8;Rwb Kolti;https://play-lh.googleusercontent.com/a/ACg8ocL81E3YQHBjjC1zJB3UoEnNR9-K1okljr0ABkOVHrKyljiFZQ=mo;Daftar antrian pakai jkn mobile di klinik TIDAK BERGUNA, urutan antrian tidak sesuai aplikasi!;1;0;;2025-12-12 12:44:41;;;;;;;;;;
d4c527f5-6a8b-43d3-bca8-6b7acc5676a3;Yuniar Tri;https://play-lh.googleusercontent.com/a-/ALV-UjV6aDhuLQdKJhgnBN_mYVhHoATbFyRXmO_H8i4Rrjdq5gTQdsLq;aplikasi di update malah logout... mana mau ganti password kode ngga dikirim via sms... minta kirim ulang juga tetap ngga dikirim;3;0;4.14.0;2025-12-12 12:41:07;;;4.14.0;;;;;;;
dfa8494b-7271-4dc7-9862-3cf719da6eaf;Riki Tiyas;https://play-lh.googleusercontent.com/a-/ALV-UjWHntN8L-lDhwgu24WVcjNQ0wT2DnDDdSSSLYPH7atRXkT8Xikf;"knp sering kluar sendiri?? hrus daftar"" trusss";3;0;4.14.0;2025-12-12 12:39:26;;;4.14.0;;;;;;;
4000b11b-5ba4-440e-a62b-06c1de663b08;Siti Aisah;https://play-lh.googleusercontent.com/a/ACg8ocJ0kQ-EGc2fXnGQ5Pi4dUZ0SadhAF1-hQXYbsc4MY1D3YWEpA=mo;aplikasi apaaan daftar aja sulit sampe sekarang masih blm bisa daftar kalo berobat wajib jkn hadeehhh gini amat hidup di Indonesia;1;0;4.14.0;2025-12-12 12:38:37;;;4.14.0;;;;;;;
64af99e1-dabd-4794-a4db-26d9a5f61c3f;Makmur Suriadi;https://play-lh.googleusercontent.com/a-/ALV-UjUkJ3tstJAhJ1--dSZViDD0aVniMKOPpHawzh1K_7Lt4bBFPzFzEg;akhir-akhir ini apk JKN makin tidak berfungsi,khusus saat mengambil antrian online,tolong di perbaiki;1;0;4.14.0;2025-12-12 12:32:28;;;4.14.0;;;;;;;
c787c8d3-95ab-4af8-85c9-4b735bf7fda6;Lord Ofthering;https://play-lh.googleusercontent.com/a-/ALV-UjXlXW4qVGmKTvvayd9EPQ3O4DbK2-ari9b1r8yXUFfWQmbYeOA;mau masuk minta kode otp lewat sms udah lama banget nunggu sms ngga masuk². ternyata karena hpnya ngga ada pulsa, cuma ada kuota data. setelah isi pulsa, sms otpnya bisa masuk.;4;0;4.14.0;2025-12-12 12:26:31;;;4.14.0;;;;;;;
489abdb8-62cf-44ee-85ab-4ec8603cc827;Wibowo Cahyonoadi;https://play-lh.googleusercontent.com/a-/ALV-UjUNO47WbN9x67AX5PyHKwvX-BG_nOliIQHQwjJ1kM_5j0qNcqK1;aplikasi paling tidak bermutu yg pernah saya temukan. untuk daftar saja rumit dan butuh waktu yg sangat lama;1;0;4.14.0;2025-12-12 12:22:31;;;4.14.0;;;;;;;
243e3e83-57f9-45ef-a728-c1e35740995c;sharkz cattsu;https://play-lh.googleusercontent.com/a-/ALV-UjU7YI8Qrxp4IPaPEh7wzq3jLOxNXXxb94l9oHvvpd8ucqD7wXkI;Aplikasi nya bagus, tapi kadang (bukan kadang lagi. selalu) surat rujukan/surat kontrol yang saya punya pada faskes hilang. jadi kalau saya sudah daftar antrian online, dan sudah dapat antrian nya, pas hari h nya hilang waktu mau kontrol. jadi bingung pas kontrol nya antrian nya gimana, mana gak bisa di ss lagi. tolong lah solusinya gimana, gak bakal ubah rate kalau solusi belum nemu 😔;1;2;4.14.0;2025-12-12 12:18:53;Mohon maaf atas ketidaknyamanan yang Anda alami. Surat rujukan yang diterbitkan oleh Faskes I dapat ditemukan melalui fitur “Info Riwayat Pelayanan” pada riwayat kunjungan Anda di Faskes I. Terima kasih.;2025-12-09 08:37:21;4.14.0;;;;;;;
fc79861e-3f3c-479f-a0d8-3fca89cea94f;Dhafit PUNK;https://play-lh.googleusercontent.com/a-/ALV-UjVEXE3VUyECNWgdaR6XnaFC2nnwViR1fY7VzMM6i0UyNEKj8kOoMw;ibah no HP option nya hanya sms saja dan gak mau2, kenapa gak pake wa saja;4;0;;2025-12-12 12:12:15;;;;;;;;;;
e488e82b-07a9-4cd2-8406-cec3bd091c96;Nando Bima Prasetyo;https://play-lh.googleusercontent.com/a-/ALV-UjUdI428seqdtWRIuZGtheyGBmmp6y_8tjtGfkJG40hKuQMNFiX-;gampang dan mudah untuk merubah data peserta lewat aplikasi. medah2an kedepannya lebih canggih lagi... mantapp.....;5;0;4.14.0;2025-12-12 12:10:08;;;4.14.0;;;;;;;
5f26982b-1adc-41de-9e49-0d6f1a02abd0;yuli yulianti;https://play-lh.googleusercontent.com/a/ACg8ocLwRkqbEsxVSY_gzkjeV13lV8ssn0GRCpYgt53r244bWZXOgQ=mo;jangan sampe g bisa di update;5;0;4.9.0;2025-12-12 12:00:43;;;4.9.0;;;;;;;
2f7e6c43-eb27-4d4a-a2f3-21d3a31fe1ce;Saiin Kodir;https://play-lh.googleusercontent.com/a/ACg8ocLqeUShmniuCgaB03cP-bZIazf4K4s7KwUVi3k2BuWHIMN1Rw=mo;sesuai harapan;5;0;4.14.0;2025-12-12 11:56:13;;;4.14.0;;;;;;;
17305da7-015d-4753-af6f-67d2aecf87d2;Jimat Sitepu;https://play-lh.googleusercontent.com/a/ACg8ocKFcNFAhgc2pnx91mXlkribQXN8vUAp_cJbhkvWYP_KWmUI5Q=mo;untuk berobat pakai BPJS cepat prosesnya;5;0;4.14.0;2025-12-12 11:48:56;;;4.14.0;;;;;;;
aaf2fe3b-9615-47c0-94d8-ee238b81aea0;fadly ahmad;https://play-lh.googleusercontent.com/a-/ALV-UjUaTPZ4fmBWYc7kgFNs4fhi2gGsttuTu9ExPXORtuwl1EmpUOdi;aplikasinya oke.. semakin mudah digunakan;5;0;4.13.1;2025-12-12 11:38:13;;;4.13.1;;;;;;;
ab0b1048-0d01-4ae5-b1c3-360289b26271;sulastri masi;https://play-lh.googleusercontent.com/a/ACg8ocL5vm4aEx9WRPP9E1Zk1rjE4DY3HpqGknVy0MRbaHrkZ8c-MQ=mo;aplikasi in sangat membantu dlm berobat saat antrian banyak BS online;5;0;;2025-12-12 11:35:49;;;;;;;;;;
da311ff6-0b9a-49a9-bce9-d93a0c3f7223;Siti Nurul Qorimah;https://play-lh.googleusercontent.com/a-/ALV-UjVNABY-zaaGsbNftVqhTVFghsRsL5teho4_37Dmg48ZdYsZ24IY;pelayanan bagus dan lancar;4;0;4.14.0;2025-12-12 10:54:41;;;4.14.0;;;;;;;
a3471e47-7e60-4c42-97ab-f94f9b8a7937;Midoen 05;https://play-lh.googleusercontent.com/a/ACg8ocI30AjuhGPAmk01OoVZculkshMJvN4ZiYsGtfJYzcrJPg1eZw=mo;bagus banget;5;0;4.14.0;2025-12-12 10:51:43;;;4.14.0;;;;;;;
12ffdcf3-cf65-433f-a2b9-3aea8215aeb1;Adam Suwandi;https://play-lh.googleusercontent.com/a-/ALV-UjWgkHnRMEsxx3s8CZ4SlmNpAHFaeiN42WjGZuI3ez-j27OSApPr;aplikasi macam apa ini Gak bisa masuk selalu salah padahal udah benar niat gak sih bikin aplikasi;1;0;4.14.0;2025-12-12 10:34:27;;;4.14.0;;;;;;;
43ecb929-1138-4359-9e01-3fb8a5f91779;Yunirahmawati rahmawati;https://play-lh.googleusercontent.com/a/ACg8ocLP6y8ZSJRFfagOMMQHeM6q_jrZJ6Kss_ryTXfmN0nB77-ZVA=mo;jangan keluar sendiri akunnya dong;4;0;4.14.0;2025-12-12 10:33:57;;;4.14.0;;;;;;;
363eef9d-e5aa-4c6b-813a-2be78b44cd82;Toz Orat;https://play-lh.googleusercontent.com/a/ACg8ocLC20vTOYp5HIPgbrmGWh74JNg6E4MBvy0l_s5PvHqMN6I5EQ=mo;vertifikasi nya susah;1;0;4.14.0;2025-12-12 10:00:43;;;4.14.0;;;;;;;
c70e306f-55da-4320-a8b0-ceebfb9cd887;Nia Rianti;https://play-lh.googleusercontent.com/a-/ALV-UjWWOeM34WQzAWX9Xrcdn1EkFiU_WTfqfFyWaq3iefqYazqjZ-EC;ga jelas bgt aplikasinya. kadang daftar bisa satu hari sebelumnya. kadang harus hari H pas buka baru bisa daftar aneh. jadi orang mau daftar dibikin ribet. harusnya kita udh tau biasanya hari H atau satu hari sebelumnya. ini kadang satu hari sebelumnya udh bisa daftar, kadang pas hari H berobat baru bisa daftar pas buka faskes. ribet bgt cuma nungguin mau daftar online, giliran mau daftar karna ga nentu udh penuh. tolong diperbaiki lagi. biar orang yg mau berobat bisa prediksi.;1;0;4.14.0;2025-12-12 09:58:39;;;4.14.0;;;;;;;
d6c795d9-2095-4e84-9b61-06c9d0af2073;Restu Dwi Astuti;https://play-lh.googleusercontent.com/a-/ALV-UjVYxQOBjB88mlY_hbq0Zbd5FWJGjDW1F65IPgcHatMxk9-3toJUmQ;Kenapa gak bisa daftar antrean, tulisannya pas buka antrean informasi tidak di temukan. padahal gak di klik apa-apa kenapa sih mau berobat aja di buat ribet banget. tolong di perbaiki segera donk;1;0;4.14.0;2025-12-12 09:29:51;;;4.14.0;;;;;;;
d195eb31-689f-4e60-a82f-792b3b26f01a;Rais andriyanto;https://play-lh.googleusercontent.com/a/ACg8ocKkSgZir-J_vZURV1bACbQw7n4STJ_IskIcf9FoVPIevXGQJw=mo;sangat memuaskan;5;0;;2025-12-12 09:27:10;;;;;;;;;;
f25e643d-3205-45db-9ece-0a6668175dfb;Sugianto Grosir72;https://play-lh.googleusercontent.com/a/ACg8ocKi6XLzeKXvUE3T0HkfGTfASjv7Y1X3F8VNuv3sxaV6I1clYQ=mo;alasan logout apasih?? capek mau log in tapi gak bisa, error nih aplikasi;1;0;4.14.0;2025-12-12 09:25:53;;;4.14.0;;;;;;;
6e700f28-d70f-409f-9c10-c9bec8461b42;sami'an;https://play-lh.googleusercontent.com/a-/ALV-UjVjSeIf3y8J_7rhtIrIYOy1xqQ33_GiYOSLNaQY-2nPc2kAY2zT;aplikasi bego,, sandi baru ganti tdk bisa loging;1;0;4.14.0;2025-12-12 09:25:41;;;4.14.0;;;;;;;
9bad2e7a-9f7e-42bd-b7e3-95dc62f5463c;afuah azkiya;https://play-lh.googleusercontent.com/a-/ALV-UjXg73IGVsqSEOEX6k920G2EG_3l-upL9aQh29CEIeT3KCiw6vk;cepat mudah;5;0;4.14.0;2025-12-12 08:58:44;;;4.14.0;;;;;;;
802f430a-18d0-4e95-b395-2b63bbc1d80b;Pasar Handphone;https://play-lh.googleusercontent.com/a/ACg8ocJgmNCMrmSQNTJNYSZKCE1Q8MODJRhZ-WnvADbmJbbusm14Gw=mo;pembayaran saya sudah tertulis bukti bahwa sudah lunas tapi kenapa akun saya tidak terdaftar LG;1;0;4.14.0;2025-12-12 08:55:42;;;4.14.0;;;;;;;
facdbc24-ea76-4a3d-b204-ca82beb33425;Sose Family;https://play-lh.googleusercontent.com/a-/ALV-UjWivhajixNAsAaXCkK3K2nqWDGNSZrAucOoR2xIQSbZwrcihh3x;Sip bagus;5;0;4.14.0;2025-12-12 08:47:53;;;4.14.0;;;;;;;
8b4083db-c005-49c0-843f-d59e253d8ab5;Zahraa Zahra;https://play-lh.googleusercontent.com/a/ACg8ocJ5Q86dCya2HqiK9igwWQ7WQ37fz9isjP3yNraHt-yHAVlzHw=mo;"suka kali lah keluar tiba"" kan capek bolak balek login";1;0;;2025-12-12 08:32:51;;;;;;;;;;
4c662381-138f-4254-b6c3-bd023164e6a3;Bahrul Ulum;https://play-lh.googleusercontent.com/a/ACg8ocKpCwiSKCCwwGORouprdlALkqGeqAGZxw88Cv67rXlwzu3bjg=mo;baik;5;0;4.14.0;2025-12-12 08:29:21;;;4.14.0;;;;;;;
d5d27eef-63c9-4830-a1cd-39926add65b4;izdiyan muttaqin;https://play-lh.googleusercontent.com/a-/ALV-UjXyaeVtVtd_I7ZVTwGzCGewN3TbQiQh4Xmxrq3oX6KzRhOmhqoe;sangat membantu;5;0;4.14.0;2025-12-12 08:18:54;;;4.14.0;;;;;;;
8789e6fa-b7d0-44ab-830d-219a3f811663;Mualifah Fauziah;https://play-lh.googleusercontent.com/a/ACg8ocI42GHCEdZcRwMvRBD_NCl3IMFV-EMHlOIwBCfFBRNHlVLUfg=mo;sangat membantu;4;0;4.14.0;2025-12-12 08:18:34;;;4.14.0;;;;;;;
b28b5b05-e25e-46ed-aff1-e73b5e2b0493;Surikuda Asri;https://play-lh.googleusercontent.com/a/ACg8ocIPZIL3Z5RbWfrkleftHq9Z_kLSR6Lhb4DJ7JYAhJto4adp_w=mo;sangat membantu;5;0;4.14.0;2025-12-12 08:16:36;;;4.14.0;;;;;;;
f99dd8f0-88e8-48be-9f4d-dc3abbf3ff4b;Gerhuw Alexander;https://play-lh.googleusercontent.com/a-/ALV-UjVtcR245P7raVhlpVuwxnUim75ZnUOWfTdDU6xwjmmeG-xvHU8;ya sedang perbaikan;5;0;4.14.0;2025-12-12 07:54:11;;;4.14.0;;;;;;;
52c1d499-d709-44e7-8ee4-1143af82ee8d;Atan Saleh;https://play-lh.googleusercontent.com/a/ACg8ocLzEJf2JfknK5UG8ZhEc73-Yr5qdO1Qd021893Cu9ZbMS8hrN0=mo;Sangat membantu, praktis dan mudah. tapi paskes nya yg tak sesuai harapan, apapun keluhan cuma pil solusi nya, padahal saya menderita nahan rasa sakit;5;0;4.14.0;2025-12-12 07:14:52;Hi... Terima kasih atas review dan rating yang diberikan. Kami akan terus melakukan perbaikan dan penyempurnaan aplikasi Mobile JKN untuk memberikan kemudahan bagi peserta dan calon peserta JKN. Jika ada kendala, Anda dapat menghubungi Care Center BPJS Kesehatan melalui nomor 165 (24 jam). Semoga Sehat Selalu. Terima kasih.;2024-04-03 03:43:01;4.14.0;;;;;;;
20c876c7-6dff-4e52-ad66-0acab4299e67;Subur Ramadhan;https://play-lh.googleusercontent.com/a-/ALV-UjV0cYJKXkEEXLwJ7qzWH2RUbo9mLBZWNJpSDfbrHPKcnk-OSZc;keren pelayanan di kantor bpjs tangsel bsd;4;0;4.14.0;2025-12-12 07:13:30;;;4.14.0;;;;;;;
6a2f3b21-7ac4-4e86-9632-5c0eb2c1923f;Rahmat Kinoy;https://play-lh.googleusercontent.com/a-/ALV-UjVVuCIPscuLmuJpV4qDt9f8E9MM3qkAKfFV4ZB3zNr-FncYCLc;ok;5;0;4.12.0;2025-12-12 07:12:42;;;4.12.0;;;;;;;
85047b85-c844-41be-9872-7d0688c87a39;Ega Anyer;https://play-lh.googleusercontent.com/a-/ALV-UjXbsyoJ3AfKa1OaQuhOayLeFLesTp_oF3UKXi_N260DOiWZSw;mau berobat aja dipersusah, verifikasi wajah tidak bisa-bisa. 0/10;1;0;4.14.0;2025-12-12 06:12:28;;;4.14.0;;;;;;;
5a404516-ed38-43ec-8a88-87c38ece202e;Nirwana Nirwana;https://play-lh.googleusercontent.com/a/ACg8ocIKwK7PEB-uVl1Xo5TCd0jlg-GG1gzjHxLLwBfnMFoN9Qzpxw=mo;pelayanan baik dan cepat;5;0;4.14.0;2025-12-12 06:11:24;;;4.14.0;;;;;;;
d90bd1b3-cf4f-44ad-b707-e31e09542ea4;Candra Hidayat;https://play-lh.googleusercontent.com/a/ACg8ocIvzm3JdYdVhS2DJTihdjBJlgb-gxgh476SCjaIFGMgurzuAw=mo;puas dengan layanan mobile jkn;5;0;4.14.0;2025-12-12 06:10:14;;;4.14.0;;;;;;;
139455c6-e099-48c2-a905-20c12525b550;Sadam Alexandria;https://play-lh.googleusercontent.com/a-/ALV-UjV13DUcR9rhdyva08gEkciyjQ-OZcss12sI9XLkGY7OZQ0kyU2k;terbaik;5;0;4.14.0;2025-12-12 05:58:53;;;4.14.0;;;;;;;
283abf67-9203-46f2-ac5d-f4ee5c5f5eba;Ivanpangab24@gmail.com Banderas;https://play-lh.googleusercontent.com/a/ACg8ocIDt5C1BhTefhDQIxOlnK4hesHnGackq5kskzCpGxZBuq0G=mo;bagus;5;0;4.14.0;2025-12-12 05:15:52;;;4.14.0;;;;;;;
ff1a5475-0665-46af-b4f3-0b65d05b347e;latief permana;https://play-lh.googleusercontent.com/a-/ALV-UjUHSSnZBQVaGrpi7CIJxMf4RC90xaDja-jhdTOXvBjA6xCTmG5Wrw;buat ngirim OTP aja lama banget ga kekirim² gliran uda dteng, ternyata uda ga bisa diinput krna OTP nya berlimit;1;0;4.14.0;2025-12-12 04:47:35;;;4.14.0;;;;;;;
dccd4e60-4284-4165-9107-91401d517c53;Salmah Fauziah;https://play-lh.googleusercontent.com/a-/ALV-UjXpEy4pHjC870MoVxQqvSC8zT_N1NwYUKhrK80PpeTWwisveAso;bgus;5;0;4.14.0;2025-12-12 04:40:12;;;4.14.0;;;;;;;
756e3a5f-eadf-4981-8154-202f63a63363;Nafees Izzat;https://play-lh.googleusercontent.com/a/ACg8ocINK1o2YuIpFCQOO49UvJkqIhGeMFk-WFQVP5EtxitAqeaqTQ=mo;pelayanan aduan call Center 165 aplikasi JKN sangat buruk: Sudah berkali2 melakukan pengaduan, selalu diputus dengan alasan sinyal buruk. Semua data sudah diverifikasi baik email, telepon. tapi tidak ad upaya BPJS kesehatan untuk menelpon ulang.;1;0;;2025-12-12 04:21:37;;;;;;;;;;
e9c65d12-aa6b-4938-875e-a12cd17a7c85;Febri Endriansya;https://play-lh.googleusercontent.com/a-/ALV-UjXXeI6hu3PsiG3rgrJUX7eMmhQf-tAQop-WxWsqhU2Q3Do0mdmEbA;Aplikasi menyusahkan Masyarakat. ufh download tp nyusahin. kode otp gada masuk buat susah pokoknya ga guna samsek;1;0;;2025-12-12 04:15:42;;;;;;;;;;
ee6cc0e9-d5c7-4e14-aa8c-ef3cf7b419c3;Achmad Harun Rosyid;https://play-lh.googleusercontent.com/a-/ALV-UjVmfPf7oneMPU1Bk0u8fL1aX1OJekOEYytXHSjBdAB3xqagTti-;yg belum bisa login bisa hapus cace dan hapus data.;5;0;4.14.0;2025-12-12 04:05:22;;;4.14.0;;;;;;;
2727fb2e-5b4c-4521-b0f0-30e8b1a396cd;Spion Jalu;https://play-lh.googleusercontent.com/a/ACg8ocIg23UZN60E-dvycIYs9VfaDmsVbbjvhtbtna40V59bdAseew=mo;"mohon kedepannya bisa diperbaiki lagi ya terkait jadwal pelayanan, seperti adanya misinformasi pada aplikasi ini. saat itu saya mendapatkan jadwal pelayanan antara pukul 08.00 wib - 11.00 wib kemudian saya datang 30 menit sebelum pelayanan ditutup, namun dari pihak rs nya pendaftaran pelayanan untuk mengambil kartu antrian telah ditutup dan pada aplikasi status saya berubah menjadi ""Antrean anda telah selesai dilayani"" dan saya harus menunggu keesokan harinya";2;0;;2025-12-12 03:53:42;;;;;;;;;;
921f6f02-85fb-48c5-93b5-2ca8a2819f29;Wahyu Kurniawan;https://play-lh.googleusercontent.com/a-/ALV-UjU_O0euPvq_1zt8rzvXIjMUj2JEiPdIWunvY1XSWb6v5kVP4il6;sangat membantu sekali untuk informasi kesehatan;5;0;4.14.0;2025-12-12 03:47:30;;;4.14.0;;;;;;;
5bd7f9cb-a7e5-4341-ad6b-f2e3e52e1198;Irma Kartika;https://play-lh.googleusercontent.com/a/ACg8ocIL7uequhR-dFOPGa5m7akUOmpa0bSIUabvPsQz465GPBZ5NA=mo;baik;5;0;4.14.0;2025-12-12 03:43:18;;;4.14.0;;;;;;;
2e3876ed-9898-44de-a749-692113804d44;M. Ali Bonda;https://play-lh.googleusercontent.com/a/ACg8ocJ2g-y-G4ct9cKXkj48uj9jUs8k-ipOyjMZEunulrQ3ABbvFw=mo;sangat baik.;5;0;4.14.0;2025-12-12 03:39:24;;;4.14.0;;;;;;;
ab57d333-d432-4cd5-802e-711dbff357b8;Afsyaan Atamuar;https://play-lh.googleusercontent.com/a/ACg8ocLoOMiqlpr6EFdql5VnReD-xB-EM4Mi8iacjdQySE7T1F-P0Q=mo;bagus;2;0;4.14.0;2025-12-12 03:35:55;;;4.14.0;;;;;;;
a8c50f18-932e-4042-9348-9517d804eb66;Asalman Zamili;https://play-lh.googleusercontent.com/a-/ALV-UjUR7mZfWFlwgc66YMnexy6dWzQPhZ49n9tFJXfh-5J8QLko7r46;aplikasi mantap;5;0;4.14.0;2025-12-12 03:33:57;;;4.14.0;;;;;;;
161d6f8a-516c-4c21-a6b7-a208da501407;Tutik;https://play-lh.googleusercontent.com/a/ACg8ocLKSEN8QOYOZv5jNUmxQNXvHqJpUdXv_sdW91VNDrn-hBSF0g=mo;Terimakasih;5;0;4.14.0;2025-12-12 03:24:37;;;4.14.0;;;;;;;
ceb97f45-0825-4a0e-8af7-5c46e293a9fe;ARF bassotodidax;https://play-lh.googleusercontent.com/a-/ALV-UjXqp-AVf5TKW7TstT0n4ZSWeG_iAUp74vs9m0xLk6ZKST4TJdM;good;5;0;4.14.0;2025-12-12 03:24:32;;;4.14.0;;;;;;;
afc7ae1e-1c1d-423b-9d47-0bc7a0bca563;Ibnu Zaks;https://play-lh.googleusercontent.com/a/ACg8ocL0AhHXBv0nRj7Bw0PLZhe6NMWZ1Ze314NoHVaXgUaxZvj8dA=mo;cepat;5;0;;2025-12-12 03:15:08;;;;;;;;;;
869a9e25-330e-45a1-944b-5284e676de13;Niko Saputra;https://play-lh.googleusercontent.com/a/ACg8ocK_Ayf3rvvBAMNCFUyh0ABHpp_Xd1AYnNA2C68CTdYJGmmg=mo;Mantap, semakin mempermudah;5;0;;2025-12-12 03:14:18;;;;;;;;;;
1bedc067-7ca8-4c82-b2b8-8060563947d7;Rohani Hutapea;https://play-lh.googleusercontent.com/a/ACg8ocIboyVM8GYN_gYhPjk8G14S1O8Mcom-tT_ZsdIuDwo8ADBnLus=mo;luar biasa...;5;0;4.14.0;2025-12-12 03:13:55;;;4.14.0;;;;;;;
372fd952-4116-4dd6-8f8d-4f1d4a76807d;Pengusaha Muda;https://play-lh.googleusercontent.com/a/ACg8ocLFZLkJy-HNuhqRrVqLHth87q9GcxglbQb42wiZ8H0yoypxOA=mo;sangat sulit log-in;1;0;4.14.0;2025-12-12 03:13:14;;;4.14.0;;;;;;;
03680e65-889f-4269-a30c-86ab420cc0af;Ira Safira;https://play-lh.googleusercontent.com/a/ACg8ocIYnR2R11jNI6i3xXtyxOaD0PzjY6TKf47MOX6svTD2WXW-tg=mo;ok;5;0;4.14.0;2025-12-12 03:07:33;;;4.14.0;;;;;;;
f12436bf-7a43-49f5-839a-8f0e5d9a8c95;RENA CINTIA DEWI;https://play-lh.googleusercontent.com/a-/ALV-UjU8S3jcVqWYqhh97psflUxY5j3ukj54YxN39BGy8Zctj7o9R2JD;sampah ga berguna, katanya lupa pwt srh klik lupa pswt giliran suruh konfirmasi lwt SMS ga dikirim 2 trus kpn iso masuk e;1;0;4.14.0;2025-12-12 03:03:57;;;4.14.0;;;;;;;
386a93f9-7fa4-4492-9f56-c926c4230ab7;Wahyu Hidayahtullah;https://play-lh.googleusercontent.com/a-/ALV-UjWAFsIB6mOMiNJTK-jGjQ7B0eJvIHy-6FtXZ2z7dHTMtsaWovwc;aplikasi taekk.. tiap update atau sebulan sx harus login kembali masukan email pasword lh.. unfaedah.. makin maju teknologi bukan nya buat mudah, malah makin ribet..;1;0;4.14.0;2025-12-12 02:59:12;;;4.14.0;;;;;;;
661f928a-b2bc-4571-bd48-b7a181f9c34d;Johani;https://play-lh.googleusercontent.com/a/ACg8ocKstHDqo9fquLRbQnpKmToGzlLw_yOFoBYV08XCCJfWXrZMcg=mo;kak izin tanya, ini mau login dan lupa katsan kode verifikasi tidak masuk-masuk ke nomor yang sudah di input dengan benar, mohon responya kak karena tidak tahu harus konsul kemna;3;0;4.14.0;2025-12-12 02:55:34;;;4.14.0;;;;;;;
14c5e7fa-f338-4b4c-9b1c-0a9f2690585d;Jarwanto Efendi;https://play-lh.googleusercontent.com/a-/ALV-UjXiPujtKjV6V0Mhs4sj7tT_UCX9EWD4MlbdNi3SPTbhtTAzSjSC;sangat menarik;5;0;4.14.0;2025-12-12 02:47:23;;;4.14.0;;;;;;;
e294c8d7-a6e0-452e-b17b-b416dcf8a2d5;MAYA BAJASARI, S.H;https://play-lh.googleusercontent.com/a-/ALV-UjX4HQHvyDSfhISHG375wRJ0cpp5J-EqgsxMcy-Jgh2Zf99P0YRB;Mudah dan Cepat;5;0;4.14.0;2025-12-12 02:44:36;;;4.14.0;;;;;;;
8a5ea603-376f-4630-9700-348b9c74fbe3;Dani Dragon;https://play-lh.googleusercontent.com/a-/ALV-UjWLdDdlABbDpqjOqiBKfT1oTPDoy6EiXRSDnPHJeS7-v_xZgA2i;kasian istri saya dh datang di suruh online data dh jelas selalu salah gagal masuk. kalu mau membunuh orang jangan pake aplikasi kaya gini ribet.;1;0;4.14.0;2025-12-12 02:42:49;;;4.14.0;;;;;;;
7565f938-ca54-4432-b20d-cc6f4a966e18;Nurwanto wanto;https://play-lh.googleusercontent.com/a-/ALV-UjUvS4OtUSr7etfMTbjnuwz8lmXONKPeyV_0-9BcnsDXe5MsQW0;gimana cara daftar JKN ini yha;4;0;4.14.0;2025-12-12 02:37:46;;;4.14.0;;;;;;;
410e757a-63cf-4fd2-9a64-6d709c8efce3;Sani Muharom;https://play-lh.googleusercontent.com/a/ACg8ocKXU3jHIISw0QoSycD3i_a5_SvpSYfivj4KWjyPKdZOfVOM5A=mo;mantap;5;0;;2025-12-12 02:36:29;;;;;;;;;;
2bc86374-01dc-45ae-849e-e4ed1dd411ef;Agus Rachmad;https://play-lh.googleusercontent.com/a/ACg8ocJWhP0SXWUWDSeXkEg7VIAbcT0jMEd6-_mUAI63zXvRzOqR1A=mo;aplikasi lancar dan sangat membantu.;5;0;4.14.0;2025-12-12 02:28:01;;;4.14.0;;;;;;;
c5ab2ebd-a594-42ea-a7e1-fe677981fe33;AYU QUEENO;https://play-lh.googleusercontent.com/a/ACg8ocKCJsObpsU2uj8R5rNF9v1vpouNvjlcUBX7kJ6U4eHoyMTXHg=mo;Pin itu di bikin sendiri apa dapat dari mobile jkn, saya pengguna baru, mohon bantuannya.;5;0;4.14.0;2025-12-12 02:11:18;;;4.14.0;;;;;;;
d8f4cd3e-62ca-4a76-bd6a-79584906bf09;Bin Muhammad;https://play-lh.googleusercontent.com/a-/ALV-UjVvFhzBJmdnYIW4OY_T9V2nqst16sfiSO3LW_7SmNHl_RKi55MY;saya bingung kenapa sering sekali harus login ulang;3;0;4.14.0;2025-12-12 02:06:34;;;4.14.0;;;;;;;
3999b795-7fac-408f-9175-fc05351e8287;are you kidding me;https://play-lh.googleusercontent.com/a-/ALV-UjXMl6MFU_qtteaKtQM7F35TxwPzsoO-pnLNHGWTsuP7cjshOgY_;saya mohon untuk diperbaiki lagi,saya sering menggunakan aplikasi ini tapi sejak update terbaru LOG OUT sendiri LOG IN lagi tetap gak bisa makin dipersulit,buat laporan pun PERCUMA DAN JAWABANYA SELALU SAMA NUNGGU VIRAL DULU BARU DIBENERIN;1;0;4.14.0;2025-12-12 02:01:30;;;4.14.0;;;;;;;
a533b9ae-6e5d-4a4f-8524-a9580109a1e1;haidar zidan ilahi;https://play-lh.googleusercontent.com/a-/ALV-UjUcCfDyqxEdQ-RP8IZoUEZeANqvYhqzZHVG7Bpa-kuRU8quXN4;brobat di pernudah;5;0;4.14.0;2025-12-12 01:57:57;;;4.14.0;;;;;;;
b493338b-c9ff-4671-bbba-c56e03b96786;Reno Reno;https://play-lh.googleusercontent.com/a-/ALV-UjVmxsHaNztm9DGDtpdXvkDc0yKyp1DAtIG5fgGC3vlfI83RaVI;bagus dan sangat membantu;5;0;;2025-12-12 01:57:53;;;;;;;;;;
6b476f16-7395-4efb-b581-7f9890c850e3;Rahadian Ramadhan;https://play-lh.googleusercontent.com/a-/ALV-UjWNFLFWTF8aZGyuppf2B-28l-WVYINHy-vSa_lBV7cysJwoJmwE;bagus memudahkan untuk berobat;5;0;;2025-12-12 01:34:54;;;;;;;;;;
ef46fbb4-b8a0-48af-af96-3aec59dca5b8;Syukron Makmun;https://play-lh.googleusercontent.com/a/ACg8ocLwjfR2ND6dmAWbg-DplsD_kXEQaJBYW-zcEgER_H3MZbBJAA=mo;mantap;5;0;;2025-12-12 01:32:57;;;;;;;;;;
89aed108-d3f6-4368-a617-23a43677fe46;edo panhoten andalas;https://play-lh.googleusercontent.com/a-/ALV-UjVgJst3HwvSw4QRsm-1a-VHdHK9aLC75tDa86M0CMqCI0Vy64I;sangat membantu;5;0;4.14.0;2025-12-12 01:28:52;;;4.14.0;;;;;;;
135d3d89-7d38-4c5d-b4bf-ecf6f8de1257;randi pratama;https://play-lh.googleusercontent.com/a-/ALV-UjUdv6utekPOO4NQvoTkmArsAN_C1NTyecQr7cS2ZsYAXvwiAoE;kurang friendly . karen anak harus punya aplikasi . coba anda bayangkan anak di bawah 5 tahun apakah harus di berikan hp untuk mendaftar dan apakah anak di bawah 1 tahun juga. sehingga sulit untuk melihat history berobat. coba di benerin system agar mudah dan friendly;3;0;;2025-12-12 01:06:14;;;;;;;;;;
85e524b8-21d1-4849-badb-d7c7088b10c0;si komo;https://play-lh.googleusercontent.com/a/ACg8ocLHwTtfOvxlO_FsbSXbczeFIH001le9acEtKh559v3DAHSYsQ=mo;good;5;0;;2025-12-12 00:54:44;;;;;;;;;;
98b0e213-5c12-47b2-bf98-a8cc36f12b11;Niha;https://play-lh.googleusercontent.com/a/ACg8ocJHunkU8Ec-5PBRCVR7U2CoUGSq_ZtF7UB7CGW72kq-xiy4jA=mo;bagus;5;0;4.14.0;2025-12-12 00:27:40;;;4.14.0;;;;;;;
0ff8e233-aa7c-4725-a343-51d71b755180;Sozihasrat Gulo;https://play-lh.googleusercontent.com/a-/ALV-UjXXtMNx47Rmlmuh7Kf4VgL5cIfrvUDphHFE5fqLbJYwiGFUSlc;ok;5;0;;2025-12-12 00:14:07;;;;;;;;;;
e4610124-8c65-4c40-a745-9b3540ec7048;Muhamad Abrori;https://play-lh.googleusercontent.com/a/ACg8ocJE9-5-CtPu2XYDhu0n1-bElQgrIlWLnJHazIyt5X48mmGUd4s=mo;bagus,dan mudah;5;0;;2025-12-12 00:12:07;;;;;;;;;;
efc18518-fc34-4c3d-86c5-043fefe547e2;Elih Mustaqimah;https://play-lh.googleusercontent.com/a/ACg8ocIfunHUK0MfukslrmUObn8d1fOrkWNd--NMT8Uldo9SX0JKmQ=mo;bikin ribet,sering eror,susah log in...bikin ribet masyarakat;1;0;4.14.0;2025-12-12 00:10:42;;;4.14.0;;;;;;;
ff334887-2567-4912-a9af-d5016329ec9c;Riska Erdiana;https://play-lh.googleusercontent.com/a/ACg8ocI8ElhmtgbAR3c4q2IxNrmBLXZ91HN6wZYlLMKWLWSAvENmTQ=mo;Auto debet aktif sendiri padahal nggak pernah masukkan no rekening untuk fitur itu 🤡;1;0;4.14.0;2025-12-12 00:09:52;;;4.14.0;;;;;;;
d3b6e53b-a22e-494f-a782-dd5f8c266a80;Yusuf Ramya;https://play-lh.googleusercontent.com/a-/ALV-UjUcUw1WwRqFiWgbGPMYHHceBNC8In5pbgTalz3I3lUa7DzDwggg;diakses tdk bisa, uninstall pun tdk bisa;1;0;4.14.0;2025-12-12 00:05:57;;;4.14.0;;;;;;;
9ac429c8-091a-428a-a05d-71601e0fd9ec;Novi yanah;https://play-lh.googleusercontent.com/a-/ALV-UjWQ_JcHi3jU2kwkyiUnTYukNX2VDN4i1JDKjdi5_GZRznS_c28;bagus aplikasinya mudah di gunakan;5;0;;2025-12-11 23:58:06;;;;;;;;;;
4e71999b-fdf5-4b8f-ba02-5d807cf7da97;Alesha Munandar;https://play-lh.googleusercontent.com/a-/ALV-UjUoBbBJ52dyZdHJMV1PSGP87zv4vAUewcVZCvZ1kaXCaz3b7IU;sangat membantu;5;0;4.14.0;2025-12-11 23:49:47;;;4.14.0;;;;;;;
61e4006a-efea-47a0-a5a5-c126110f86b2;Muhammad Saroni;https://play-lh.googleusercontent.com/a/ACg8ocKlQwLBji4tTKTdCp_lqK06Sr6st9nqhrZ6m9YOz5hF2Ap5Qw=mo;pelayanan kurang optimal;1;0;4.14.0;2025-12-11 23:28:05;;;4.14.0;;;;;;;
bd494e63-3e87-4bef-8779-7590439f09e4;Sekar sekar;https://play-lh.googleusercontent.com/a/ACg8ocL3pI2BbED8cdvG5lZ5MkFpcNOCF4hcWW8N0o_ZxEsmcUkrJQ=mo;Puas Sekali;5;0;4.14.0;2025-12-11 23:14:43;;;4.14.0;;;;;;;
68fa5475-5b03-4648-914f-24ef50edab71;Mbah Tatak;https://play-lh.googleusercontent.com/a/ACg8ocI7_7H3hytObD_3UIdCqK4Ju74r7Rl48rdvag9Ttcv35iSEpA=mo;mau verifikasi aja susah mau login ulang susah via wa diputer puter via situs ujung ujungnya sistem sedang diperbaiki padahal cuma mau ngrubah data ..tp dipersulit juga;1;0;4.14.0;2025-12-11 22:55:53;;;4.14.0;;;;;;;
644d098f-87b9-4f9f-bb40-bccaa20b2c72;Agus Setyo Budi;https://play-lh.googleusercontent.com/a-/ALV-UjWgU7ypKBu5tCksuRiJJr7ZKktiERjAWaR0X9yGSjKv5W7Fomw;masih sama pernasalahannya, sms otp masuknya telat;5;0;;2025-12-11 22:19:04;;;;;;;;;;
6f65ffad-3f7c-4082-bb64-4085fcc7f824;Taryono Taryono;https://play-lh.googleusercontent.com/a/ACg8ocIZm570LzKfiLRzHRrs6H1xuF3DrU7oj0ETbDQ-v6eVhgN9rQ=mo;apdet teruuuus jadi eror booosss,saya bayar boos bpjs;1;0;;2025-12-11 22:05:26;;;;;;;;;;
75b11a48-431f-4cfd-bea4-f2ada673f6af;Mamlu Niami;https://play-lh.googleusercontent.com/a/ACg8ocKASQpVZoFybLV6v89TBBk_MARhUcv5umiDmqG3aqj9gh03pw=mo;semoga pelayanannya LBH d mudahkan LG;5;0;4.14.0;2025-12-11 21:51:18;;;4.14.0;;;;;;;
53c5461f-6390-45c5-9f54-81a5b4320cbe;Pon No Ichi;https://play-lh.googleusercontent.com/a-/ALV-UjVl4V9AoeeXxnha3Uj2x713qOPPTc_EHY-jF2w613JCQFWNunS5;akhirnya bisa login;4;0;4.14.0;2025-12-11 20:48:19;;;4.14.0;;;;;;;
2f5a9f9b-0c3c-440f-82c9-aecc19710363;Septi Paryani;https://play-lh.googleusercontent.com/a/ACg8ocLpzBfUurMFQk6DgHYjPzx-6oXp7orHnfCsHKKubZQWOjE9Lw=mo;mudah cept membantu;5;0;4.14.0;2025-12-11 20:09:20;;;4.14.0;;;;;;;
f825a503-1267-4413-bccb-8f16feea145d;Budi Barock;https://play-lh.googleusercontent.com/a-/ALV-UjVt9pRLiXyawtonoC3MbjEHiLvQxktvhlBzOKkUGu2VTzQ2r74;tidak bisa mendaftar kendala no hp tidak sesuai, padahal no hp sy benar;1;0;4.14.0;2025-12-11 19:00:23;;;4.14.0;;;;;;;
6c0a0a1e-99da-464c-a37f-84c60f268c7d;Zulkifli Zul;https://play-lh.googleusercontent.com/a/ACg8ocJmDpS2ozr-Y9U16oWudP_HNAK8kjALJBq3DM3MjX_lRnTV9g=mo;mudah di atur;5;0;4.14.0;2025-12-11 17:58:44;;;4.14.0;;;;;;;
60da10db-6d8f-402a-9bf7-75d87a3b199b;Hiro Ramadana B.T.J.S;https://play-lh.googleusercontent.com/a-/ALV-UjXTL53teOoH7To8eTA9A-09WOipoOMZm0YN5tOwvPqe1fvLsGYo;kembalikan chika, saat butuh informasi saya butuh CS bukan robot .;1;0;4.14.0;2025-12-11 17:33:04;;;4.14.0;;;;;;;
ea00b4ff-86a0-4768-ae58-c336085458f3;Anas Adiansyah;https://play-lh.googleusercontent.com/a-/ALV-UjU40RSRUudyF6ZrM9vxx0NdIRkmrR0bJoNZ5KQi0AdCeF2MBd8o;kereeeeeen;5;0;4.14.0;2025-12-11 16:55:50;;;4.14.0;;;;;;;
51b8f0ed-1323-4bf6-9cf1-ed5d3a222861;siti Hmhrh;https://play-lh.googleusercontent.com/a/ACg8ocJZBDUNzH0emaChep4cQSw_GnVvYPZHP8jIpEOIpxbgCYagcA=mo;mempermudah masyarakat;5;0;4.14.0;2025-12-11 16:48:29;;;4.14.0;;;;;;;
1e7a8f04-fc22-44fa-bff5-886b2ebf8183;Anra Shuwarso;https://play-lh.googleusercontent.com/a-/ALV-UjV-h8kMnInoa1LnQNOADpgv293qWZS_-2ZJPIRsYIFVf6Vr0RNw;Setelah update baru. Kode Captcha sudah muncul. Giliran pilih lupa password katanya data NIK belum terdaftar. Coba isi form daftar katanya status NIK pada data kependudukan tidak terdaftar hubungi dinas kependudukan. hadeh... Mau bayar koq susah...;1;0;4.14.0;2025-12-11 16:27:12;;;4.14.0;;;;;;;
3f5270a5-b47b-446b-b506-2922da564650;Andri Andri;https://play-lh.googleusercontent.com/a/ACg8ocJusJShViQLLauxakpBsN_BcaQy-d9fj6_fNvfvn48H6ADs=mo;sangat bermanfaat bagi kita masyarakat untuk berobat ... terimakasih JKN;5;0;4.14.0;2025-12-11 15:58:47;;;4.14.0;;;;;;;
c0a60601-ce2d-43d9-8819-01f7275a65b3;Ni wayan suastini;https://play-lh.googleusercontent.com/a/ACg8ocKPCRWwdMf3LVoCWhL6Pe4pA677CLD8Ejf0ivMDppD6_dkuZA=mo;baik tapi perlu di tingkatkan;4;0;4.14.0;2025-12-11 15:48:59;;;4.14.0;;;;;;;
7c51bed6-6419-406b-a79c-038fd7508437;Putri Sabilani;https://play-lh.googleusercontent.com/a/ACg8ocJ-SUkv1tP231z3gwDGoyDKIxaChLdLWsAZaD1u6jtuFcvF0g=mo;bjs gratis cmak kali pakai;5;0;;2025-12-11 15:42:36;;;;;;;;;;
1250536c-7799-4d70-bb06-bdab7c18bdf4;Mahrus Mayong;https://play-lh.googleusercontent.com/a-/ALV-UjWQOtV38vVI40XV2axS5XIERcgwxgLA3o4eVA0wsHtQf0hBGnZw;Muantap 👍;5;0;4.14.0;2025-12-11 15:41:01;;;4.14.0;;;;;;;
538e95f5-834b-403e-9341-5be6f325389f;Mohammad Hasbiyansah Malik;https://play-lh.googleusercontent.com/a-/ALV-UjVbuzPoUspuQOKfaRVAzBA0ydArMzavFKclM5lVa5BTG_qmOlZC;apalah jelek bngt apknya, mau masuk aja try again² sampe mabok, pdhl ngisi format sesuai;1;0;4.14.0;2025-12-11 14:58:30;;;4.14.0;;;;;;;
5f245f03-fcac-425b-8b5b-39e7adbf65c4;Asih aku mana ngerti Cute;https://play-lh.googleusercontent.com/a-/ALV-UjXvOCls0bHNosvT97zmEMjijR9PkDHWJuYwPAcqKc1KPfWFGRuPpA;sangat membantu;5;0;4.14.0;2025-12-11 14:44:39;;;4.14.0;;;;;;;
6073f3cf-dc49-4bb5-aeeb-99470fc66131;Yulianti Firza;https://play-lh.googleusercontent.com/a/ACg8ocKLn5CxFK31V2xt7kjpgnmQBhrtDv9ifbgwuxvYfuCmXVG5xQ=mo;sangat membantu;5;0;4.14.0;2025-12-11 14:33:30;;;4.14.0;;;;;;;
2633bd36-ed50-45ed-bb82-352bed35b1de;Novha Tria;https://play-lh.googleusercontent.com/a-/ALV-UjX-N0sRf7vgGfpov6oja-smcm-lV0od1G02YrdRElZDgX3NoMI;bagus cepat dan mudah;5;0;;2025-12-11 14:32:40;;;;;;;;;;
ef99fea5-f3c2-41a5-b9ed-5c1583805996;asepdudu Abdulaziz;https://play-lh.googleusercontent.com/a-/ALV-UjWiWIZPrfwBK1YLsV0CJ6TqGb8RIu6tZU9BfqvfSdieEssaJO4;cukup membantu mudah di akses;4;0;;2025-12-11 14:23:51;;;;;;;;;;
14817352-933b-4441-b5df-05e974837675;fajri ramdani;https://play-lh.googleusercontent.com/a-/ALV-UjVxjDqTZ8bOQAG7nVm3jt5zabBrcq8J3jqOAjx0f218mTHqEXg;gk penting banget nih aplikasi, cuman buat buang duit pemerintahan. gk lucu bpjs dkk, mau masuk ugd suruh download aplikasi ini dulu.;3;0;;2025-12-11 14:14:05;;;;;;;;;;
20ae0c69-397a-4d7c-ac1d-fb831b958382;Endrajaya Kameswara;https://play-lh.googleusercontent.com/a/ACg8ocKNiwYBVpKh8ahkr-8ZZM31nQH8n3vLMZvRG-IwEjKsI0DCOQ=mo;mantap;5;0;4.14.0;2025-12-11 13:47:38;;;4.14.0;;;;;;;
662e9956-98a2-42e2-b227-661a755e7e9c;Jajat Pribadi;https://play-lh.googleusercontent.com/a-/ALV-UjUfo0MOHEyiJofX_OCWdYbeEZH8gurj-goJmoGsCr_iAXUkNTI;dgn JKN semua dipermudah;5;0;;2025-12-11 13:37:57;;;;;;;;;;
f67d1f31-bfd9-4082-85de-97792ee5c50a;piki sunjaya;https://play-lh.googleusercontent.com/a/ACg8ocI2Z_mnXQ0_9c6yWSFNb7hw6h_iw3mT2pd-OsvaoOySptTP9A=mo;cuma biasa mohon maaf.. mohon maaf tapi tidak memperbaiki sistem nya;1;0;;2025-12-11 13:34:52;;;;;;;;;;
cd8a8d65-4242-458f-a1c7-04acba5ba840;jhony tekniko;https://play-lh.googleusercontent.com/a/ACg8ocIemCDLqOcsfxlT1AIACI_F3fPmoEhhY6DhEWNJxxhFjCxy=mo;quick respon;5;0;4.14.0;2025-12-11 13:18:59;;;4.14.0;;;;;;;
f20e2f04-4a76-45f7-8475-9767b081b056;Fazri Pasaribu;https://play-lh.googleusercontent.com/a/ACg8ocI2fMy7EhC232AchNtg6xbaWXfeIvHUkmWYcBHUTi3QS6TEwQ=mo;bagus sangat bermanfaat bagi pengguna pelosok;5;0;4.14.0;2025-12-11 13:10:58;;;4.14.0;;;;;;;
482d3f08-94b2-491a-8e1f-d5baa0d549c5;Hidayatullah Bin Slamet;https://play-lh.googleusercontent.com/a-/ALV-UjWjU3hXmS2ZX_-k7auU8XNBfcUMrpUMB_K9pwb45OM5dfin2Ioe;Memudahkan untuk administrasi berobat;5;0;4.14.0;2025-12-11 13:04:02;;;4.14.0;;;;;;;
53aab74a-419d-4a5e-810b-8b26cd913257;Firmansyah Sst;https://play-lh.googleusercontent.com/a-/ALV-UjVHBm6hz22JmI9E5SifY-x3dAPOuqCz7qyJQsvk63Sf9jAd1po;memudahkan ganti faskes mantap;5;0;4.14.0;2025-12-11 12:55:12;;;4.14.0;;;;;;;
d51ea016-53e2-47b6-91d0-3f97369720d3;Nani Sumarni;https://play-lh.googleusercontent.com/a-/ALV-UjV092r5ZGKcbr3hXsCYP41lpnK309uYvp_d3fu_Y7zCVU7khbDV;Ga bisa digunakan lagi;1;0;4.13.1;2025-12-11 12:45:45;;;4.13.1;;;;;;;
7069ec11-48af-4f52-a7e1-ae83f3ae2917;Rusli Helly;https://play-lh.googleusercontent.com/a/ACg8ocLhmrEkIl0pW4JhvGm2FtBctuUMNwh-l_oXoMHyE1HYwElCHg=mo;Sangat membantu;5;0;4.14.0;2025-12-11 12:43:47;;;4.14.0;;;;;;;
04e75877-e2eb-4d84-87e8-d0c76efe02e0;Anata;https://play-lh.googleusercontent.com/a-/ALV-UjWMT3HxDfPVG-pKnvrVXWaQDUVZNnlc895-8MxzRhTkc1YbrkY;kenapa gak bisa dipake ambil antrean ya? kok cuma tersedia di wilayah Bali aja sih;1;0;4.14.0;2025-12-11 12:29:15;;;4.14.0;;;;;;;
862fc65c-7108-4661-a06b-dee304bc2e75;Semut Rangrang13;https://play-lh.googleusercontent.com/a-/ALV-UjWvbrGMSfSdpXr6Ag-qq0RR64TMab7cb5AKsWnngpfmQnBhls-A;praktis;5;0;4.14.0;2025-12-11 12:21:03;;;4.14.0;;;;;;;
14e6da14-8a5c-43ba-9256-080c4834c45c;Irwan Hermawan;https://play-lh.googleusercontent.com/a/ACg8ocKFzxUEZiFB4Aj-IT4SY4viZtQe-U6AS7duYmBSiJ_rj2anJw=mo;baik;5;0;4.14.0;2025-12-11 12:14:39;;;4.14.0;;;;;;;
be6d0b57-2da8-4c4c-a56c-fbb302468a24;Awink aja;https://play-lh.googleusercontent.com/a/ACg8ocJ2-I0--O_0K-oikfTLL3Hr7vnGHhWKblvTBPYnLuheVCLhOA=mo;setiap pembaharuan suka keluar akun terus, dan susah untuk menanyakan lupa sandi;5;0;4.14.0;2025-12-11 12:08:41;"Mohon maaf atas ketidaknyamanannya. Jika Anda sudah memiliki user Pengguna Mobile JKN, dapat langsung masuk/login dengan menginput NIK KTP dan password yang sudah didaftarkan. atau lakukan registrasi Pengguna Mobile JKN terlebih dahulu (jika belum terdaftar user Mobile JKN) dengan memilih ""Daftar"". Terima kasih.";2025-12-11 07:33:18;4.14.0;;;;;;;
376a0116-86b8-4528-bc88-3eefc2a085d4;agus turyono;https://play-lh.googleusercontent.com/a/ACg8ocKDQWPNb5oFBDTgLeViKApGA3FmtGgKeZuv3m_JuesIXQ353g=mo;Untuk memverifikasi tidak bisa,,,;1;0;4.14.0;2025-12-11 11:50:04;;;4.14.0;;;;;;;
3eb7e81a-fe87-4505-a1cf-7c11bbe30341;Lezi Ariani;https://play-lh.googleusercontent.com/a-/ALV-UjXPlXG9W7xd5snnYFXMO-EtA_YgcRw_Z3CG65BhR6erPZ0905Rp;bagus;5;0;4.14.0;2025-12-11 11:48:39;;;4.14.0;;;;;;;
771c4114-986b-4c44-9f7b-5e1359b664d6;Kalam Zein;https://play-lh.googleusercontent.com/a/ACg8ocIAFAxGX0XakepMXEBge_0bEXrwrl78GhCl0_dkUjAPinRi368=mo;berfungsi dan bermanfaat;5;0;4.14.0;2025-12-11 11:33:24;;;4.14.0;;;;;;;
8595112d-d4d4-4b83-b995-cd05705e2182;Susi Fitriana;https://play-lh.googleusercontent.com/a-/ALV-UjWN7lH0uP1Qcp-QZPIR0VFc99z6-v271rbnkc6-GP4j0jaQO8Q;sangat membantu sekali dan mempermudah akses pendaftaran;5;0;4.14.0;2025-12-11 11:32:11;;;4.14.0;;;;;;;
936a40be-b171-482d-bc1a-1b17d9eec1da;Winie Nuraeni;https://play-lh.googleusercontent.com/a/ACg8ocKR8vKDZN3pIn2lWjljMAOfXUUlYh6Jb1EJIf4sMO9WDHP-iA=mo;Mantap;5;0;;2025-12-11 11:30:37;;;;;;;;;;
a0a5a7dc-b6d1-421d-b3b7-270de97df189;Sari Baim;https://play-lh.googleusercontent.com/a/ACg8ocJGFT1wnGJziaORKIR0dzDnboauGQmpUZMDV7_1bsaqUr2gBQ=mo;aplikasi selalu logout sendiri,untuk masuk kembali juga sangat sulit padahal sebelumnya sudah pernah dipakai hampir 7bln tidak bisa dibuka aplikasinya;1;0;4.14.0;2025-12-11 11:25:49;;;4.14.0;;;;;;;
6d58ba53-7d03-4528-9c37-962db9f9ec74;uus usnadi;https://play-lh.googleusercontent.com/a-/ALV-UjXxus-3yrVtQ3VjXU8aMN8ktPBA6YczpXv9o6KJFsXL3zJmVIVT;bagus;5;0;4.14.0;2025-12-11 11:25:01;;;4.14.0;;;;;;;
45d72f4e-c806-4d8a-86c9-7d2902521fbe;Siti Rooiyyatuzzahra;https://play-lh.googleusercontent.com/a-/ALV-UjUXhruhWQCI03FwV5B1LkcfLEsI_fNdpLHwu5bzGrKv2pXwFE4R;semisalnya kita udah ambil antrian online apakah bisa ada tambahan biar kita bisa cek lagi soalnya habis itu ga bisa lihat lagi nomor antrian nya kalo ga di screenshot;5;0;4.13.1;2025-12-11 11:03:17;;;4.13.1;;;;;;;
a9f8eca7-660b-49cc-ae51-3d3bc9150b78;iwan setiawan;https://play-lh.googleusercontent.com/a-/ALV-UjX3daojl-14Gjoa8-GFOSROfRMktHQy1Ja03_fuD7IU4P1h8M0;sangat baik unt pengguna bpjs;5;0;4.14.0;2025-12-11 10:59:46;;;4.14.0;;;;;;;
ac0119b7-7c24-4951-af5d-284fa3303d76;Fachry dwitama;https://play-lh.googleusercontent.com/a/ACg8ocJLrJjWrAWOq3g5Qd5T2KQgKupYe5ybaBAamUPqi3R-DXpLSA=mo;semakin mudah dg aplikasi JKN;5;0;;2025-12-11 10:59:38;;;;;;;;;;
d3fe1ccd-ba69-4bcc-aadf-0ee2a8de258d;arifur faqih;https://play-lh.googleusercontent.com/a-/ALV-UjVILVSrmJrc1d3p0DJNJ6CorrCUPkZa_C73n0-hjbg82QxtzRYi;saat dafta online ketika pilih nama pemilik kartu blank, IT nya kurang canggih;1;0;4.14.0;2025-12-11 10:50:41;;;4.14.0;;;;;;;
27e74a88-b7b0-4d87-af87-0be3d288d716;daniel aritonang;https://play-lh.googleusercontent.com/a-/ALV-UjWJW5Z5UvDbzTxprMMjWPxA5iMKkUplQAgs-p6ulXOzxdEbD0ri;mantap;5;0;4.14.0;2025-12-11 10:35:36;;;4.14.0;;;;;;;
548c53fe-fc9b-417f-b28a-67078bbc1d7d;Maman Warman;https://play-lh.googleusercontent.com/a/ACg8ocJ-UdOwdbe97qru4sTL89Fk76SLxE7iasn0ziIwOc8HABwL5g=mo;sangat memebantu;5;0;4.14.0;2025-12-11 10:14:08;;;4.14.0;;;;;;;
29a05dbc-8a75-4fdf-86d1-3dbd119d6c09;Gresiana Meli;https://play-lh.googleusercontent.com/a/ACg8ocK_AquRQywouO8RdQcJfBO-msbX5aOXBclZQQnU3xxnlqDPkQ=mo;Alhamdulillah mudah digunakan;5;0;4.14.0;2025-12-11 10:08:12;;;4.14.0;;;;;;;
de29fa52-8af8-469d-9cf3-693554fe91dd;Yusup S;https://play-lh.googleusercontent.com/a/ACg8ocJJw3m-jIp0SXVg3I6m27orCtKUKJsRzxP2kIGCF2gyEjfnSA=mo;aneh udah tau yang sakit nya repot mlh daftar nya suruh senyum aplikasi nya ada ada aja verivikasi nya padahal wajah doank juga bisa kan ribet banget;1;0;4.14.0;2025-12-11 10:07:02;;;4.14.0;;;;;;;
3a2a0815-873e-457b-a8f9-43099500dd08;RENI ADI PRASETIO;https://play-lh.googleusercontent.com/a-/ALV-UjUHUoibj2ImtoCTHUAq_eFK9PUsIBD6wBTlghZlb0pditwl6aM;antrian lewat bpjs ternya tidak berguna, sampai tem juga harus antri manual.;1;0;4.14.0;2025-12-11 10:01:06;;;4.14.0;;;;;;;
64980d22-0337-4314-8fb0-214dba0783b3;Buna Kayla;https://play-lh.googleusercontent.com/a/ACg8ocI-SOkRt1ExwEW9nVZaeM1kXQSZhKGtlCkDFqkCJN_FeaeQkA=mo;semoga lebih canggih lagi;5;0;;2025-12-11 09:58:15;;;;;;;;;;
a45a6b26-b08c-43b6-a53c-4bebfeccae19;Marian Hidayat;https://play-lh.googleusercontent.com/a-/ALV-UjXb1aV8AmJ4-mH-OxrActEOdopVyqUQfq4PmsBnXZX-LwEf8gpM;top;5;0;4.14.0;2025-12-11 09:56:12;;;4.14.0;;;;;;;
4b8bb325-e481-43e9-b3f7-4a1b621cf009;Mubarok Ismail;https://play-lh.googleusercontent.com/a/ACg8ocJ3nLGkD52lsASSN_rLD2kqnfswjCeGlj5oMCJLHbvfsFLiog=mo;sangat membantu;5;0;4.14.0;2025-12-11 09:55:33;;;4.14.0;;;;;;;
d7fbc4a4-bb47-433e-ae04-83a89220e4a0;La ode suparlin Suparlin;https://play-lh.googleusercontent.com/a-/ALV-UjX8vXxFZlQycVPtkr9dGlqEvdIFIdczeb7PQx3iejvdhr50fBg;aplikasi nya sangat mudah di pahami;5;0;4.14.0;2025-12-11 09:55:05;;;4.14.0;;;;;;;
8303c383-8f58-4e4b-929a-d94a146e0ae0;eri styawan;https://play-lh.googleusercontent.com/a-/ALV-UjWKWKK6yvqrmfyAscpwMDjg0LjKF7qKAv8QigPi1G_oUr5Deo0;sangat membantu dan memudahkan;5;0;4.14.0;2025-12-11 09:49:27;;;4.14.0;;;;;;;
cfcf9538-1ab2-4a3d-a29c-ad2c541e6190;andry 1892;https://play-lh.googleusercontent.com/a-/ALV-UjXWXuqTWtZnWolK8CzwYhnvUUgitWgI0SOmT-nqTWp2WeJ5Cb0LYQ;aplikasi tolol bengak;1;0;4.14.0;2025-12-11 09:45:40;;;4.14.0;;;;;;;
72d59892-162a-4d77-a30e-324e6b44930c;Zakky Drumers offesial;https://play-lh.googleusercontent.com/a-/ALV-UjUsa-bSfajy5SMyxZyXmBpnNCUhPd5JlImkvhQX_BgO_YchZxw;bagus;5;0;4.14.0;2025-12-11 09:41:06;;;4.14.0;;;;;;;
b7897a92-1734-42cb-b46a-774f8586b057;Hans Damo;https://play-lh.googleusercontent.com/a/ACg8ocKdq6gLnEW9WwsqE1cqlTrNzbrQ6xJrqySbHPkHWNWlWvXL3Q=mo;app jelek loading melulu captcha tidak muncul;1;0;;2025-12-11 09:27:56;;;;;;;;;;
fc06327d-5df9-4212-ba1c-bd68cba27d71;Vyto Noversal;https://play-lh.googleusercontent.com/a/ACg8ocJaV1SRHj9NInIX5akWy9XLbW_vC7WulLbJrbDyJ3OzxcPI5Q=mo;sangat membantu;5;0;4.14.0;2025-12-11 09:26:58;;;4.14.0;;;;;;;
7fbed405-9c34-40a2-81fc-6dc3bab363c0;Hendra Kinoy;https://play-lh.googleusercontent.com/a/ACg8ocKjJlR-aZ90hSKNr7zErBzaLWbgiHuG8j3O811Gz68aDiDqDg=mo;sangat membantu;5;0;4.14.0;2025-12-11 09:26:47;;;4.14.0;;;;;;;
6c651ef4-a0d5-48d4-bca1-2ea7f5c07aa7;Jagur Dian;https://play-lh.googleusercontent.com/a/ACg8ocK055UKUaLvAgp5lgb5wTPszq8EnDOmv9VAH_zDPbzxqYrhXQ=mo;pelayanan sangat baik⭐⭐⭐⭐⭐⭐⭐⭐⭐;5;0;4.14.0;2025-12-11 09:20:03;;;4.14.0;;;;;;;
4b4dd5ee-8e31-4787-8e67-12bedddd70dc;Tieman Kartini;https://play-lh.googleusercontent.com/a/ACg8ocJ9hB7O2LBGqYAxBcRcd9TE3n60AT162y5M0RPo1X-bUt91Tg=mo;minta update mulu, padahal yg musti di update sistem didalamnya;1;0;;2025-12-11 09:12:11;;;;;;;;;;
35e79a60-b898-4747-8c68-122317503f9b;Dian Rizky;https://play-lh.googleusercontent.com/a-/ALV-UjVstcjV0Slp_r83YRfG3PuctOyRQ_LuwUzheSzElRrmkS8RL34;semenjak di perbarui ga bisa login payah 👎;1;0;4.14.0;2025-12-11 08:57:25;;;4.14.0;;;;;;;
7ed01afd-9688-4bf1-9581-12e8953de126;Candra Rama;https://play-lh.googleusercontent.com/a-/ALV-UjU5ozbsj0LxfuFwR_MIpYOvRUNPkEf2jnPUCnUPJ0HwQ6yoloc;ga jelas banget, log out sendiri. Giliran masuk semua salah, masuk via lupa paswword error. niat simpel, tp tetep nyusahin aplikasi.;1;0;4.14.0;2025-12-11 08:39:46;;;4.14.0;;;;;;;
8defb43b-91b1-4a37-af28-7bb598bd09b9;Abdul Mulus;https://play-lh.googleusercontent.com/a/ACg8ocJG8yRFWSV1AFRH43L4FCGgQ0-z2uQ8i8NYK5mMrTu5xbtMWg=mo;Sangat membantu dalam proses menjaga kesehatan;5;0;4.14.0;2025-12-11 08:33:40;;;4.14.0;;;;;;;
fb749e68-7921-4112-a2b7-f9ee483b8311;Hadi Rachmat;https://play-lh.googleusercontent.com/a/ACg8ocL0wWf2iNdxw6Gg92i7N-c46HnZNHuiOk-9zJqXvb4ekoY1gg=mo;sangat berguna sekali;5;0;4.14.0;2025-12-11 08:26:08;;;4.14.0;;;;;;;
72b63f40-77ac-4457-8c57-97a588d610b4;Amirul Kurniawan;https://play-lh.googleusercontent.com/a-/ALV-UjW9F3DSdoX57nTK0PUOTIs8ZlfdhS9PLXHXR4jH3pIWD4n2-E3U;Sangat membantu.;5;0;4.14.0;2025-12-11 08:24:55;;;4.14.0;;;;;;;
7d7867da-059a-4380-a091-55497167c9cd;Galang Ibra Felani;https://play-lh.googleusercontent.com/a/ACg8ocLTfq6yfyPBzTScya9lJ3PdrzbKjcHEwCnA6iXIAOb1Igfcew=mo;Sangat membantu sekali;5;0;4.14.0;2025-12-11 08:23:53;;;4.14.0;;;;;;;
fa9222bb-f823-430f-b2ea-2f40c0f0be99;Yusuf Sopandi;https://play-lh.googleusercontent.com/a-/ALV-UjUtfHh1gdudjr1NfKyeC5G7NCwZVQB0vazQ6iCeNQfS1fir7O_pUg;sering logout sendiri rep. Iya tinggal login, tapi tiap butuh logout lagi, jadi kudu login lagi. kan repot.;1;0;4.14.0;2025-12-11 08:08:41;"Mohon maaf atas ketidaknyamanannya. Jika Anda sudah memiliki user Pengguna Mobile JKN, dapat langsung masuk/login dengan menginput NIK KTP dan password yang sudah didaftarkan. atau lakukan registrasi Pengguna Mobile JKN terlebih dahulu (jika belum terdaftar user Mobile JKN) dengan memilih ""Daftar"". Terima kasih.";2025-12-11 07:40:01;4.14.0;;;;;;;
c12843af-d3fd-4342-a6d9-898fff2db3d7;Farida;https://play-lh.googleusercontent.com/a-/ALV-UjUwdV25HBm9mdYYKfMHE2N5p2fPNCwlzkLOvUE3CzgGLwNSJ00;nomor NIk sudah terdaftar minta ganti sandi pakai email pakai nomor hp gk bisa;2;0;;2025-12-11 08:03:56;;;;;;;;;;
11e788e6-5279-4c11-bebc-5fe8d38ced0a;Diharto;https://play-lh.googleusercontent.com/a/ACg8ocIqKeDW1QG43Jq3yniWYhWYyQ5n9fdDB6qwxh-R6wAvKSJgBQ=mo;mantap tambah cepat pelayanannya;4;0;;2025-12-11 08:01:09;;;;;;;;;;
f496337d-2633-4857-88fb-5692d6651815;Pande Komang;https://play-lh.googleusercontent.com/a-/ALV-UjXYqUJsy9UOlfauq2PyFbY9yqLTUofbWs9Mk8V3oq54r67gVsR9zA;bagus;5;0;4.14.0;2025-12-11 07:51:14;;;4.14.0;;;;;;;
3abe7608-cd5b-41d4-87da-4d5b73a5f7f7;Nadd;https://play-lh.googleusercontent.com/a-/ALV-UjVkAMhDdZaJLPqVGH_kUnnYoyim794les_B1jvCWdfWGXR9Z7wJ;mau verifikasi wajah aja dibikin susah banget;1;0;4.14.0;2025-12-11 07:42:58;;;4.14.0;;;;;;;
6330f55c-58de-49c0-81f8-9e9ac257bfcd;HD FULL;https://play-lh.googleusercontent.com/a-/ALV-UjVjG9DuD9EYW7_ZTzlgGdYjgYoEEJletKSTH9_FeBt6atAOj1VI-w;Pelayanan yang sangat bagus;5;0;4.14.0;2025-12-11 07:32:45;;;4.14.0;;;;;;;
a98f793c-45c7-4bb8-a6d5-2eb15cc54010;Hanif Azis Budiarto;https://play-lh.googleusercontent.com/a-/ALV-UjVnNb_d4S5e2wZ0mUc26EDjjZg6luxpC7khghDgf_IwLf-xxFRm;aplikasi setelah di update malah blank layarnya jadi abu saat mau daftar berobat, sepertinya ada bug;2;0;4.14.0;2025-12-11 07:27:38;;;4.14.0;;;;;;;
5360ae29-3dfc-48b6-95a3-1bbd13f36799;Welly Anto;https://play-lh.googleusercontent.com/a-/ALV-UjVSW7CBtzRpTzdTn4JAhO_8CBtqXfcO7w0PVdl3PHjZ5yoNPc0;sangat membantu;5;0;4.14.0;2025-12-11 06:53:53;;;4.14.0;;;;;;;
0d84aec1-9201-4c0c-915f-626913df3818;Furqan BA;https://play-lh.googleusercontent.com/a-/ALV-UjX31ueidsThb_kobjA6kuqK3neBxm43HNJJYNT3TdkWtFHO50bx;good;5;0;4.14.0;2025-12-11 06:48:17;;;4.14.0;;;;;;;
607d9e29-1bdd-4d6e-b48b-489a4d50dace;ABU SAMMA;https://play-lh.googleusercontent.com/a-/ALV-UjXBlEhbYl-dm3Oun0fHSLlYEnT8rUn04k4Rm4GUCtxxKFHyPi2G;sangat bermanfaat dan membantu.maju dsn berjuang terus untuk rakyat indonesia.;5;0;4.14.0;2025-12-11 06:33:23;;;4.14.0;;;;;;;
85c4ac5b-2df8-45db-9ec1-def2380a178a;Asep Robiana yusuf;https://play-lh.googleusercontent.com/a/ACg8ocJE3sVXKrykszSoGZ1r6Vy5y_4Z_PYj1gMiIxZTjil-CMnDEw=mo;bagus;5;0;4.14.0;2025-12-11 06:31:00;;;4.14.0;;;;;;;
153e85e4-47b8-44d0-9f5f-0a2b2555d6be;Ali Badrun;https://play-lh.googleusercontent.com/a/ACg8ocIEI7j7W1JQEMciR6f4ZsXCmV3VrqLcrDsTwp8tRQ4r2pQnIw=mo;lebih mudah;5;0;;2025-12-11 06:22:23;;;;;;;;;;
a87ec587-9622-4f9c-89c7-9ff2b13947df;dediarifin Ttl;https://play-lh.googleusercontent.com/a-/ALV-UjV2qkPcRaFgAEfifZm3Ub6NagsVQXrqf_snrw1K2r3DFfVmQg;loding lambat;4;0;4.14.0;2025-12-11 06:13:46;;;4.14.0;;;;;;;
2199e537-442a-45ba-b89d-0bbe584258ba;Yudit Adhan Pamungkas;https://play-lh.googleusercontent.com/a-/ALV-UjXtWKblB6e_jymGHh_4cpthu2yxHtIFD0c3zZgHrMlsssJkMIyu;bagusss, memudahkan;5;0;4.14.0;2025-12-11 06:13:28;;;4.14.0;;;;;;;
0ad7dd3b-d1aa-4b72-856c-3066579eaed2;Iwan Kurniawan;https://play-lh.googleusercontent.com/a-/ALV-UjV0E0K8cl5gUi1GB6X0PngCr_dTt07j-jG63E6X9tch4t_0E9TG;memuaskan pelanggannya;5;0;4.14.0;2025-12-11 06:12:14;;;4.14.0;;;;;;;
28f1e69e-7281-4731-a545-c322fbc0148e;Axel Fauzi;https://play-lh.googleusercontent.com/a-/ALV-UjVuBsgk_q1TitwPmGja8cD4BwtpMn-6wNBjmeJjs7NVr1eGmdqzZw;gak jelas mau antri online poli gigi h-1 , udh di tunggu2 giliran mau pas booking jam 1 via aplikasi malah error . buang2 waktu aplikasi kesehatan paling buruk;1;0;4.14.0;2025-12-11 06:11:11;;;4.14.0;;;;;;;
8c82874a-f33a-419a-8a6c-112e00a5b6b1;Iwan Renata aceh;https://play-lh.googleusercontent.com/a-/ALV-UjXkBHzK1jHYKkabZOxYMmRDtQiiYYyB6kBPPpDeODNVSn5UWr_j;sangat baik;5;0;4.14.0;2025-12-11 06:05:13;;;4.14.0;;;;;;;
3f7ee5ec-b562-4f22-88b4-c41690ee3385;Kian sukses Sejahtera;https://play-lh.googleusercontent.com/a-/ALV-UjUexzR98_tfvmZVIAspnx_TXPxT2CvUBdPQ3gvVUkt85HEy1q7S;jos;5;0;4.14.0;2025-12-11 05:51:31;;;4.14.0;;;;;;;
65ee0718-8c7c-4ad2-8652-1d08953ae8a9;Muhammad Rohim;https://play-lh.googleusercontent.com/a/ACg8ocLpnM06oCsa4sUYEqopK3JZCkfsikHTxE-KeYcj9Qq368tl=mo;good;5;0;4.14.0;2025-12-11 05:49:01;;;4.14.0;;;;;;;
10edd627-bd79-4888-9b06-fa189a033e3f;Bryan Joshua;https://play-lh.googleusercontent.com/a-/ALV-UjUZqeZeOgiKvhvMtRyTSNkqxyM7ZlfPw857a1-BmMLGcFEjTF8;sangat baik;5;0;4.13.1;2025-12-11 05:10:21;;;4.13.1;;;;;;;
4bbbc7eb-01dc-49bf-947a-fe2ae5339cc8;Muhammad Yusuf;https://play-lh.googleusercontent.com/a/ACg8ocIRcCVBE9SK__W-Qqmk1FZCtmO7UbsvaXlg8aDZqUOdWgybI8I=mo;ok;5;0;4.14.0;2025-12-11 04:55:44;;;4.14.0;;;;;;;
8e40d883-6c51-4e8b-984e-2a7a52e7476d;Maryani Yani;https://play-lh.googleusercontent.com/a/ACg8ocJxSZCv1gAa5mvrEP2ITEDy81EgruwkESNmcqS7h2JIR5Y47w=mo;sangat membantu sekali dalam pelayanan kesehatan;5;0;;2025-12-11 04:52:58;;;;;;;;;;
209ba9e2-9ae8-42c2-9c0c-5d46b546573e;Ilham Bahrun;https://play-lh.googleusercontent.com/a-/ALV-UjWl02gnTjvKM75m-chDcHUkTR-1daaxqsDI68mixRM1MrKIVjU;ok sicoba;5;0;4.14.0;2025-12-11 04:51:43;;;4.14.0;;;;;;;
9570caa8-3f21-47af-b169-65d3c8a32466;Eko Riyono;https://play-lh.googleusercontent.com/a/ACg8ocJIbHe8M5H3NfJz9OAzYGkXBxWZAd7miRz-ZCERhKUfnfAOmA=mo;sudah canggih,mantap;5;0;4.14.0;2025-12-11 04:50:53;;;4.14.0;;;;;;;
832fe5f8-8b26-4a22-99dd-642321a20ddc;Kilou Lou;https://play-lh.googleusercontent.com/a/ACg8ocKcIJBUddCSMkzyAiZ3pBNU0Ja2wuyNM6XS15TMNQr0SallBg=mo;peraturan apa lagi udah bansos w di setop bpjs tidak tangung..w udah susah jangan bikin tambah susah...;5;0;4.11.2;2025-12-11 04:47:27;Hi... Terima kasih atas review dan rating yang diberikan. Kami akan terus melakukan perbaikan dan penyempurnaan aplikasi Mobile JKN untuk memberikan kemudahan bagi peserta dan calon peserta JKN. Jika ada kendala, Anda dapat menghubungi Care Center BPJS Kesehatan melalui nomor 165 (24 jam). Terima kasih.;2025-06-03 06:26:53;4.11.2;;;;;;;
17daf0c5-9cd4-402c-a9fd-2afa67926bc7;Dede Sumpena;https://play-lh.googleusercontent.com/a/ACg8ocI5__XF9ebSmsALxJzVawKF4qkLWgdTnJwbUYmc6zKeEaXrOA=mo;sangat bermanpaat sekali trimakasih jkn;5;0;4.14.0;2025-12-11 04:39:04;;;4.14.0;;;;;;;
abdc7897-85c8-49a7-b309-dd2ac245158c;Karya Jalanan Official;https://play-lh.googleusercontent.com/a-/ALV-UjVFO8Yqq57mCdovzqtcAebG9YaKnovPo0d9jERA0almx5zML4k;sangat membantu;5;0;4.14.0;2025-12-11 04:31:41;;;4.14.0;;;;;;;
85135852-8ae8-41fc-99ea-443448c71fbd;Dwi Maulida;https://play-lh.googleusercontent.com/a-/ALV-UjUG3A_SFWzSQbKrselYvyQaScrGt47jiefYD9o1DIk58Qdb5fMf2A;ngirim otp lama banget. sini mau ambil antrian aja kudu ngisi nomer telpon segala, setelah diisi perlu verifikasi otp. ehh lelet banget gak ngirim ngirim otpnya;1;0;4.14.0;2025-12-11 04:25:13;;;4.14.0;;;;;;;
b86ddc00-972a-40a8-82f9-dc4735e79c99;mhd rio sandi;https://play-lh.googleusercontent.com/a-/ALV-UjWjOw9zQJlIHydXL6ghFfWmu4IcYeLDN6FfbeRWbalFabv5fb8;aplikasi mudah digunakan namun harus terus di-update yah, tambah pelayanan nya mantaaplp;5;0;4.14.0;2025-12-11 04:18:47;;;4.14.0;;;;;;;
dfb4a16a-05cb-412c-afcb-c0c8de7c76b1;Nilam Mubai Dillah;https://play-lh.googleusercontent.com/a-/ALV-UjWojBjGHftLOfWgU6D5ZwZw_2V18UjhG__NoU58cHP8qjviuA5e;sangat mudah;4;0;4.14.0;2025-12-11 04:18:04;;;4.14.0;;;;;;;
dbb5e49f-eb00-412e-a8aa-198125bae7a6;endruw rezpector;https://play-lh.googleusercontent.com/a/ACg8ocJS23B0DUhTlzve_oH8-mbstMCqePi6Nyx6VAidI8GPUxKE7w=mo;udah daftar tapi nggak bisa masuk gimana nih? apa mau disalah gunakan nomer NIK nya?;3;0;4.14.0;2025-12-11 04:17:13;;;4.14.0;;;;;;;
212ff8f3-d17b-4dd9-a4e7-118c76f91a74;Achmad Mamed;https://play-lh.googleusercontent.com/a/ACg8ocKxZBRQkx0Xsv4c9NPd6KJY7ixt85-JvQMI3Dvq2XJgmyi7HQ=mo;sangat membantu;5;0;;2025-12-11 04:12:43;;;;;;;;;;
d2d0ec7f-873b-431e-9832-df3b951e6c61;Ibu Niami;https://play-lh.googleusercontent.com/a/ACg8ocLOINlsxXnwue-ehZePK31RrQatrZ1EWWp8_z_A-ejerAx3aA=mo;Sangat membantu. Terima kasih;5;0;4.14.0;2025-12-11 04:07:18;;;4.14.0;;;;;;;
057a8568-17f3-48fd-be50-d7e2a1aefc2d;25agustus2022;https://play-lh.googleusercontent.com/a/ACg8ocLFgc2mZWkxRe6YeYu-4sKYjUfZnV7i2yuaySNbOjhjEPbkpA=mo;membantu;5;0;4.14.0;2025-12-11 04:00:26;;;4.14.0;;;;;;;
fb2b78f6-22c0-4413-a3c4-f317973ec7ac;Lele Linka;https://play-lh.googleusercontent.com/a/ACg8ocJlXU73A9h8BGlfPwB7iTbHiY19badMu396t0FbZ4xK3jkErg=mo;kenapa setiap aplikasi pemerintah rued ribet, rebet, dari kata sandi salah aja cuma di kasih 3x kesempatan udahnya nunggu lagi sampe ber menit menit Lolo;1;0;4.14.0;2025-12-11 03:56:39;;;4.14.0;;;;;;;
209e58a0-746f-4c6d-99ae-b091a8737a57;andrii cipuma;https://play-lh.googleusercontent.com/a-/ALV-UjU62h9R9bzpR2ExDwiEZfZeFgSmbPJ5kCRDK1EbLc8q9G1RUhGS;aplikasi sangat membantu;5;0;4.14.0;2025-12-11 03:43:34;;;4.14.0;;;;;;;
a199d762-5434-4882-9f6d-6feb41da887b;Nilam Nur aini;https://play-lh.googleusercontent.com/a/ACg8ocKAd6926iJ4_wu9vLP_XKvQbL_fV6GjtyocQpSnGB1vYwuELA=mo;sangat membantu;5;0;4.14.0;2025-12-11 03:43:28;;;4.14.0;;;;;;;
ac24a553-ba75-4734-a5d6-a452f66f1c7a;titik idha;https://play-lh.googleusercontent.com/a-/ALV-UjXnrQ3_oI_g2oT2zUUyEYupJjX1tybaPPmlXW2Fsr4LzhpWKfg50Q;Memudahkan pasien untuk tdk terlalu lama antri.;5;0;4.13.1;2025-12-11 03:35:30;;;4.13.1;;;;;;;
b9224e92-b3c1-411c-bfbe-6129c3b0e91a;Jeki Tri Putra;https://play-lh.googleusercontent.com/a/ACg8ocIzeXOkSORWZF-9KRghLcOGfB2V9tF3S41yESwmK5s4FMq1PZnN=mo;puas;5;0;4.14.0;2025-12-11 03:32:53;;;4.14.0;;;;;;;
81a198a0-c634-4996-8a47-424e87df913a;Vvvepephijklula;https://play-lh.googleusercontent.com/a/ACg8ocIb17hjUZBeYZIdtHUmPQtJ-7vGm9_uboJySmAl5GcrervkaA=mo;Buset gua mau login gabiss katanya NIK tidak terdaftar giliran mau cek daftar malah no HP telah di gunakan pas LUPA sandi malah NIK tidak terdaftar juga, GIMANA INI KONSEPNYA,HARUS GIMANA??;1;0;4.14.0;2025-12-11 03:21:42;;;4.14.0;;;;;;;
20ae529a-1bcb-4eb7-a85f-c1ee69f8dd23;Mamun Moreskah;https://play-lh.googleusercontent.com/a/ACg8ocKNV6IYcly94SO1LviKLdPd5kVUpkO_88XZkyHBz8CYBoSmzA=mo;sangat praktis;5;0;;2025-12-11 03:19:24;;;;;;;;;;
acb03231-5f56-48f3-8f3b-1ec36e964c53;Naysifa Sekar;https://play-lh.googleusercontent.com/a-/ALV-UjWavJ5fQzP6mFBb3wKn6XGLdzIZT4Kk8mwfKq-TLsOgWiQAhyQa;ok;5;0;4.14.0;2025-12-11 03:00:16;;;4.14.0;;;;;;;
474d7710-6739-4df3-ba69-765749332ee4;Muhammad Antoni;https://play-lh.googleusercontent.com/a-/ALV-UjXKzKKxaQ39oW5uM7pCXGpxAnc5ppxWWMTN_zzCIiDyLL6eO4N1;sangat cepat dan bagus;5;0;4.14.0;2025-12-11 02:44:28;;;4.14.0;;;;;;;
07a2cfb0-443e-41f5-bbf3-16d66459ccf9;azizahnoor syafitri;https://play-lh.googleusercontent.com/a/ACg8ocL7VmoAVYYgxY3mtqafOrRJ6GcynUrl470vidqUMUn0PNJwnA=mo;knpa ada bug ?? apa masih perbaikan ? bagian nomor hp di perubahan data peserta,;2;0;4.14.0;2025-12-11 02:37:24;"""Hai…Terima kasih atas review dan rating yang diberikan
Kami akan terus melakukan perbaikan dan penyempurnaan pada aplikasi Mobile JKN untuk memberikan kecepatan dan kemudahan layanan bagi peserta JKN, penyempurnaan terus dilakukan terhadap kendala Aplikasi yang anda sampaikan untuk kenyamanan pengguna. Terima kasih.""
";2022-12-18 11:27:28;4.14.0;;;;;;;
053b2061-3d20-4909-bb40-cf64e3b93d96;arif burhanudin;https://play-lh.googleusercontent.com/a-/ALV-UjVQFCWzUlt4R3q0CCmR-a5qbPcJoMSQROmFUjRQdvnUEdE9z6c;aplikasi bagus;5;0;;2025-12-11 02:36:16;;;;;;;;;;
de7cafec-892d-4c86-962a-440a2d5c830e;Gobil;https://play-lh.googleusercontent.com/a/ACg8ocIpsk9ArpAz87dPIb9MnWGqOE23v5pdN3u_W-xiHqVsB8XSxw=mo;sangat mudah di gunakan;5;0;4.14.0;2025-12-11 02:18:14;;;4.14.0;;;;;;;
b7b22b52-fd89-4452-8a89-2eebe048ed17;yandi Saputra;https://play-lh.googleusercontent.com/a/ACg8ocLJKQiEFRdBT2s5RpSXTZ4b7bqFI5QWt4KJCJsMSE94ybox=mo;mantap;5;0;;2025-12-11 02:00:12;;;;;;;;;;
3f8a4278-92c3-465f-8173-513283fe6426;Septian Haryo;https://play-lh.googleusercontent.com/a-/ALV-UjU3XykzB1YNE-WwCkMrzYJ_ik4tz_ksSLWp3O-lVLowdxl5RQ-k;ribet tidak bisa kirim kode OTP;2;0;4.14.0;2025-12-11 01:59:52;;;4.14.0;;;;;;;
60129903-a1f0-4e6e-823b-459f11df0888;Rezkiy;https://play-lh.googleusercontent.com/a/ACg8ocLVsaJ3Z_FLB4Iv6TfN-lo4Na4cdDj73sWWrTqXxWrKWy1KGA=mo;mantap;5;0;4.14.0;2025-12-11 01:56:39;;;4.14.0;;;;;;;
c291e42d-6872-4904-be95-bb0286de249d;Andi Antto;https://play-lh.googleusercontent.com/a/ACg8ocL4-5jzPyhJttirg8bCOqmCT75u0KltXUjv2YvChxFc5JHvbw=mo;cukup memudahkan;5;0;4.14.0;2025-12-11 01:49:36;;;4.14.0;;;;;;;
682dfad5-8b72-40a4-be30-3c6d304e3821;PUTRI KARUNIA FA;https://play-lh.googleusercontent.com/a/ACg8ocLuB1SSD1Yc7dAL70Pe_wgPPRVTCqso3UG9Uq_UnxbfTL1nttM=mo;sangat membantu;4;0;4.13.1;2025-12-11 01:42:55;;;4.13.1;;;;;;;
d9a786fa-6f8c-4244-a87d-1ad2c98e2162;Nani Hani;https://play-lh.googleusercontent.com/a/ACg8ocLySMrYkRoiwZkBsR3ZZjiKTWI5cHQLwi8XA0rLX2KYcveUpw=mo;sangat mudah di gunakan, dan sangat memudahkan;5;0;;2025-12-11 01:33:19;;;;;;;;;;
c75b28ec-6250-48be-b33e-9e86ee5c051b;Muhamad Safei;https://play-lh.googleusercontent.com/a/ACg8ocL8DMSL12tfH10PUHWLhqRgcKkN3ddfLsain8qv3Rv6ydEyJw=mo;Setelah di gratiskan kok faskes nya jadi pindah ya mau pindah lagi harus nunggu 3 bulan padahal mau dipakai di faskes terdekat;1;0;;2025-12-11 01:31:45;;;;;;;;;;
f33c2afd-0c31-400c-80f9-f5fb8967a2e1;Rudi Rizqy;https://play-lh.googleusercontent.com/a/ACg8ocI3SSYogezCJ8wBxmKI51J3m72AqnD3w-lo3_J4WJKLDjfq3A=mo;untuk perubahan nomor telepon yang tercantum sangat susah.. ber ulang ulang kali tdk ada kiriman otp;4;0;4.14.0;2025-12-11 01:18:29;;;4.14.0;;;;;;;
63975344-7330-4429-90a0-df1eca55f1be;Eritya RLNM;https://play-lh.googleusercontent.com/a-/ALV-UjWhEjchMCZwsrl-6QJaTs1I5SnCCLKmLkf8zwdHZPBP_gGhYkxC;verifikasi no.Hp gk masuk² di SMS, di pilihan WA juga engga ada... Tolong perbaiki lah, Mau ambil nomor antrean aja susah bgt perkara ngisi No.Hp ndak bisa²... Broken bet Aplikasinya;1;0;4.14.0;2025-12-11 01:13:41;;;4.14.0;;;;;;;
6d84c04c-cb66-47dc-a916-58962763b80e;FANI RIZKI MAULIDAH;https://play-lh.googleusercontent.com/a/ACg8ocLeddIczKseRbn3y98Ci49PHTXbEsNy9f0pDvkhOS4KTPx6ZeY=mo;tolong di perbaiki lagi apk jkn mobile punya saya eror dan tidak bisa daftar online di faskes tingkat lanjut;5;0;4.14.0;2025-12-11 01:02:43;Hi... Terima kasih atas review dan rating yang diberikan. Kami akan terus melakukan perbaikan dan penyempurnaan aplikasi Mobile JKN untuk memberikan kemudahan bagi peserta dan calon peserta JKN. Jika ada kendala, Anda dapat menghubungi Care Center BPJS Kesehatan melalui nomor 165 (24 jam) atau aplikasi Mobile JKN. Terima kasih.;2025-09-12 08:55:21;4.14.0;;;;;;;
420c3438-fdc1-4189-9da4-5e89e250cb76;LA ODE RUDI HERWANTO;https://play-lh.googleusercontent.com/a-/ALV-UjVCa6UvidaTI4zha3tzaNGM1xELjKrClGcpUcJxLDNzGbIX8Q;keren;5;0;4.14.0;2025-12-11 01:01:42;;;4.14.0;;;;;;;
e20f86c5-d619-4d70-8c63-1f67f66a2a39;RAMDANI TUBE;https://play-lh.googleusercontent.com/a-/ALV-UjUiamDILBRDmZ4kdQhdBzMifyR45TfuKBACID4xs1nuWq_VZ0BS;mudah di gunakan;5;0;;2025-12-11 00:57:45;;;;;;;;;;
2724e395-e1c9-40b8-b788-9a9ec72f635a;Slamet Raharjo;https://play-lh.googleusercontent.com/a-/ALV-UjU1ztF3wncNNzGDr_QL_rcDFgk26qWh_d6XKROspbsCmaBJfylw;👍🏻👍🏻👍🏻;5;0;4.14.0;2025-12-11 00:56:53;;;4.14.0;;;;;;;
0e634551-628a-4d71-803d-deeb7399d37a;ayu fitriani;https://play-lh.googleusercontent.com/a/ACg8ocLbfwe_WUqJSoq5WP072-U9ZAK_bwYrVGGCn68sfNqEopMh7w=mo;mantap untuk membantu pelayanan kesehatan masyarakat dan memudahkan akses berobat;5;0;4.13.1;2025-12-11 00:43:30;;;4.13.1;;;;;;;
5ed3985f-4675-420a-aecc-48ae061fefdf;Iik Farida;https://play-lh.googleusercontent.com/a-/ALV-UjUO6GwJlBRy8UU0c9qmV2IRvIf2aHTsxhhZFJ1vuAmIymx24k4m;memudahkan pengguna jika mau ganti paskes kesehatan tidak harus ke kantor BPJS nya lagi;4;0;4.12.0;2025-12-11 00:27:37;;;4.12.0;;;;;;;
2ea4c7ed-8eab-43f5-9432-5a8c6cce4c43;Yani Maryani;https://play-lh.googleusercontent.com/a/ACg8ocKNKlrolwkAUGw_-5tAa61UFC7uU7mudBQ8t7i7O3-d62mnqA=mo;Sangat membantu dalam Perubahan data apapun;5;0;4.14.0;2025-12-11 00:24:00;;;4.14.0;;;;;;;
21f23127-4af6-4a9b-91b7-52d5dbb155a7;Anjani chan;https://play-lh.googleusercontent.com/a-/ALV-UjWcRj7SVESXdexPMh1ikGb0uRLSWi0hlH9ipcBioi-NiXPY1tQ5;gimana sih aplikasinya ini menyusahkan sekali sejak diperbarui, padahal awal dulu mudah, sekarang ribet banget. disuruh login masukin NIK dan password tetep aja salah padahal itu Uda bener seperti yg dulu awal bikin, masuk ke lupa kata sandi disuruh masukin no hp tetap aja ga bisa jawabnya nomer sudah terdaftar, masukin email juga tetap salah. mending bikin yang masukin NIK sama nomer kartu BPJS aja napa pake ribet banget;2;0;4.14.0;2025-12-11 00:23:35;;;4.14.0;;;;;;;
3d8ec54c-d3f4-4503-8a0e-775d508341bd;Its Me;https://play-lh.googleusercontent.com/a/ACg8ocIERSVYiV4wpKiU1eaEk9AL2m93uDG7ygHAHTL2ms1YzFT9Mw=mo;jujur saja apk nya menyusahkan. mana tidak bisa di ss lagi. mau masuk aja susah banget, kode verify nya gak pernah dikirim-kirim.;1;0;4.14.0;2025-12-11 00:04:57;;;4.14.0;;;;;;;
f3c79bbc-0877-4215-b3c1-d57a55f80dfa;zaka ria;https://play-lh.googleusercontent.com/a-/ALV-UjVgH4JxcdiaSVVYNVHTkI1_b6tXOLFx7WgJVYjI0suDWx4U6cp1;mantap, memuaskan;5;0;4.14.0;2025-12-10 23:47:59;;;4.14.0;;;;;;;
3acda9d6-abac-404e-8c60-0bb4020ece31;pawit motor;https://play-lh.googleusercontent.com/a/ACg8ocKs4tam-uWX5lM6OyrZJN5aPfU8iahHg-cFnn8Orh4FYXAmkA=mo;sangat memmbantu;5;0;4.14.0;2025-12-10 23:20:21;;;4.14.0;;;;;;;
02367cac-7ae6-4f48-884c-923a3c3c4085;winda rani;https://play-lh.googleusercontent.com/a/ACg8ocKv1jXicVEU34Ze6XHk5U9sxfRDpb3_lNx2Bi2U4ZVc1yFIqg=mo;top;5;0;4.14.0;2025-12-10 21:06:31;;;4.14.0;;;;;;;
f116eea9-e5a1-4f91-97b3-b7b575ee1bec;R M;https://play-lh.googleusercontent.com/a-/ALV-UjXi7wNNvYuymmTKcPd52yn3vNq439WiW4d88Hu0koFciiT7QpJg;Sederhana sajalah buat aplikasi mu jangan berlebihanlah, sebutkan nama untuk bulan yang lagi di bayarkan di setiap struk pembayaran biar jelas dan ingat, jangan ada lagi denda rawat inaplah biar rumah sakit tidak mempersulit pasien, kalau tidak bayar iuran cukup nonaktivkan, jika sudah dibayar langsung aktivkanlah hitungan detik, jangan banyak cengkunek²lah bpjs, programnya jangan persulit kesehatan masyarakat. BERBUAT BAIKLAH SELAGI MASIH ADA KESEMPATAN.;1;0;4.3.0;2025-12-10 20:15:54;;;4.3.0;;;;;;;
22e19f7e-308c-44b6-b896-76e1e8e3bddb;umarchamdan chamdan;https://play-lh.googleusercontent.com/a/ACg8ocLzo8YTNwT3Qux4JJ8lftlbxhHuewS3hOKv0EmOqzxhEv1bjQ=mo;bisa berobat kemana saja berada;5;0;4.14.0;2025-12-10 20:14:29;;;4.14.0;;;;;;;
b8f4bc11-6933-454d-bca0-26093a5ed8d5;Mella VL;https://play-lh.googleusercontent.com/a/ACg8ocKNou11LVYdQXqLP8ZAUlKyen66piDUi357PzDhrhkXp5Etal4=mo;saya setiap bulan selalu bayar tagihan BPJS tidak pernah telat tidak pernah lupa, tp nggak tau kenapa dibulan Desember kena premi, coba saya cek info pembayaran dibulan November tidak tercatat, terakhir pembayaran bulan 10, pdhl bulan 11 saya sudah bayar, dan bukti pembayaran saya dibulan 11 itu pun masih, harus komplain kemana itu, kenapa saya masih kenapa premi juga, masa harus bayar lagi, double dong;1;0;4.14.0;2025-12-10 20:05:19;;;4.14.0;;;;;;;
c0fe9a9e-1585-4a8d-850b-b3acaefd60d3;Abahkosim Kosim;https://play-lh.googleusercontent.com/a/ACg8ocJxGh-EUsR-moUiEPb48UlOxzqfyO31x1rrguU4QVn-TYfarA=mo;sangat membantu sekali;5;0;4.14.0;2025-12-10 18:44:52;;;4.14.0;;;;;;;
17cda635-a84b-4f23-8817-eb90cf2c2a98;Michael Setiawan;https://play-lh.googleusercontent.com/a/ACg8ocKxzIjblr0eyw38VMGWY07UAOfPFGAfKvKmAYLIVTs2XtLNDg=mo;"captcha gak keluar""";1;0;4.14.0;2025-12-10 18:25:17;;;4.14.0;;;;;;;
7672ebd8-7adb-4345-9130-71b71967efb7;Raazzaq Rafa Karunia;https://play-lh.googleusercontent.com/a/ACg8ocIG4iAN2lcFfjf29bRZhOTHItPf1lv4BiJdjZwy87GGhD4FjQ=mo;sangat bermanfaat dalam mengambil antrian jadi TDK lama di RS;5;0;;2025-12-10 17:57:18;;;;;;;;;;
fdedbdfd-80f9-4af0-a007-ee6b9dcab027;Ari Yanto;https://play-lh.googleusercontent.com/a-/ALV-UjUv9ePWjAdx7gbB-NX5y73_c7qtE41iPVHWGfyQo_ijJYFIrBw;kok GK bisa di buka ya los konek terus padahal wifi normal;5;0;4.14.0;2025-12-10 17:53:47;;;4.14.0;;;;;;;
28aa84ab-daa6-4ebb-b5da-03b0bd5b0b55;Agus Dwiyansyah;https://play-lh.googleusercontent.com/a/ACg8ocLgvseoDMIYeFk0oCzrdOlgh7O-HV-hIJP_Q9Yqspihe2R83A=mo;main naik versi makin menyusahkan...tidak bisa login captcha loading terus;1;0;4.14.0;2025-12-10 17:44:11;;;4.14.0;;;;;;;
f91ed3a6-e81f-453a-9759-341581905bed;Sokrates Maniani;https://play-lh.googleusercontent.com/a-/ALV-UjVsS0iC4bmTh00FlNPv2Ir0GdSF9qaAXnQxI529Lmf3dT5HvDeY;Masa saya sudah pake wifi maupun kuota tapi masih kebaca anda offline gimna ini;2;0;4.14.0;2025-12-10 17:40:17;;;4.14.0;;;;;;;
7ce146cf-0105-4d14-a2b4-a5a807d65f6a;dawut mauludin;https://play-lh.googleusercontent.com/a-/ALV-UjVFNShTi9cgoGeRJObT-_H332tFCLFpnsUNC4-YFzfNvAAfZ4N9;setelah update aplikasi malah suruh periksa jaringan mulu , padahal dibuat yt dll aman2 aja tapi di aplikasi suruh periksa jaringan mulu;1;0;4.14.0;2025-12-10 17:38:42;;;4.14.0;;;;;;;
a104ce03-1a18-4758-948b-501cd6a16bd3;Cindy Viona Putri;https://play-lh.googleusercontent.com/a-/ALV-UjWXGm6Qji4bTEJECpCZ-cQQglfjQLfBZT2MhsN9_cpsTqQ0WYs;kenapa ya kalau udh tengah malam suka gangguan, loading lama bgt, malah ngga bisa di akses sama sekali. padahal internet lancar.;4;0;4.14.0;2025-12-10 17:38:39;;;4.14.0;;;;;;;
15c678c6-d2bf-4133-8eb8-c1c6b038f0f8;Mom Airlangga;https://play-lh.googleusercontent.com/a-/ALV-UjWRrbMG7ZskCCwvjZdSxYFFusqd9NHUt7IVjJmKFcyrIOs4xVBv;memang aplikasi paling buruk.. mau daftar rujukan aja susah periksa jaringan padahal wifi manteng trus, giliran bayar aja telat sebulan lgsung off tapi ini apkikasi bner2 najis .;1;0;;2025-12-10 17:35:44;;;;;;;;;;
34789ea6-5ac7-4db1-bb32-0bfa43a7c2be;Adit Judut;https://play-lh.googleusercontent.com/a-/ALV-UjWjffXfn9WxD2ls5whJmvxvXXFCVjzNgbXMb4ApB3iaJg95Nbg;kenapa saya log in tidak bisa kode capcha muter terus;1;0;4.14.0;2025-12-10 17:19:41;;;4.14.0;;;;;;;
7d927d31-a77b-45d2-89f3-e62e5fc0769d;Agus Agus;https://play-lh.googleusercontent.com/a/ACg8ocLjoPunbocOSN11RiHZjK73QBXOuiqJJTcdT_LVfuE6zBe9xg=mo;aplikasi biasane gunanya buat memudahkan manusia klau ini malah pempersulit🥵🥵;1;0;4.14.0;2025-12-10 17:16:12;;;4.14.0;;;;;;;
d5bb0a40-45d7-4c82-af50-7c92978ed4ea;Rochman Apandi;https://play-lh.googleusercontent.com/a/ACg8ocJEs0s38cAJu83MKoryvPv_dUHw8BIXksU6nbP7L8rAc_jWWQ=mo;bagus;5;0;;2025-12-10 17:13:01;;;;;;;;;;
7588bce2-cf6b-4987-9c5f-6618b0ee24a1;jihad firdaus;https://play-lh.googleusercontent.com/a-/ALV-UjXJ-rJuAW1CvnzCF8zXg7cH6Rb6tLWAnCgk3c7Vl1oHA_F-zgY;lemot;1;0;4.14.0;2025-12-10 17:10:27;;;4.14.0;;;;;;;
3f6018ff-4bcd-4d36-9a0d-622f67fd4f97;Ahmad Ardiansyah;https://play-lh.googleusercontent.com/a/ACg8ocJZzrOVT94r3sWeX-bCWYIDc5A3HF4ujq_an73vU5TcZNdpXA=mo;aplikasi eror sudah online tapi pas buka jaringa offline;1;0;4.14.0;2025-12-10 17:06:51;;;4.14.0;;;;;;;
775d2655-2cae-4405-b2db-83c0de865386;Najih7;https://play-lh.googleusercontent.com/a/ACg8ocIWOIQx9_RyunPeFOfKVf_uXaX-dPrGgzz2eTjEoqnNtvyRCPCH=mo;aplikasi ampas, mau ambil antrian malah error;1;0;4.14.0;2025-12-10 17:05:59;;;4.14.0;;;;;;;
13432681-a057-4d39-adb5-3f77c8360b2d;TV RA AMBOALA;https://play-lh.googleusercontent.com/a-/ALV-UjVTH4gEFlPGlfOxSXKfs1Ey4ctInL9YuKYfUYaY4lJoKlLfG8rO;apaan mau daftar aja capcha nya loding terus;1;0;;2025-12-10 17:05:51;;;;;;;;;;
05e13af8-ea0b-4cc2-80ef-f77a9f06febc;Suyitno Yitno;https://play-lh.googleusercontent.com/a/ACg8ocK_uvrNDeMO-XuKdgbxpIPD5xkBeRKhyTYpn8SG5Yc1RLFb9g=mo;bagaimana ini ,setelah di-update ke versi terbaru malah tak bisa login.selalu layar keluar tulisan periksa koneksi internet . padahal semua data dan koneksi WiFi full;2;0;4.14.0;2025-12-10 16:57:23;;;4.14.0;;;;;;;
05a94390-c37d-4a86-b49b-f065c8b3f633;Budi Setiawan;https://play-lh.googleusercontent.com/a/ACg8ocKsi5dmxb_sW8tUNaCCW1K3KmJTeHMINwJHTOd7jPCLZ9eEOA=mo;"waktu ada kepentingan malah gabisa di login, padahal signal lancar normal"" aja";2;0;4.14.0;2025-12-10 16:54:03;;;4.14.0;;;;;;;
1681f2f6-ffb7-499a-9240-e85e59f5aaa0;Dooni Sanjaya;https://play-lh.googleusercontent.com/a-/ALV-UjWYQMki-D-Hu1f8BxIQtlMZ9FA9hiOBZuymnexJBh8gvzXHvf1l;sangat mengecewakan, jaringan lancar wifi atau pakai paket data, tetapi tetap susah untuk login, captcha tidak muncul sudah di tunggu lama.., sudah di ubah jaringan, mengecewakan.., udahlah ribet..;1;0;4.14.0;2025-12-10 16:53:38;;;4.14.0;;;;;;;
07374cbc-514a-441e-aad2-511273ff639a;Hendri puji Maulana;https://play-lh.googleusercontent.com/a-/ALV-UjUYhZqwrymKoodE1A-D-BCUpHm03PDYT4SgeBN0PYTe4dHQdw;apk kocak, mempersulit.. jaringan bagus tapi lag bat buat apa² mending di jaksehat lancar jaya...;1;0;4.14.0;2025-12-10 16:53:18;;;4.14.0;;;;;;;
846757e3-73a8-4472-bd6b-4504d10f58b6;Bobs;https://play-lh.googleusercontent.com/a/ACg8ocIrBr7ggtbs63HeEPAOESWVP-j04MQs2xDlCbKwswOAKOG_-2s=mo;CAPTCHA MUTER MUTER TERUS GA BISA LOGIN. APLIKASI MACAM APA INI.;1;0;4.14.0;2025-12-10 16:50:56;;;4.14.0;;;;;;;
e705f628-b7d3-420e-a958-fbd98a2701ee;James Kuncoro;https://play-lh.googleusercontent.com/a/ACg8ocJwdBjNz-caUhBGoNTiK6uvtgocEWIgh4ny-ofUvGMiQHmLmg=mo;Agak bingung kenapa setelah di upgrade bukannya semakin baik malah jd kacau. Sblm upgrade bisa screenshoot utk tiket pemeriksaan skrg sdh tdk bisa, kalau sistem baik2 sj tdk masalah tp skrg saat mau buka sll keluar cek koneksi internet smp bosen buka tutup buka aplikasi, maaf hanya punya 1 provider. Mohon diperbaiki kl bisa balik lagi bisa screenshoot;1;0;4.14.0;2025-12-10 16:50:47;;;4.14.0;;;;;;;
a8001a24-1007-4aaf-bc1d-edecdb8ab050;JUNIAR FIRDA;https://play-lh.googleusercontent.com/a/ACg8ocIjvPnXw4sNGwitdwIKR1BSCpEy07C-ZDpzPWfELMhdRARk_SE=mo;Mau login udah 3hari kaga bisa2 gara2 capthanya gak keluar2 muter terus. Sedangkan skrg mau daftar faskes 1 harus lewat JKN, nyusahin bgt ini 3hari loh bener2 GAK BISA!!;1;0;2,3;2025-12-10 16:33:29;;;2,3;;;;;;;
72d82e05-64a2-47b5-b203-632323965498;Feny Aulia amanda;https://play-lh.googleusercontent.com/a-/ALV-UjWL19Lxy0Xyy5e1QUWowFewMcgYc-phqjc7Gnx5Q_EF53c7r31oMw;"setiap mau bayar cicilan dan mau lihat nomornya slalu ada aja masalah sama apk nya.knp liat apk? karna kartunya udh hilang. dan setiap mau bayar slalu di update, setelah di update bukannya makin lancar di gunakan mala akun kluar dri apk dan disuruh masukan nik. gimana klo ga bawa KTP coba?. setelah nik di masukkan mala captcha nyaa loadingnya lamaaaaaaaaaaaaa kli ujung""nya ga bisa bayar. di update atau ga di update sama aja gda gunanya.";2;0;4.14.0;2025-12-10 16:32:27;;;4.14.0;;;;;;;
3e92bde1-4348-4089-b90b-a111b58067cb;Dedi Abdullah;https://play-lh.googleusercontent.com/a-/ALV-UjWfZsrAz3TScR15ulk9iK8vL_UEzhO59B8XrJhL4dcztv2I_6VO;sampah mau masih nunggu gatcha aja loading nya malam sampai subuh;1;0;;2025-12-10 16:30:47;;;;;;;;;;
3eb89c73-860d-41d9-82e5-1aace4d5afb7;latifah yanti;https://play-lh.googleusercontent.com/a-/ALV-UjXJsVjivRZrI5tD6XTHrL3ew4XR0j7ZuS6nLOYZZ3DFPnreGtR8;error terus gabisa digunain pake wifi atau paket data tetep aja rusakkk;1;0;;2025-12-10 16:18:10;;;;;;;;;;
6b306982-b569-4d59-beaa-b920442834f7;60_Made Bayu Setiawan;https://play-lh.googleusercontent.com/a-/ALV-UjXn-4gHPGfFzxq7qPg13skgXYfJygIPEgOd6fTYvyjPxMujFtr5;Indonesia, Indonesia hadeh, kapan mau maju kalo aplikasi sepenting ini aja sering eror koneksi, apa gakbisa beli server yang bagusan, sinyal aman kok buka aplikasinya gakbisa;1;0;4.14.0;2025-12-10 16:15:48;;;4.14.0;;;;;;;
0477e3b6-9d05-4540-9cd5-20ce68d96b37;Muhamad Yaumul Adieb;https://play-lh.googleusercontent.com/a-/ALV-UjVBkEpVz9xeEo_Nbx1oREkytvbRkYQeHonxm22pE-CHjKpn59WT;terlalu banyak bug.;1;0;4.12.0;2025-12-10 16:12:08;;;4.12.0;;;;;;;
636d1d4e-625d-4c45-89c3-eed6c0720711;awur awur gp;https://play-lh.googleusercontent.com/a-/ALV-UjW8diMIVnPCjM_rUuBvrLYTsgO4JS4609g6Rb6ARWfiPuHk9hsG;mau log in susah min padahal udah di perbarui data masih banyak..kasih solusi min;5;0;4.14.0;2025-12-10 16:03:27;;;4.14.0;;;;;;;
59b06ec1-949d-480d-8b2d-bc8cf038ab23;Julius Simbolon;https://play-lh.googleusercontent.com/a-/ALV-UjUO7uqBCS0_kIAvbHXTfeSH-27hXm5g_-Qrlc51l49Lp-xgQz6o;kode captcha ga keluar2;1;0;4.14.0;2025-12-10 16:00:06;;;4.14.0;;;;;;;
ab9b9552-bc85-4efa-9de9-3fcf6645a9c4;Aisyah 123;https://play-lh.googleusercontent.com/a-/ALV-UjUsqgzRSnpUVeTauXEka3LjflXmtZvOkM7EtUPmCXtZJzTWUes;sangat buruk,susah untuk login, mau ngecek dan daftar akun tidak bisa, buruk banget;1;0;4.14.0;2025-12-10 15:59:39;;;4.14.0;;;;;;;
a086f20a-6523-453f-b7e8-f82329c8a64d;taufik minul;https://play-lh.googleusercontent.com/a-/ALV-UjUeJZjFVUHwYAsQ9yi4fSrxRhYLGAiZCcT90GfiQ5-JInNc9AU9bQ;good;5;0;4.14.0;2025-12-10 15:59:30;;;4.14.0;;;;;;;
accc82f9-78a0-4705-8b1b-bc697a4ffb3c;Munaris Wirajaya;https://play-lh.googleusercontent.com/a-/ALV-UjVcT4tjWKeF9hTS1hmzQwRMfY8WT3FA-6-dhGjiVgT82aZMF4Rb;aplikasi pemerintah kaya gini ada aja kendalanya , captca ngga keluar lama;1;0;4.14.0;2025-12-10 15:58:57;;;4.14.0;;;;;;;
d2a92edb-7e7a-41a3-a2f8-d24ab704b1cf;dewa arya jaya;https://play-lh.googleusercontent.com/a/ACg8ocIRf-qRKdor_dI2v6bampvua5BfKz-0QuyVL80i4dPi3KxEBg=mo;gangguan tidak dapat diakses;1;0;4.14.0;2025-12-10 15:46:15;;;4.14.0;;;;;;;
fe67fbea-c33e-476b-bbd7-e4fd5b46fe82;Indra Saputra;https://play-lh.googleusercontent.com/a/ACg8ocKtHMO2SrQngA9-RGZEOTr7OXIgR6GxFOs63u2ZU1jc2-hizQ=mo;Buruk, sering gangguan, keterangan tidak ada internet, padahal kuota banyak, buka youtube lancar, browsing dll lancar.;1;0;4.14.0;2025-12-10 15:40:10;;;4.14.0;;;;;;;
509058ba-56ed-40a5-8846-43ecd5ee0614;Diana Number 09;https://play-lh.googleusercontent.com/a-/ALV-UjVj_JiCNIIp_xLwUuep4ca1guNVLLHIO9SixxOCy_fEBX4UAeHo;kenapa ni login malah terdeteksi offline? padahal wifi on nyala terus;1;0;;2025-12-10 15:38:20;;;;;;;;;;
85820fca-600f-4642-bdb4-ccdccc28c189;babang kejo;https://play-lh.googleusercontent.com/a-/ALV-UjVq36CIp69-qe_cmwYjrfxJIg5QGmMxL_wIC5ePEUrcKwAS-jxgaw;susah buat login kode capca nya muter terus;1;0;4.14.0;2025-12-10 15:26:17;;;4.14.0;;;;;;;
9d12ba8b-cdba-4e31-8858-9935ee2690be;Mr Joke;https://play-lh.googleusercontent.com/a/ACg8ocIWSfvz0H630sENoxLK__3euGWw0L-c0rM1NWgorIdgXG-_hQ=mo;"aplikasi sampah gatcha muter"" doang";1;0;;2025-12-10 15:25:15;;;;;;;;;;
d89ac024-b81e-40bf-b03e-abc836355000;hanowo aji pradana;https://play-lh.googleusercontent.com/a-/ALV-UjXsK_tPWfzoJAmOkQz_svjfyaMGyiVH_6hYpMn2ExQGSfYEdwXe;aplikasi gak bisa di pake;1;0;4.14.0;2025-12-10 15:20:59;;;4.14.0;;;;;;;
8c30a067-c126-4c2e-b9f2-dabdcb6cf3fc;Armanto Djigonius;https://play-lh.googleusercontent.com/a-/ALV-UjX1RojgNadNOs2GCYQpcE2RhrmhDOjP2SdA2tULl9W-vNMezX4;sangat membantu, terimakasih BPJS dan Aplikasi JKN🙏🏻🙇🏻;5;0;;2025-12-10 15:19:28;;;;;;;;;;
555f4e51-03f3-41d2-ae47-b217a6f7a804;Om Punya Nih;https://play-lh.googleusercontent.com/a-/ALV-UjXuJHf611j0g4GitfXX_SioVKw2Sg2Dic9t1iM0Y6GK8bsmXJ9k;koneksi aman... buat youtube, aman buat game aman buat buka applikasi ini, kok disuruh cek koneksi? parah;1;0;4.14.0;2025-12-10 15:12:00;;;4.14.0;;;;;;;
8dbcd1eb-77eb-46c7-a949-46131583b9a0;Ferdi Simpale95;https://play-lh.googleusercontent.com/a-/ALV-UjUI8AYUpOwKLjWoPD6d8kUsCgHhr17ZWDPcL-AeIJJSdlfCoBYOuw;bagus;5;0;;2025-12-10 15:02:19;;;;;;;;;;
65e379bd-af8a-41d2-a959-1e4ad26ad1d1;Hj Syawalinda;https://play-lh.googleusercontent.com/a-/ALV-UjUuGTd2nfi6x4_aiwS893u8auGvZ9feBCepEAAyqGNtANKmuaRK;mobile jkn memudahkan pelayanan;5;0;4.14.0;2025-12-10 15:01:14;;;4.14.0;;;;;;;
665c9f60-e05d-45b8-9f57-b866ab061353;Wahyupurnamasari Sari;https://play-lh.googleusercontent.com/a/ACg8ocIEupMoxPDkATGq-JLffBngzpfZTpIcqzbm19AGFL8IUXFw=mo;Kemajuan aplikasi mobile jkn lebih bagus lagi, semogga selalu update lebih bagus lagi;5;0;4.14.0;2025-12-10 14:58:40;;;4.14.0;;;;;;;
7e78a884-cb11-4620-ba00-c38ed9361cca;Bang Mandor;https://play-lh.googleusercontent.com/a-/ALV-UjVzQYr6C2vZRrt_pZQAcSilpopS2yDUvAUH5KrZRWSZbhN22T9T;membantu;5;0;4.9.0;2025-12-10 14:52:46;;;4.9.0;;;;;;;
0d8ed353-0c7b-4de1-937c-068c74f1b690;Ney Rooney;https://play-lh.googleusercontent.com/a/ACg8ocKuvVD3XrnAnSAnZb5MqfQOZXVF7s5GBogdu4QqcWiyrxeuqg=mo;oke;5;0;;2025-12-10 14:27:08;;;;;;;;;;
63f427f0-6b34-490f-a1a5-a0a9b3b9b8be;Razby Channel;https://play-lh.googleusercontent.com/a-/ALV-UjVqyAJBF4hXIy_yG2O1GJcGppq6Iph0ZmMPxqZkGzPzWTdyG8c;ok;5;0;;2025-12-10 14:26:23;;;;;;;;;;
9e3cc82c-2314-4d1f-b2f0-355acfcc051d;Firman Hidayat;https://play-lh.googleusercontent.com/a/ACg8ocJPeSbhCt15JQcN7bEbacTlbNUijTCBS214DCxNAoUHYnbZfmc=mo;sangat praktis;5;0;4.14.0;2025-12-10 14:23:21;;;4.14.0;;;;;;;
212fb832-f10d-4d31-8b85-c4500635e801;Waryo Toyo;https://play-lh.googleusercontent.com/a/ACg8ocKra8rmE4X05ORGT3k13Qc_sKkBbH9ctDxrf3GzPUMPLC7KYA=mo;bagus;5;0;4.14.0;2025-12-10 14:08:39;;;4.14.0;;;;;;;
245b5b9f-c4ee-42c0-9417-1956aa25fe42;ABRAHAM 88;https://play-lh.googleusercontent.com/a-/ALV-UjXkMZqv5pof499ehPWe2TQCxDWWMHvv3i1PMG5cAfbDtojnjxoh;bagus dan sangat memudahkan;5;0;4.14.0;2025-12-10 14:08:11;;;4.14.0;;;;;;;
5d8eab9c-de63-4616-884a-11983bce702b;Raja Taufik hidayat;https://play-lh.googleusercontent.com/a-/ALV-UjU7NYMMQCtASGnE4rSvovA1jwss_wVryBvDqDLrt-UDl66DkAU;bgus;5;0;;2025-12-10 14:06:23;;;;;;;;;;
4a9e4561-feb3-4ebb-bdf5-707f423cd3bb;Deminar Sitorus;https://play-lh.googleusercontent.com/a/ACg8ocIl2ENueL9InT7UBguheH2mnhlJPQgbjEdxmIXmcGjnUS8hDg=mo;sangat bagus;5;0;4.14.0;2025-12-10 13:40:23;;;4.14.0;;;;;;;
455d24fc-1567-4601-9398-fd7b0e7ce6ba;2putri official;https://play-lh.googleusercontent.com/a-/ALV-UjVmGyHuP1UklFpjiPPqrRBhl-F-szjs7qDwku2H3d44dMwDgHWq;sangat membantu dan sangat mudah di gunakan;5;0;4.14.0;2025-12-10 13:27:34;;;4.14.0;;;;;;;
d861936c-2071-4afd-957e-ba9f67ac4466;Ervya Eka;https://play-lh.googleusercontent.com/a-/ALV-UjVy0IVPpWwGIB70zwXQUee6W6nY0QsiBe3PPLt_udWb0jnGBEU;udah bayar tagihan tepat waktu, bahkan lebih awal sebelum jatuh tempo di tanggal 10. tiap gajian tgl 28 langsung bayar bisa2 nya 2x tagihan ga di hitung bln oktober dan november ga di hitung padahal usah bayar tagihan nya bisa2 nya kirim chat bahwasanya blm di bayar bed banget;1;0;4.14.0;2025-12-10 13:21:01;;;4.14.0;;;;;;;
ef108f82-660c-40e5-a510-fdd61e35986d;Ragil Naklanang;https://play-lh.googleusercontent.com/a-/ALV-UjVIwoolBZLOn0OxPy362QKJbXLMzog-LlARrkEFBJtUcjmOPVLb;Tidak bisa digunakan, emang saya lupa paswordnya, begitu cari cara lain lupa pasword via SMS mlah ga di kirim2 OTP nya gimana sich,,;1;0;4.14.0;2025-12-10 13:20:51;;;4.14.0;;;;;;;
4532f6ae-7599-4a74-bf3c-5ff8f6e4b49d;Lili yuli Lia;https://play-lh.googleusercontent.com/a/ACg8ocKy9AaMZyP87J6Lg2CqOrqMHf-Kvuqh_cLtToiyODGU12FI5Q=mo;sangat membantu;5;0;4.14.0;2025-12-10 13:20:45;;;4.14.0;;;;;;;
86645e50-bd63-4db0-876e-f455ccd4639e;Annik Sutria;https://play-lh.googleusercontent.com/a-/ALV-UjWAb65_PoSTrIZqEjeUPG7-kmXEjNAZ2-LT80YzKmGAREEOkFot;top;5;0;4.14.0;2025-12-10 13:03:24;;;4.14.0;;;;;;;
eb1944bf-095e-490e-9639-d67ef3a3a1e5;Hanafi Liveo;https://play-lh.googleusercontent.com/a/ACg8ocIRKwp9HcDoDqnJM5Cr8jq0l75BqFGn8fH2twq6zPaX8iOMOw=mo;bagus;4;0;4.14.0;2025-12-10 12:32:57;;;4.14.0;;;;;;;
9d98b7a6-5df6-4ebe-afe7-d4a39f75618d;santi putri;https://play-lh.googleusercontent.com/a/ACg8ocKzXInpRD55V1inGVRV9BTtvYpF0L33iEHUyu_NH7pSI4yCbg=mo;aplikasinya ngeleg butuh perbaikan lagi;5;0;4.14.0;2025-12-10 12:26:52;;;4.14.0;;;;;;;
7cdc37a8-06d5-4836-9b2a-95ad8d74e83f;sri hartono;https://play-lh.googleusercontent.com/a-/ALV-UjUfIWYf6yjdSN3_bEUu7WBO_CcdIQr68vYD0I94618fTONrBW6njQ;bagus;5;0;4.14.0;2025-12-10 12:07:48;;;4.14.0;;;;;;;
5ab3fa85-d298-47d2-93ab-9e200c3c1522;Ramadhan;https://play-lh.googleusercontent.com/a-/ALV-UjUhH5ubMBloIzQiIDOGtmV5KHOkGFY9VAhE-tQl04sAi569cUNT;bgus;5;0;4.14.0;2025-12-10 11:59:47;;;4.14.0;;;;;;;
ceca8562-6d35-4107-ba3a-301ab35817fa;Noval Dwi saputra;https://play-lh.googleusercontent.com/a-/ALV-UjUn_oTntEiohy3b0dlHechQwwRM1EGkjJCt0EQWoRiTa-8S3q0;sangat membantu;5;0;4.14.0;2025-12-10 11:52:12;;;4.14.0;;;;;;;
ab587ed3-c104-422f-8294-5aad940aa68e;Afif Kucingan;https://play-lh.googleusercontent.com/a-/ALV-UjUG9GJ9jjcQ3OlQbPs1WEs_Y-ibpG7wh8VG6nsu6mm-O6rgdp0;jos;5;0;4.14.0;2025-12-10 11:44:46;;;4.14.0;;;;;;;
e04f097f-aefa-4eda-bcf3-44a1b17cee07;zaenal arifin;https://play-lh.googleusercontent.com/a/ACg8ocKD8KhLxSv506QQRi2M6wDxMHf2xBJ4aHncX_6N4rObg4upxw=mo;good;5;0;4.14.0;2025-12-10 11:31:01;;;4.14.0;;;;;;;
90221b49-3849-4b17-88e5-069aeb15c6b7;Janitra Teknik;https://play-lh.googleusercontent.com/a-/ALV-UjVANpTojUMku_RC14Kx3FpjyRfX23SLB6lCF_d3UELx4J31zjU;sangat membantu;5;0;4.14.0;2025-12-10 11:26:59;;;4.14.0;;;;;;;
b1cd7c9e-7ec1-43d7-b736-f39942aee7e5;Nabhani;https://play-lh.googleusercontent.com/a/ACg8ocL-gb1cdxR9omn_vNiLvkO2T9gjbQ82IsttEO1THxu18Z6_eg=mo;aplikasinya mantap banget. 👍;5;0;;2025-12-10 10:59:21;;;;;;;;;;
6831f583-ad57-41c5-8ea8-bd59db643dfb;Nila;https://play-lh.googleusercontent.com/a/ACg8ocK8NC79e_a1g1x3KRRababbxZZnWUMwmPayGkyK9pFl4hlAjw=mo;lumayan mempermudah;4;0;;2025-12-10 10:53:32;;;;;;;;;;
5e53f62a-e0c0-4a01-afdc-592a7b00e382;AdeNovri Rangkuti;https://play-lh.googleusercontent.com/a-/ALV-UjVIXybh99Jw2JZu-NhSWZP4HJp6ZkkLrzhOqbcobQjSKMs-gpw;org berobat di persulit. sdh miskin x indonesia rupanya.;1;0;;2025-12-10 10:42:54;;;;;;;;;;
bffde4d5-7296-445a-85bc-29f54ff9b907;Lukman Hakim;https://play-lh.googleusercontent.com/a/ACg8ocJppS-hFeQv4OLZSi72zJOaScjyD_opq5kimT1X8de0TuZ_QA0-=mo;aplikasi nya sangat membantu masyarakat...;5;0;4.14.0;2025-12-10 10:41:36;;;4.14.0;;;;;;;
8c227784-d180-455f-94f6-15a1dc3ce06e;Moses ARAB;https://play-lh.googleusercontent.com/a/ACg8ocLN9iY_heWmluQnIzFx850cxgH3mBbsgckXT97qFJ2POsF7Sg=mo;mantap;5;0;;2025-12-10 10:30:54;;;;;;;;;;
047f5220-140f-42be-9d6b-7bef3fa22eff;noviandi andi;https://play-lh.googleusercontent.com/a-/ALV-UjWSRp2Vze17W1hqtAqYmP69ZT1YYLG573M9PKVnWE4yiuvjwHfD;baru mau berobat,eh dibatasi buat pendaftaran nya,gmna psien UGD...gx bsa ngebayangkan,jadwal control bsa terhambat lw di batasi;3;0;4.14.0;2025-12-10 10:30:05;;;4.14.0;;;;;;;
14733ed3-1dc8-4103-bdcb-d9d0d43aa30b;Tantan Hadiansyah;https://play-lh.googleusercontent.com/a-/ALV-UjUOtf4D27sCvYO9KcY1v_pDmXOm_HFuhLwYmtZcIDPsMUdvyRw5;enak dan gampang menggunakannya;5;0;4.14.0;2025-12-10 10:20:25;;;4.14.0;;;;;;;
bc11403c-2c91-458e-bb7c-2f22a482afde;luki yandi;https://play-lh.googleusercontent.com/a-/ALV-UjWgTUtW7wMi6iq_as67675K6L2Rz9zraH18F87T_7HJAvb-2YPJ;aplikasi sangat baik;5;0;4.14.0;2025-12-10 10:15:28;;;4.14.0;;;;;;;
879efbaa-f561-4aaf-bf4e-e1938dab1fd0;Whonk Ndeso Property;https://play-lh.googleusercontent.com/a-/ALV-UjW7Frfq_7I56XuTljo_J3clSvlOv1wJmFu9KPwyQ3PPVv_8kzw;Top;5;0;;2025-12-10 10:00:44;;;;;;;;;;
d7c050cb-2abc-41ce-a428-4b2df1f7ce9e;Azzahra salsabila;https://play-lh.googleusercontent.com/a/ACg8ocKJA3yWZyTW1y5qNpg_Uuf1XMxPf6o8rVt5XYatE1GUwxu2BA=mo;aplikasi layanan masyarakat seharusnya lebih memadai dan lancar saat penggunaan, untuk verifikasi terlalu ribet dan sering terjadi kesalahan. tolong perbaiki aplikasi ini agar lebih praktis digunakan.;2;0;4.14.0;2025-12-10 09:51:38;;;4.14.0;;;;;;;
54978d87-c927-485f-ae60-fe7b318a7fbd;Suparto1 Toha;https://play-lh.googleusercontent.com/a-/ALV-UjVq_IKWIojWy1T8bhrkX6tXm9BFDx8wUv9jk1GDk6t65qWrj3c;pelayanan nya jelek rujukan masih aktif tidak bisa di gunakan;1;0;4.14.0;2025-12-10 09:39:48;;;4.14.0;;;;;;;
3036325a-9b9c-401e-99e7-313c84da1dcb;Hendrik Kalitis;https://play-lh.googleusercontent.com/a/ACg8ocLNdtzPbXaED1pXTFIAIYj7io6ja9vp_R6vyecIyhGWRkB__Q=mo;sangat membantu;5;0;4.14.0;2025-12-10 09:36:15;;;4.14.0;;;;;;;
8703a9c5-e070-4bf6-8d41-e8e1ce64c281;Hesti Ningrum;https://play-lh.googleusercontent.com/a-/ALV-UjWUgqC6whvlZ3m8mQO79Arijyf026SJfRDrRZjyCvzedli4yZo;Mudah mengakses dan merubah data;5;0;4.14.0;2025-12-10 08:47:40;;;4.14.0;;;;;;;
d7ecd93c-1f9b-43b1-9af8-a830b2861864;Tia Mah;https://play-lh.googleusercontent.com/a/ACg8ocIjIfBlSECtTqG4WAiCtwEVRexsZiXTl8u9yS2j65Klr9_dPg=mo;kok nggk bisa kebuka knp ya padahal saya di sini ikut JKN Mbayar bukan gratis dr pemerintah.... saya mbayarnya lewat potongan upah dr hasil buruh di PT Unggul Jaya Jepon Blora BLORA... TP KENAPA JMO SAYA JUGA NGGAK BISA DI BUKA PD HAL SAYA BUKAN GRATIS IKUT JMO MAUPUN JKN MOBIL KENAPA SEMUA APLIKASINYA NGGAK BISA DI BUKA....PELAYANANNYA JELEK.... INI SAYA BUKAN KASIH IBU KEPADA BETA LO SAYA BENAR BENAR MBAYAR PAKAI UANG BUKAN PAKAI DAUN KOK APLIKASINYA SEMUA NGGK BISA DI BUKA;5;0;4.7.0;2025-12-10 08:44:40;;;4.7.0;;;;;;;
3cf6d4b9-270a-4a81-b93c-695deb97e390;Ivonilla Monic;https://play-lh.googleusercontent.com/a/ACg8ocJFUipAWhQ1zRttJwOmxq63ud1g46KeaQcxq7DpHZnEaKardg=mo;knp mau masuk aplikasi ga bs terus angka nik beda terus padahal sama biasanya kupakai nik sesuai KTP;4;0;;2025-12-10 08:27:51;;;;;;;;;;
36a46911-941b-46b7-abed-8243d102e159;welson caniago;https://play-lh.googleusercontent.com/a-/ALV-UjUmYKTjqP9sKuadpCoRYLO12NQlSRSm35uFYTY_LjQDyM_NVg7N;sangat baik dan efisien;5;0;4.14.0;2025-12-10 08:17:35;;;4.14.0;;;;;;;
b1427d9e-7200-448c-95c8-7901813fbbc4;Gendukdwi Pertiwi;https://play-lh.googleusercontent.com/a/ACg8ocKEBnBVK1s4C3tYM6O2F8LkgrEbpZRG_S460TWsMa7thbU71g=mo;sangat membantu;5;0;4.14.0;2025-12-10 08:16:45;;;4.14.0;;;;;;;
ba7b1863-06fb-48d1-82ca-6fd93223bc64;uton lilaban;https://play-lh.googleusercontent.com/a-/ALV-UjXBCkzD57jNp0K9yrZXnhqPVMWGeHoYM64HUu0Brk_VioO2S2Q;mantap sangat membantu;5;0;4.14.0;2025-12-10 08:15:29;;;4.14.0;;;;;;;
3d952e4d-a8ca-4ded-b63e-78cdb1113404;Dede Suparman;https://play-lh.googleusercontent.com/a-/ALV-UjUK4YhWeY-pwqEyliAmJzQ2SBHsPCFV7hkCZJcAKX-k9ENX1_Q;ok;5;0;4.14.0;2025-12-10 08:05:24;;;4.14.0;;;;;;;
2e232496-0cda-42ab-9a7c-2fb6d8c8de3b;Wineu Amalia;https://play-lh.googleusercontent.com/a/ACg8ocKi__WjRJ0CByqn6BtD2GLbAALxVBdUIdW-THfV9pyZ1aMTstA=mo;mau daftar akun tidak bisa ada notif no hp anda telah di gunakan oleh peserta lain (bagai mana jika ada peserta yg salah masukan no hp nya ) jangan mempersulit donk aplikasi nya perbaiki lagih jangan mempersulit rakyat;1;0;4.14.0;2025-12-10 07:47:47;;;4.14.0;;;;;;;
edc76c62-9536-4cd7-a371-de84e849695c;Rosmia Rosmia;https://play-lh.googleusercontent.com/a/ACg8ocKsa1Gh1lSf3ar8TBV4iqrk5H9fn5lwlM9JQLRf0H0gWbi6FA=mo;pusing make nya;3;0;4.14.0;2025-12-10 07:33:39;;;4.14.0;;;;;;;
f091b443-03e1-485b-91ba-8f18d7f91ce5;Mieayam Nagamoringa;https://play-lh.googleusercontent.com/a/ACg8ocKFTmbagwwOoBQcPycF73-kGVmFrYWM4_yccisQbMCIffiQ1A=mo;pelayana yg cepat;5;0;4.14.0;2025-12-10 07:28:18;;;4.14.0;;;;;;;
7e176f3b-c7f8-480d-b6c8-427e0eeb891d;Erni Zendrato;https://play-lh.googleusercontent.com/a-/ALV-UjWkQLabs1J4taKQeVhcdICfAUSGRMdm0WWR60g2Bztzpqd9duPsHA;sangat memudahkan untuk data2 perserta dan lebih efisien dalam waktu.;5;0;4.14.0;2025-12-10 07:24:52;;;4.14.0;;;;;;;
40377f93-22fa-406f-973f-dda52827e795;Raffa Fadillah;https://play-lh.googleusercontent.com/a-/ALV-UjX6lrvTkgqeyhImU-rOgF5sWR88I39V0bB2GwhrMmWcofTtd6OQ;nge scan wajah aja g bisa;1;0;4.14.0;2025-12-10 07:07:09;;;4.14.0;;;;;;;
9734e782-7db1-4660-93ee-a8d4b6ffa98a;Harris Sukvia;https://play-lh.googleusercontent.com/a-/ALV-UjWvtxF4TcrO8Hq0_8mcIgrrk_UiB86QCSbqIl8PodF7w0Pkyqie;sangat membantu;5;0;4.14.0;2025-12-10 06:48:45;;;4.14.0;;;;;;;
f6f9ea20-99db-4d81-bd5f-bfb664939432;Hafid;https://play-lh.googleusercontent.com/a/ACg8ocI2sCiOpjnfWLjnUdI3NflE5gVBKIqIFLmRKkA0_qEnXs3loA=mo;captcha tidak muncul, serta susah login;1;0;;2025-12-10 06:29:06;;;;;;;;;;
b7d21f3a-aeb7-438d-8919-a86d0d1623ce;Cesaria Yudiyanti;https://play-lh.googleusercontent.com/a/ACg8ocJeKUn4lgD2iEm5mT8evS68PekfFAFSwXkV3_HZ0pVMicFX4g=mo;payah payah payah, aplikasi pemerintah kenapa selalu payah. sering logout ga jelas. mau daftar faskes harus daftar ulang dulu karena logout. mau login dipersusah, Nik salah lah, pasword salah lah. payah!!!!!!!;1;0;4.14.0;2025-12-10 06:04:11;;;4.14.0;;;;;;;
886e4754-5252-43e8-84e0-94c3b89aea4f;Yohanes F A Omberep Jhony;https://play-lh.googleusercontent.com/a-/ALV-UjW71tjNPMIieCqiJrTYmueGTZmU7ddsdR6dsf76bYaxfk5vAs8;mntap🙏🙏;5;0;4.14.0;2025-12-10 05:55:58;;;4.14.0;;;;;;;
d17f5902-6450-4830-ab0e-e6fbd7da0ee5;M.H ENGKOL;https://play-lh.googleusercontent.com/a-/ALV-UjUknRE_mWUdMJHWDqr0bORIbphKrlQk2C8T4jFfRZjYJbV6CycL;Sangat baik;5;0;4.14.0;2025-12-10 05:43:06;;;4.14.0;;;;;;;
1dcb261e-021f-4079-8978-507533080a14;Nensi Ortega;https://play-lh.googleusercontent.com/a/ACg8ocJqmQ6BURGqg7ilpUU4brKexYzyNQEeWUVFEHplzF8tCpmxJA=mo;baik;5;0;4.14.0;2025-12-10 05:28:09;;;4.14.0;;;;;;;
bcdf49ec-37ab-4ed2-8e7d-dc04a811b3e9;lutvia kaisah;https://play-lh.googleusercontent.com/a/ACg8ocIJqAGzS5A2Y52nbkTprwFG4sYO4eJK_Q59sHkdPxLtq2D445g=mo;sekarang kok gak kaya dulu yah jkn nya malah suruh daftar lagi .dulu aman aman aja daftar sekali bisa dipakai lama tinggal masuk.sekrang knpa ribet bgt min;4;0;4.14.0;2025-12-10 05:24:44;;;4.14.0;;;;;;;
300780eb-86cb-499f-b55b-450e3952f048;Sahabi Dompas;https://play-lh.googleusercontent.com/a/ACg8ocIIA7Rp-_YcwUx3ivTQHz5XI3xklAc6JmUJ3VbcR834m7YsXQ=mo;Aplikasi yg sangat membantu!!;5;0;4.14.0;2025-12-10 05:20:39;;;4.14.0;;;;;;;
56094e72-2159-4e73-9ac8-92bd6e9c0f1a;NP Vlog;https://play-lh.googleusercontent.com/a-/ALV-UjUQKZL8Aztb-4jpBsSeBtBgpSDxWrKFqScvMOcS-jWe2AnvZygJ;gabisa login aplikasi pemerintah ga guna ini mau sampai kapan seperti ini terus?;1;0;4.14.0;2025-12-10 05:17:32;;;4.14.0;;;;;;;
34d936c5-25bf-4cdc-9500-d4d70d14f4de;Wahyu Mohamad;https://play-lh.googleusercontent.com/a-/ALV-UjVTW7Un7GjKlaAl8eqW-RapXBGkJ_sUxpojy8UldZ7LLmGXIF3HHg;bikin dongkol setiap buka aplikasi ribet kudung masukin no KTP kalo pasword wajar ga praktis masih bloon ni aplikasi ditambah ga singkron Ama paskesmya dah ambil no antrian lewat aplikasi pas udah sampe tempat katanya dah tutup padahal baru jam 11 di aplikasinya tutup jam 13.30 nih gimana yg oon aplikasinya apa paskesnya;1;0;4.14.0;2025-12-10 05:06:47;;;4.14.0;;;;;;;
99c21259-227f-4b4d-8e42-e5a34481fc1c;Vito Skaluarga;https://play-lh.googleusercontent.com/a-/ALV-UjWSU903p0nkAG7MmVnywkA6mRDjyJ50b8JJnRpOHkvQ13xatJU;sangat membantu untuk orang yang sedang sakit;5;0;4.14.0;2025-12-10 04:53:17;;;4.14.0;;;;;;;
9dab23fa-3721-4009-9275-d814b23e29cc;kembar starjua;https://play-lh.googleusercontent.com/a-/ALV-UjV9ddr26HwybaSOVTx8JzC9NGOGVz6ku5I0SFHs6OAREbTjFGo;bagus sangat membantu;5;0;;2025-12-10 04:52:36;;;;;;;;;;
d025ec79-6f1b-46fa-9567-1bc297bcabc9;Rifa fadilah Dedep;https://play-lh.googleusercontent.com/a/ACg8ocKqXmN7H38ejGEfHQnsZc_Y5KVSdLyqs05zCa1fsgFrY8ySPw=mo;sangat puass;5;0;4.14.0;2025-12-10 04:48:26;;;4.14.0;;;;;;;
43bddc5b-a779-42dc-a2f3-f56ae79f3820;ibnu hajar wibowo jogja;https://play-lh.googleusercontent.com/a-/ALV-UjXXL2V2MvvGEWsZV1mLal2oFDq0ux3RLNCM6qpNnV5uZUjjWhlbAA;bagus;5;0;4.14.0;2025-12-10 04:46:42;;;4.14.0;;;;;;;
ba23d75c-2888-44a4-8bf0-5d716aa0f127;Hanifa Habib;https://play-lh.googleusercontent.com/a-/ALV-UjWBFiITq3PKkwMABasCzbMxI6lKKRLsgSmX3gmIXKG-4reW-Cc;mantap;5;0;4.14.0;2025-12-10 04:42:50;;;4.14.0;;;;;;;
61ce96ba-1011-4bf6-8bc1-e375e4d112c9;Alexander (ID.01);https://play-lh.googleusercontent.com/a-/ALV-UjXzI6ZR8V5WCC0wRqIPNwAzorYiKPFwHM-XL45uOqmrkm0ZZNYL;lelet;1;0;4.14.0;2025-12-10 04:41:00;;;4.14.0;;;;;;;
58319bf0-3ece-498c-9980-cb0cdba74fab;kenzie Aqila 24;https://play-lh.googleusercontent.com/a-/ALV-UjWTQed34ACR-y-91xOGe-2tSBfk0TNWviLWG8mQGPB776m-HMvdTg;bermanfaat;5;0;4.14.0;2025-12-10 04:38:21;;;4.14.0;;;;;;;
c8ec08cb-eb26-4d17-b8f0-38a88774ebd0;ponid berdasi;https://play-lh.googleusercontent.com/a-/ALV-UjXWXeAui2LMYH6Iwta2-F2uMD_xS7j9bAznP1paCwLylm18L74V;okey;5;0;4.14.0;2025-12-10 04:34:16;;;4.14.0;;;;;;;
e1f044d6-62a1-4501-be99-53980150e861;Amirah Balqis;https://play-lh.googleusercontent.com/a-/ALV-UjWGv_8Wim7BgnjRKeyf_0trhTxaEfMogNGvPUDtj26lMNm-mlvRdw;Mudah dipahami;5;0;4.14.0;2025-12-10 04:31:55;;;4.14.0;;;;;;;
eae94ca3-2d58-44d6-bf16-881c48c1eb0d;Fatah Nur soleh;https://play-lh.googleusercontent.com/a-/ALV-UjUoFC8yNq-INVeTk7pa5qPjaXXzH4cRR0yyOFD4Wj3qqpW-bs4;ada pertanyaan kalo permintaan tidak diizinkan, apa yang bermasalah?;2;0;4.14.0;2025-12-10 04:23:44;;;4.14.0;;;;;;;
5c27ac36-bd4d-4366-bc85-b76e87be7aa3;Sarwani 99;https://play-lh.googleusercontent.com/a-/ALV-UjVmpKCAA0JbQ-c1qf7TvXiEgqOD6bLyvgj4Zzx24HdxQhkrc-Y5pA;sangat bagus dan bermanfaat untuk rakyat dan masyarakat;5;0;4.14.0;2025-12-10 04:19:47;;;4.14.0;;;;;;;
0c0ef716-4ec7-4706-afec-bc84ffd95058;creative chanel;https://play-lh.googleusercontent.com/a-/ALV-UjUil9FuOHZRq-QhoyWZQEZL725ncgEeeEOwRqlCQLoHRV8RB38;berhasil login masuk, tapi kenapa saat mau buka beberapa fitur tulisannya anda tidak diizinkan.. mau daftar antrean online tidak bisa;2;0;4.14.0;2025-12-10 04:10:47;;;4.14.0;;;;;;;
bca87eaf-f8f0-415f-86c3-d7ca2494604e;andrean cahyadie;https://play-lh.googleusercontent.com/a/ACg8ocK_k2iVhTsqd5-8KH4O_XZ-xc2kyB90QQzYQhWRjpPf0Hnuog=mo;aplikasi bagus dan membantu;5;0;4.14.0;2025-12-10 04:10:41;;;4.14.0;;;;;;;
97d2febc-bdd3-4d73-aee3-f1f7bc443316;Dina Kusmarini;https://play-lh.googleusercontent.com/a/ACg8ocJN-CFpZijHH5Z2FEEPmInV-PTzd4W6n3czs3v9uCi3FiQxiA=mo;aplikasi yg bagus;5;0;4.14.0;2025-12-10 04:00:01;;;4.14.0;;;;;;;
f27a34a6-2317-4a53-9451-7d8075ed59c1;Pipih Patimah;https://play-lh.googleusercontent.com/a/ACg8ocIpUXEbveMkBvjw8zhLsv_GN3clU86fpU_w7p51BBZjgbly2A=mo;masa pas mau cek in di RS data kepesertaan di jkn mobilenya malah hilang, padahal sdh daftar online.;1;0;4.14.0;2025-12-10 03:53:44;;;4.14.0;;;;;;;
3a6f1852-7e84-4a14-a152-86923c553c77;Ahmad Sri murtanto;https://play-lh.googleusercontent.com/a/ACg8ocLpZ-mho87aK2bsylb8ZrX2RTYg4FJ0WynbPc1o1fXAR3y5xQ=mo;ngurusin penambahan peserta di via web online sangat susah,padahal sudah 2 x membayar peserta yang di tambahkan, di perbaiki web nya kerja yang bener jangan sering main2 kamu di bayar nya gak main2;1;0;4.14.0;2025-12-10 03:53:13;;;4.14.0;;;;;;;
523e631f-9940-4a24-a100-e85d29addecf;Isnainia Devi;https://play-lh.googleusercontent.com/a-/ALV-UjUkk-Juv4DdFCZTzMWEQVTI0_ehVja-poYgKhIOEKe3booMKzE;semakin mudah;5;0;4.14.0;2025-12-10 03:37:15;;;4.14.0;;;;;;;
16c0654d-8544-4741-a365-7f72ab18b7ea;J.A. Margareth;https://play-lh.googleusercontent.com/a-/ALV-UjX8dXFZtiDTQ8OQ76HNzcoSPkURukj1iSUE2e_L82liIJ648OjC;"ini kenapa tiba"" ke-logout sendiri ya? terus pas mau masuk, captcha-nya muter"" loading doang ga bisa""";2;0;4.13.1;2025-12-10 03:28:51;"Hai.. Mohon maaf atas ketidaknyamanannya 
Silahkan untuk dapat melaporkan kendala yang dialami ke alamat email yang tertera pada playstore/appstore dengan melampirkan printscreen kendala aplikasi dan menyertakan nomor kartu JKN-KIS. 
Terimakasih 
Semoga Sehat Selalu, 
Dengan Gotong Royong Semua Tertolong 
Salam";2020-07-23 03:24:52;4.13.1;;;;;;;
9d92b27b-5a25-4791-9de7-620ef7ca8a2c;Ali Chudaibi;https://play-lh.googleusercontent.com/a-/ALV-UjXtTV9gpOGEk2RIMn_PGLvp25JTwSQ5usnsJHJkqH7g7jErcV0;apk lemotttt;1;0;4.14.0;2025-12-10 03:25:22;;;4.14.0;;;;;;;
2d8e1719-cc68-4bea-bf56-8aa59a96a432;First Leo;https://play-lh.googleusercontent.com/a/ACg8ocIUAcv3WXCHdYChLhUpAU26bSdEbGGcfYXKeYeNPGqKz1TPBQ=mo;aplikasi jkn loading gak ngebuka, error;1;0;4.14.0;2025-12-10 03:24:49;;;4.14.0;;;;;;;
431e06d6-ebe9-4a0c-b0bd-8ebfc21bf331;Silvi Aliya;https://play-lh.googleusercontent.com/a-/ALV-UjVHLM-abK5UdIL_3f37LWCVl9pN72RFoxt4OHSyeNUxOrm5MZo;kenapa sering logout sendiri dan jika masuk malah dipersulit;1;0;4.14.0;2025-12-10 03:22:18;;;4.14.0;;;;;;;
bc3233e6-8ce2-4ef4-bbee-9be07d41577a;Riski Sulaeman;https://play-lh.googleusercontent.com/a-/ALV-UjWP8N1e2OU2IUVXP8PBu6D5aXUdGap4Fr_CT3ojr7n5Jk_oUAvA;lawak gbisa login. ktrngan offline mlu;1;0;4.14.0;2025-12-10 03:20:19;;;4.14.0;;;;;;;
8d6c9bc4-df63-4e29-af28-230ea3b9adeb;Tians Kyo;https://play-lh.googleusercontent.com/a/ACg8ocKZkxRO5Zs_41yfrCsciUKUUjXDW1A28kHHjypzQYQvdBG-PQ=mo;begus ,sangat membantu dalam pendaftaran pelayanan kesehatan . tapi aplikasinya sering error. sering logout sendiri padahal masih beberapa menit login. sering error ofline, padaahal sinyal aman. kadang ngeblank putih tidak bisa diapa apain. ini karena banyak yang menggunakan atau masalah servernya saya kurang paham.;4;0;4.14.0;2025-12-10 03:19:00;;;4.14.0;;;;;;;
eb04bf30-1cfc-42fb-8a48-1cffe2287f9a;Safuan Mahardika;https://play-lh.googleusercontent.com/a-/ALV-UjW-lpw2PWBjBCRnVpMujkm8iyCDf2FDLPEyWIJp10Uw-OpmWRfS;good;5;0;4.14.0;2025-12-10 03:11:02;;;4.14.0;;;;;;;
3e5f8e9e-34f3-456d-a2bd-22b26a2bf778;Moch Kamil kamil;https://play-lh.googleusercontent.com/a-/ALV-UjV_QOyskcN0ud5jO-GiGAmJ8iGnJdo121CNNbu2SzSwwGpRYx7jhg;bisa mempermudah layanan tapi sering lemot;5;0;4.14.0;2025-12-10 03:10:35;;;4.14.0;;;;;;;
ef7ece93-a744-4803-af85-a7e8c64fb599;Mochamad Fahim;https://play-lh.googleusercontent.com/a/ACg8ocIwG5J9A_gO00tUdDhhjUbDm3oALtbSk62jrMCuI_ldA8Kbrrw=mo;ok;5;0;4.14.0;2025-12-10 03:09:27;;;4.14.0;;;;;;;
e745f2f5-0428-4b49-92ec-a1b62523c566;Sadawa Tumas;https://play-lh.googleusercontent.com/a-/ALV-UjWV8U2I0Qh5cAJRz0NAovcPsq1w1XIlQwgVrb3DsAaIBDd4rukQ;sangat membantu;5;0;4.14.0;2025-12-10 03:00:59;;;4.14.0;;;;;;;
ca32f430-e9fb-43e4-b0f9-2b4490b1d1bb;Samudra Biru;https://play-lh.googleusercontent.com/a/ACg8ocIq0piPXGuPb2qfJAN_iyPPQ1L3UFgeBvbLySeCH0uuLD_5Wl8=mo;bagus dan menolong;5;0;;2025-12-10 03:00:37;;;;;;;;;;
8c20409f-d900-4af3-8d22-0814a08caaab;Adni Adni Marputin;https://play-lh.googleusercontent.com/a/ACg8ocKv6OhTbuCTnIu2dElU8IyYYUm47mhhIIJMnNP0tCaKwUlC9g=mo;saya kasih bintang 2 dulu, karna aplikasi nya tidak bisa menerima pesan, jdi susah untuk menyelesai kan pembayaran autodebit.;2;0;4.14.0;2025-12-10 02:58:32;;;4.14.0;;;;;;;
3f39e460-a041-41a2-8e71-f1c67de89ce5;Wasirun Sirun;https://play-lh.googleusercontent.com/a-/ALV-UjVxPRrjOfClt_I89Ebw_aWvlBoN70xDrzI2fGURTlUlao57uz8;ok bisa membantu;4;0;;2025-12-10 02:56:38;;;;;;;;;;
db93ce4a-aa25-4ce5-891b-8e26d6cd2a28;Hadi Prayitno;https://play-lh.googleusercontent.com/a/ACg8ocJApmWTxDifH4oHCM_4dzrJV3mYXNKFOZv9QOjOT80UJ9gN8w=mo;bagus;5;0;4.14.0;2025-12-10 02:51:04;;;4.14.0;;;;;;;
e84edf3c-839d-40f9-a4a9-71c3cab30f1c;Sri Kusriah;https://play-lh.googleusercontent.com/a/ACg8ocLK0gEjea-0QRX81v5cZEcS7FAkuz1EdUD4lxy3KHZ5BgVXZw=mo;membantu pensiunan;5;0;4.14.0;2025-12-10 02:48:53;;;4.14.0;;;;;;;
4e163245-68f0-4544-8572-8ae736adda73;Ollning Gellyama;https://play-lh.googleusercontent.com/a/ACg8ocKkAHTLwcc2-mEQVufWBZrXYQaEHwwlKiYe7tc5_h_xqI9IiA=mo;sangat berguna;5;0;4.14.0;2025-12-10 02:47:48;;;4.14.0;;;;;;;
ddd18b8f-7ed9-481a-8105-24e91648472b;Ariska Astuti;https://play-lh.googleusercontent.com/a-/ALV-UjWJAE9KqF0lQQFlHYpDsxTOQXpbYfOUdsy4h6kJelUNZWDoOMsk;bagus aplikasinya;4;0;4.14.0;2025-12-10 02:44:08;;;4.14.0;;;;;;;
d16e6fad-778b-4537-8341-40352357c51a;Versa Khanaya;https://play-lh.googleusercontent.com/a/ACg8ocLhUy3tgExSBconFZhJfjR4M19mAPuxozw8-L78BkkgnLSwZQ=mo;saya mau bertanya,gunanya ada pendaftaran online itu apa ya, saya sampai klinik udh nunggu hampir sejam tetapi yg di panggil itu nomer antrian yg di bawah saya misalnya saya no urut A10 tapi yg di panggil duluuan A11 A12 saya di lewatin pas saya tnya ke pendaftaran katanya mereka datang duluan mangkannya mereka di dahulukan,maksudnya gmna ya saya daftar online itu biar mempermudah dan mempercepat tapi knpa yg datang duluan yg di dahulukan ,untuk apa ada pendaftaran online melalui APK kalo gtu;1;0;4.14.0;2025-12-10 02:42:55;;;4.14.0;;;;;;;
51a6319d-6890-4e55-9311-239462ae5cba;Ifan Potter;https://play-lh.googleusercontent.com/a-/ALV-UjWyWlyXJ65pIuX2ESKdpTXxJQPbx9XXFu9scvHAMS-u2SvZVZi1;"Setiap mau ambil antrean secara online selalu saja gagal dengan keterangan ""Poli tidak ditemukan"". Kasian pasien yang rumahnya jauh dari rumah sakit,gak membantu sama sekali..";1;0;4.14.0;2025-12-10 02:36:31;;;4.14.0;;;;;;;
54ecf83d-ad8f-40c0-b6ef-d8cb9ab30fb3;Deva Junarta2;https://play-lh.googleusercontent.com/a-/ALV-UjWVzfFGv6Q0PkTHIX0L5eLa-uCQs2cpWyIdPp148NqKzD1hlCo;tolong benerin mau riset pasword aj otp gak di kirim kirim;1;0;;2025-12-10 02:29:55;;;;;;;;;;
287f9972-ecd2-4d38-ad78-b00eacf0f23f;Lukman Hakim;https://play-lh.googleusercontent.com/a-/ALV-UjV3EUzIqH-rd3_J1rjhXLJp1P3PhZSgWrQ7JnDhzn_cEprp9JI;bagus;5;0;4.14.0;2025-12-10 02:29:10;;;4.14.0;;;;;;;
30639f3d-2cab-494a-b429-cae7af3f558d;Agung Mulyana;https://play-lh.googleusercontent.com/a-/ALV-UjWEoEPD-28Hqg3PrI4niTlapp9esGAFALWbZ1DTMvE2xL7U3Vgxaw;aplikasi jelek, udah di bayar tapi status di aplikasi ngga ilang;1;0;;2025-12-10 02:25:56;;;;;;;;;;
3595361b-b797-4c99-9784-a4a3d85d99dd;Ayu T Palupi;https://play-lh.googleusercontent.com/a-/ALV-UjUh4oJAnDxHM9jtVQIZApe3rP_N5xr-e13ncNPAEGYIGrRuu1U;sangat membantu;5;0;4.14.0;2025-12-10 02:18:51;;;4.14.0;;;;;;;
71030016-493b-482a-b940-883f0ee97be1;RITA RAHAYU;https://play-lh.googleusercontent.com/a-/ALV-UjUUBKCKeKjz5-V1eqgRYS0Lze8M06fV_OiZ6Ahfq3scKuLvcMZMdg;download apk lain bisa, download mobile jkn gabisa aneh bgt, padahal perlu bgt urgent;3;0;;2025-12-10 02:13:28;;;;;;;;;;
1dc2583e-d5d2-44da-9cef-3a5f77475242;Yan Pakenden;https://play-lh.googleusercontent.com/a-/ALV-UjVAg7SEkLobLGk5gNpVnO8HvwFGuqcT-Yd-13szPyyZg9jqXuU;sangat mudah di akses;5;0;4.14.0;2025-12-10 02:05:52;;;4.14.0;;;;;;;
f1530ce2-ed55-4fee-b733-3398fc0fe98d;Mak Rie;https://play-lh.googleusercontent.com/a/ACg8ocJQoc2Btb26oCnJywVoJLg8vkX8aqgPrejeWTB51c82qpNzvA=mo;aplikasi gk berguna, login gk bisa apa gunanya aplikasi ini sdh lama skali mw mw tp tdk bisa krn tdk muncul captha, bila tdk berfungsi knp pula ada apalikasi ini, pdhl aq mw ngecek tunggakan iuran bpjs;1;0;4.14.0;2025-12-10 02:01:56;;;4.14.0;;;;;;;
0fc8cc27-a4ea-43a0-9ad1-f575d40e6fab;Aguspermana Permana;https://play-lh.googleusercontent.com/a-/ALV-UjXsg7HBJDaBTQZe1x5SyWo6w_VxTDfIwKNOu9oABlOkxX7KPi-J;dg adanya aplikasi ini sangat membantu peserta BPJS, aplikasi cukup lengkap dan lancar penggunaanya;5;0;4.14.0;2025-12-10 02:01:07;;;4.14.0;;;;;;;
3bda3e52-acef-4fb1-93c0-9cdc67da8e98;Syahrul Amri;https://play-lh.googleusercontent.com/a-/ALV-UjVglW3nGe8ZsoGTqQTQt4mD_XN3CECcuUbSASudhTLIXgtMWhg;mempermudah ingat harus pakai internet yang kencang;5;0;4.4.0;2025-12-10 01:57:35;;;4.4.0;;;;;;;
31bbc82e-1e4b-4e1d-a548-9de8c1ce58f3;Ai Juariah;https://play-lh.googleusercontent.com/a/ACg8ocKOr2WuDPuetqCEPgij9z_k3cTLELWO9xkRdTnfmzG-VZylcA=mo;sangat memuaskan kan;5;0;4.14.0;2025-12-10 01:55:07;;;4.14.0;;;;;;;
ed27b375-f2e0-4ca5-9a4d-ba1d03f36acd;jekson Sihombing;https://play-lh.googleusercontent.com/a/ACg8ocL8I5bSMtOq2i72nTPRHHR5MJDjtqbxjww_H8zQD9ZNIjrrIw=mo;sangat membantu untuk pengguna mobile jkn;5;0;4.14.0;2025-12-10 01:51:59;;;4.14.0;;;;;;;
ea4cd8d1-f108-4abc-83ea-922e7b6e3cad;Raudatull Jannati;https://play-lh.googleusercontent.com/a-/ALV-UjWcBbtKbh26j2QolmUTo4dUGi683KV2bZkfdCTIcso7Ru0nHqJW;semoga bisa memberikan pelayanan yg terbaik;5;0;;2025-12-10 01:49:59;;;;;;;;;;
3c872033-bbb5-46c7-8bfd-2d1f1bddba7b;Sugianto Oktafia;https://play-lh.googleusercontent.com/a-/ALV-UjXeK1lJFk2WoQPdjQ3yRJZFb7Igb9L83rj08ycbh1Yy9dqiSeOh;goodd;5;0;4.14.0;2025-12-10 01:47:39;;;4.14.0;;;;;;;
09b1b479-dbb5-45f1-8499-23c2d7cad912;Fidelis Liem;https://play-lh.googleusercontent.com/a/ACg8ocLkMEV_2fGGt3IIGyzpA-zJw3TSbSNcrR0AcAaxgLSHxHndwg=mo;memuaskan 👍👍;5;0;4.14.0;2025-12-10 01:38:21;;;4.14.0;;;;;;;
0c3c82e5-7311-4338-9187-75bc3f7b5e05;anzis k;https://play-lh.googleusercontent.com/a-/ALV-UjX-7xFT_Bcry7MAhUblhAt-CNjb2YUvj6YNn0-iCPE0Mis-zMvb;great;5;0;4.14.0;2025-12-10 01:29:49;;;4.14.0;;;;;;;
a6dad44e-f4a7-493e-b3c1-901ef1aa6691;Wawan Sugandi;https://play-lh.googleusercontent.com/a/ACg8ocJLt0Y-2rWSbk1noutFoFdKyTJwa3m4kc-ShGQO1_Ig6uvi0Q=mo;baiksekali;5;0;;2025-12-10 01:28:02;;;;;;;;;;
32f1f569-7d22-49a8-bf51-4b70f78db979;Hari Yadi (Dhede elektronik);https://play-lh.googleusercontent.com/a-/ALV-UjW9jzTJAxCRGHQUxc41_7xdAsJQq1Qwkc1BG5OBleGYbmoeGQbQMA;klw IT ga becus kerja pecat saja jng susahin orang aplikasi error tiap hari;1;0;4.14.0;2025-12-10 01:26:02;;;4.14.0;;;;;;;
427b12d4-afa2-4314-8de3-67ea84eefe49;Korry Sitorus;https://play-lh.googleusercontent.com/a-/ALV-UjWQ-Y6fWd_Wi3U48Ygp3iqAqsNS1cObTA30T1KgFSjCzaFhC7GH;mudah dan cepat diproses;5;0;4.14.0;2025-12-10 01:01:50;;;4.14.0;;;;;;;
1f5f4a48-6640-4958-bebb-4627e42da2f7;Abdul Zailani;https://play-lh.googleusercontent.com/a-/ALV-UjU5uJ_iAvSZw_hd7C551CKOV53SoK9h0WEXgXP_9o7kV2fkYvj7;aplikasi yg sudah terstruktur, semua sistem nya berfungsi dengan baik;5;0;4.14.0;2025-12-10 00:55:53;;;4.14.0;;;;;;;
dc00d849-6179-4524-9421-154cfab8c65d;oding pamungkas;https://play-lh.googleusercontent.com/a-/ALV-UjXhltFKpcVPvKzS_hhB1rH7ReWYbzRA9CQC9wkGWsRDDWQnYssYXw;Tidak bisa ambil antrian perlu mengganti nomer Hp tapi untuk verifikasi tidak bisa.;1;0;4.14.0;2025-12-10 00:55:35;;;4.14.0;;;;;;;
2d75bdfd-b231-4d70-838e-7d2c674e6327;Yeni S Tanjung;https://play-lh.googleusercontent.com/a/ACg8ocJ6q0ZqmodNBZKjMMaXubmm_LZfH0eHlLjxivZdFnMxU7_6SA=mo;BPJS sangat membantu dalam pembiayaan terutama masyarakat ekonomi menengah kebawah. Jika dapat di tingkat paskes (awal) jika melakukan berobat dengan keluhan sama yang di ulang beberapa kali (seperti saya dari tahun 2023 hingga saat ini keluhan flu berat: hidung tersumbat, bersin-bersin) sebaiknya direkomendasikan ke tingkat spesialis THT bukan ditahan. ini yang membuat kita kurang nyaman karena di tahan.;5;0;4.14.0;2025-12-10 00:53:54;;;4.14.0;;;;;;;
741a3a8c-d2cb-4cc2-adf4-f76a2da6a4b9;Akp Pa;https://play-lh.googleusercontent.com/a/ACg8ocK026GcBg-P20DXWr168LkqkZMps9TKcCJzm9WWtOOehB4iouw=mo;mantap jkn;5;0;4.14.0;2025-12-10 00:51:25;;;4.14.0;;;;;;;
ba101fbf-d188-43cf-a426-8028331994f4;Fitri Albarqah;https://play-lh.googleusercontent.com/a/ACg8ocKOhlXcdzenqNnFecStnHGw6UmR5S6-lolcr79oB8mXnCvFUg=mo;Aplikasi gila,udah coba daptar berkali- kali eror terus. gimana sih ini?!;1;0;;2025-12-10 00:46:56;;;;;;;;;;
2316331a-ce6f-4950-9ec2-a6080411eda0;Tri Mardiwibowo;https://play-lh.googleusercontent.com/a/ACg8ocJlrOKCHomIF2J8dwWOd76JKFeISWfhMu61WzT2xXBfxrzllg=mo;sangat membantu alhamdulilah;5;0;4.14.0;2025-12-10 00:43:31;;;4.14.0;;;;;;;
616d57cf-8c04-470f-a570-262fc9b424f3;Andrian Yansa;https://play-lh.googleusercontent.com/a/ACg8ocJTmMP265JhqT1m95OpIlXGzNpX7ROwwy4XnLLhLV4Sirr01Q=mo;oke mantap;5;0;4.14.0;2025-12-10 00:42:23;;;4.14.0;;;;;;;
d87c3e72-8abe-4a18-8896-cbe12a142edc;Galuh Geranit;https://play-lh.googleusercontent.com/a-/ALV-UjXQJoouR8_9g5yIe5MJmqT0Q0Zdp49R6HaVEmdTk4n4Zhbz8_U;mantap;5;0;4.14.0;2025-12-10 00:31:05;;;4.14.0;;;;;;;
609dd36b-0206-482f-9bba-f02ebc82f18a;Vivo Y12;https://play-lh.googleusercontent.com/a/ACg8ocKKDoygKH5Isju5hRsvTI1l6HvO_nHY08_NinuUZ8ESwNhJvw=mo;parah bos,tolong di perbaiki ini akun tidak bisa login jangan minta maaf terus;1;0;4.14.0;2025-12-10 00:30:55;;;4.14.0;;;;;;;
e2abdfdc-bb14-4aed-9839-c88e394c5dab;Ruswan Purwanto;https://play-lh.googleusercontent.com/a-/ALV-UjVV33EmgjUXDfemjFpk_rKuhrPtgwmcc5leOdffzT-_Y4VEmwc;good;5;0;4.14.0;2025-12-10 00:21:51;;;4.14.0;;;;;;;
d88cf779-9707-4cd6-a611-4cca08257edd;Hotmauli Rajagukguk;https://play-lh.googleusercontent.com/a/ACg8ocIxgFN8WmOAviyYJBKBliitvrTkQlCrj2vyjVnHVDPcXkn0eA=mo;Kenapa harus update terus ya,kemudian sering eror;5;0;;2025-12-09 23:59:52;;;;;;;;;;
735b8b10-240f-41db-9880-5c8da02d51d5;Isma Wati;https://play-lh.googleusercontent.com/a-/ALV-UjUSYuxSsmcbwQbtHk1eI0SrEFrRk9TfSThu_k7yrg9gf8_3e7_W;terimakasih bagus buat ngubah tanpa harus ke kantor nya langsung;5;0;4.14.0;2025-12-09 22:47:58;;;4.14.0;;;;;;;
2b7e2a9c-66cc-4c9b-bb37-9af357f2320f;fadryansyah Telkomsel;https://play-lh.googleusercontent.com/a/ACg8ocLCTNAC2sxppfJAbW8zdZ4_COuQWsTer7goKCr2r-8wZFo-Iw=mo;sangat bgus dan cepat;5;0;4.14.0;2025-12-09 22:44:20;;;4.14.0;;;;;;;
204af9b3-d27c-46d1-a834-c8338bd1449d;Ibnu Hibban;https://play-lh.googleusercontent.com/a-/ALV-UjWgAgxRRZ0F0jHT60xdp-wPLLxEAYLxxacoQVcThYu1HMvSYQ4;terus berbuat yang terbaik;5;0;;2025-12-09 22:24:07;;;;;;;;;;
7d2599b9-be04-43f8-99cb-74645e69b737;sufi zuhud;https://play-lh.googleusercontent.com/a-/ALV-UjXsiUKQ6Cq6NoPONCOpEKt9B4t9Ne2mwmeoXjkfPDrHHmQVZnw;ada peningkatan;5;0;4.14.0;2025-12-09 21:44:23;;;4.14.0;;;;;;;
cc33944b-533e-4655-a3bc-7c70dd9d9cc5;Las s;https://play-lh.googleusercontent.com/a/ACg8ocICwtNCPSpC-ywzjxm4q7mATklShC06slCQVWeTsT9iwkQyPA=mo;ok la tapi sering susah kalo mau antri online;3;0;4.14.0;2025-12-09 21:42:55;;;4.14.0;;;;;;;
b259cdf4-4751-444c-b4e8-4ed3a7ccee6e;Iskandar Patue;https://play-lh.googleusercontent.com/a/ACg8ocItYiN7LfGNPu36cs6BMZSn7vtSJVpWU76YCbtnkH-1owoDsQ=mo;aplikasinya tidak bisa discreenshoot, lalu mau ambil nomor antrian dipoli selalu penuh. Parah. kenapa tidak seperti dulu saja, antrian langsung dipoli tanpa dibatasi pelayananya.;1;0;4.7.0;2025-12-09 21:37:11;;;4.7.0;;;;;;;
b437c334-734f-425e-a222-c3743d510c74;woW;https://play-lh.googleusercontent.com/a/ACg8ocKaKYeM93hI2AGrOxFVF69WDhUzeY0KcuCUMdvubgMWPdveIw=mo;iklan terooos;1;0;4.14.0;2025-12-09 20:23:06;;;4.14.0;;;;;;;
6a87fd38-62c0-4c2a-8f58-78d0771169c4;Pinkan Kd;https://play-lh.googleusercontent.com/a/ACg8ocK8muAlRUSeErXnL6mTMvHbSFP5Uj1zVcSc498n1cB0rWNx2Q=mo;ngga bisa login. Sudah kirim pengaduan tapi jawaban sama sekali ngga guna. Suruh reset password, tapi apk nya ngga bisa ngiri OTP sudah berkali kali dicoba .pulsa pun ada. ngga ada solusi pdhl sudah berbulan bulan;1;0;4.14.0;2025-12-09 19:22:07;;;4.14.0;;;;;;;
6da05149-140d-4ed2-9e33-ae055298d463;ナノ;https://play-lh.googleusercontent.com/a-/ALV-UjUfIg7u0leZ7bxmkOjQH5CT4wr79XeXlD3_483jbTFlJwbXIgrVrw;percuma pake antrian online, sampe klinik di tolak karna kuota BPJS habis!!! satu lagi kebingungan saya kenapa ada menu marketplace di dalam aplikasi ini yang mengarahkan ke marketplace nya ketika di klik???;1;0;4.14.0;2025-12-09 18:08:59;;;4.14.0;;;;;;;
9afdfa7c-cfca-4f8b-a303-ef839d9527aa;Indra Cahya Gumilar;https://play-lh.googleusercontent.com/a-/ALV-UjU5j_jCHpqxDVAYzarvmhyv-e_U0WVtceRGqh2Ud-HjicDTiu0;sangat bagus;5;0;4.14.0;2025-12-09 17:25:58;;;4.14.0;;;;;;;
22d2690f-e438-4cc1-a907-4e4274462e92;Pramono;https://play-lh.googleusercontent.com/a-/ALV-UjXCsZ213EF1j4eOhs3ISDllbECq71VHdeVqVfuYgcP8S_OpPm4;setiap kali buka harus login dulu pake nomer KTP.. ada baiknya masuk sekali saja;1;0;;2025-12-09 15:56:58;Mohon maaf atas ketidaknyamanannya BPJS Kesehatan berusaha memberikan keamanan dan kemudahan kepada peserta saat melakukan login aplikasi mobile JKN dengan menggunakan NIK yang merupakan upaya dalam memberikan perlindungan kepada peserta dari orang lain yang tidak bertanggung jawab. Terima kasih.;2025-12-11 06:37:36;;;;;;;;
4845c895-7b9f-4e36-ab89-671cf0ec3174;bee bee key;https://play-lh.googleusercontent.com/a-/ALV-UjWUqVwR5lbJioHtzWo7Epbmslo2lqbM8bJp4IlC7gar6cjc96AZ;sangat gampang dh aplikasikan..t erimakasih;5;0;4.14.0;2025-12-09 15:14:15;Hi... Terima kasih atas review dan rating yang diberikan. Kami akan terus melakukan perbaikan dan penyempurnaan aplikasi Mobile JKN untuk memberikan kemudahan bagi peserta dan calon peserta JKN. Jika ada kendala, Anda dapat menghubungi Care Center BPJS Kesehatan melalui nomor 165 (24 jam). Terima kasih.;2025-12-11 06:36:15;4.14.0;;;;;;;
caf469f8-0782-43c3-bf5e-439f39ee2f31;Rahman awan;https://play-lh.googleusercontent.com/a/ACg8ocJMc6P6H2RGtmh_a28JdxdzuVgHz1_hL6hZowliYXHDBokfJg=mo;cepat dan mudah di gunakan;5;0;4.14.0;2025-12-09 15:10:20;Hi... Terima kasih atas review dan rating yang diberikan. Kami akan terus melakukan perbaikan dan penyempurnaan aplikasi Mobile JKN untuk memberikan kemudahan bagi peserta dan calon peserta JKN. Jika ada kendala, Anda dapat menghubungi Care Center BPJS Kesehatan melalui nomor 165 (24 jam). Terima kasih.;2025-12-11 06:36:13;4.14.0;;;;;;;
c431b2f4-7275-4720-93da-ec7f417513bd;Haris SS;https://play-lh.googleusercontent.com/a-/ALV-UjWTDibVbXe6JMWb9BOXgwZbPbVeSFeD5tUSp5pfkPyJLjV0H-aX6Q;muantaaaab;5;0;4.14.0;2025-12-09 15:09:07;Hi... Terima kasih atas review dan rating yang diberikan. Kami akan terus melakukan perbaikan dan penyempurnaan aplikasi Mobile JKN untuk memberikan kemudahan bagi peserta dan calon peserta JKN. Jika ada kendala, Anda dapat menghubungi Care Center BPJS Kesehatan melalui nomor 165 (24 jam). Terima kasih.;2025-12-11 06:36:11;4.14.0;;;;;;;
1af0a635-a90b-49a2-8040-8f7c1af6e46f;Supri Priatna;https://play-lh.googleusercontent.com/a-/ALV-UjXwxI3eru9_j24vO8LFwFQ49VKxdQMniLMkQWk_uI8uW2AHm0Jf;sangat mudah dan aman,,juga sesuai harapan;5;0;4.14.0;2025-12-09 15:04:57;Hi... Terima kasih atas review dan rating yang diberikan. Kami akan terus melakukan perbaikan dan penyempurnaan aplikasi Mobile JKN untuk memberikan kemudahan bagi peserta dan calon peserta JKN. Jika ada kendala, Anda dapat menghubungi Care Center BPJS Kesehatan melalui nomor 165 (24 jam). Terima kasih.;2025-12-11 06:36:12;4.14.0;;;;;;;
5ce79227-0027-45c7-829f-0842f62bbd56;Dohirin Dohir;https://play-lh.googleusercontent.com/a/ACg8ocI-9fw8NADQhJyvDLkiVxsu8WY-EAdPXEWu0lYR1IToq8_rOQ=mo;sangat membantu;5;0;4.14.0;2025-12-09 14:50:00;Hi... Terima kasih atas review dan rating yang diberikan. Kami akan terus melakukan perbaikan dan penyempurnaan aplikasi Mobile JKN untuk memberikan kemudahan bagi peserta dan calon peserta JKN. Jika ada kendala, Anda dapat menghubungi Care Center BPJS Kesehatan melalui nomor 165 (24 jam). Terima kasih.;2025-12-11 06:36:07;4.14.0;;;;;;;
4e944856-0403-4cb8-b25c-ff5f81334d50;Nopranto Nopran;https://play-lh.googleusercontent.com/a/ACg8ocJh9wG4xjXvlKxE1sif9KT_aO3Y1JdGDX_wC7IPnhqZmcOPQpw=mo;Bintang berbicara karena ini program dari pemerintah daerah dan pusat, untuk indepidu, harapan semua tampa kendala.;5;0;4.14.0;2025-12-09 14:32:24;Hi... Terima kasih atas review dan rating yang diberikan. Kami akan terus melakukan perbaikan dan penyempurnaan aplikasi Mobile JKN untuk memberikan kemudahan bagi peserta dan calon peserta JKN. Jika ada kendala, Anda dapat menghubungi Care Center BPJS Kesehatan melalui nomor 165 (24 jam). Terima kasih.;2025-12-11 06:36:06;4.14.0;;;;;;;
4436fb66-3af2-4ff3-acfa-60a73d3f07b4;Arcell Komunika;https://play-lh.googleusercontent.com/a-/ALV-UjX62sDqM9kV2xAC1kZqmGPyXMOoNjZekuZRdjqerbHzJiFevenL;membantu sekali;5;0;4.14.0;2025-12-09 14:32:11;Hi... Terima kasih atas review dan rating yang diberikan. Kami akan terus melakukan perbaikan dan penyempurnaan aplikasi Mobile JKN untuk memberikan kemudahan bagi peserta dan calon peserta JKN. Jika ada kendala, Anda dapat menghubungi Care Center BPJS Kesehatan melalui nomor 165 (24 jam). Terima kasih.;2025-12-11 06:35:59;4.14.0;;;;;;;
27459b1d-260d-4146-b5cf-b6f3cd9c104d;iswari ha;https://play-lh.googleusercontent.com/a-/ALV-UjUH9X9FV8XExS6XlbG9ty2zFLipgvMEf5hI9PpAa_BI17bAkPs;top;5;0;4.14.0;2025-12-09 14:21:38;Hi... Terima kasih atas review dan rating yang diberikan. Kami akan terus melakukan perbaikan dan penyempurnaan aplikasi Mobile JKN untuk memberikan kemudahan bagi peserta dan calon peserta JKN. Jika ada kendala, Anda dapat menghubungi Care Center BPJS Kesehatan melalui nomor 165 (24 jam). Terima kasih.;2025-12-11 06:35:58;4.14.0;;;;;;;
b6485cd1-c58d-415b-b76d-624e0886c1c2;Danar Dwi Januar;https://play-lh.googleusercontent.com/a-/ALV-UjWRgb3HIPOiQyhh0tDyAbbXeCiMM7lrBL0cKRYxipOtW5ouq-4i;apalah apk buruk, biometrik ngga selesai²;1;0;4.14.0;2025-12-09 14:19:35;Mohon maaf atas ketidaknyamanannya. Terkait kendala tersebut, mohon agar dapat memastikan kombinasi kata sandi yang dimasukkan. Jika masih terdapat kesalahan, dapat kami sarankan agar Bapak/Ibu memilih menu “Lupa Kata Sandi”. Selanjutnya masukkan Nomor Induk Kependudukan dan Captcha. Terima kasih.;2025-12-11 06:35:51;4.14.0;;;;;;;
2cfc0bc1-31a4-439c-8f52-20e3bff183ac;Fika99;https://play-lh.googleusercontent.com/a-/ALV-UjV8kHIvJRn4mnDo4XdpSjJd1SkxTDnaWLUm-lj8Y2HjWPWQBX2E;log in ga bisa tot , perbaikin apk nya napa , atau sengaja biar tdk bisa akses masuk ke apk nya , gatelll;1;0;4.13.1;2025-12-09 14:17:33;Mohon maaf atas ketidaknyamanannya. Terkait kendala yang dialami, Anda dapat menyampaikan kendala dengan melampirkan tangkapan layar/video dengan device lain ke alamat email : carecenter@bpjs-kesehatan.go.id untuk kemudahan proses tindak lanjut. Terima kasih.;2025-12-11 06:38:59;4.13.1;;;;;;;
a7ed66b9-9f77-4fd1-a1a6-223b5cbe5230;ahmad rifai;https://play-lh.googleusercontent.com/a-/ALV-UjUc_CX6AKhVFli5YKjBZYwSnJkZEhry1tCf_h0NBbyfgw6Ut-c;makin kesini makin menyusahkan,, GK bisa login, bilangnya nik salah terus,;1;0;4.14.0;2025-12-09 13:55:40;Mohon maaf atas ketidaknyamanannya. Terkait kendala tersebut, mohon agar dapat memastikan kombinasi kata sandi yang dimasukkan. Jika masih terdapat kesalahan, dapat kami sarankan agar Bapak/Ibu memilih menu “Lupa Kata Sandi”. Selanjutnya masukkan Nomor Induk Kependudukan dan Captcha. Terima kasih.;2025-12-11 06:39:27;4.14.0;;;;;;;
9ac61dea-e502-4881-b126-2ea18813430d;Cucu Kurniasih;https://play-lh.googleusercontent.com/a/ACg8ocL-5LQSp81ZlEeQCJKxz8mqnm-2xAiwBNzsHxZ9CRQqCu8PpQ=mo;Aplikasi jelek. bikin yang bener! mau login aja repot. nyusahin, gabisa diklik masuk. dari pada nyuruh bikin laporan ke email atau datang langsung mending benerin ni aplikasi. udh banyak keluhan tapi ga dibener benerin. jadi pegawai digaji rakyat, kerja yang bener!;1;0;;2025-12-09 13:50:25;Mohon maaf atas ketidaknyamanannya. Terkait kendala yang dialami, Anda dapat menyampaikan kendala dengan melampirkan tangkapan layar/video dengan device lain ke alamat email : carecenter@bpjs-kesehatan.go.id untuk kemudahan proses tindak lanjut. Terima kasih.;2025-12-11 06:38:54;;;;;;;;
63d2aeaf-b6bd-4f2d-822b-e5a096155453;Anita Lia;https://play-lh.googleusercontent.com/a/ACg8ocIAddSzDhRqlxdaf_D8R5wYac8l2FtjCUsuBPSp15FwO_t9pQ=mo;dari update yang terbaru sekarang ga bisa Screenshot padahal mau di fotocopy tapi ga bisa kenapa si ini mobile jkn? di benerin dong, mau foto copy nih;1;0;4.14.0;2025-12-09 13:43:21;Mohon maaf atas ketidaknyamanannya. Update terbaru bertujuan untuk memberikan keamanan dan kenyamanan Peserta. Jika terjadi kendala, Anda dapat menyampaikan laporan melalui email ke carecenter@bpjs-kesehatan.go.id. Terima kasih.;2025-12-11 06:39:36;4.14.0;;;;;;;
0cc01cf3-d64d-4fb6-b7e8-b267310a0bcc;Kin Aulia;https://play-lh.googleusercontent.com/a/ACg8ocL-ywQFIxnY5HG8s4boKNbEzoxBS4R7NrAeWHSQpPsYx3tnFA=mo;padahal udah punya akun sudah memasukan NIK sama password dengan benar.. kenapa pas mau login salah terus, susah amat aplikasinya di pake login;2;0;4.14.0;2025-12-09 13:37:37;Mohon maaf atas ketidaknyamanannya. Terkait kendala tersebut, mohon agar dapat memastikan kombinasi kata sandi yang dimasukkan. Jika masih terdapat kesalahan, dapat kami sarankan agar Bapak/Ibu memilih menu “Lupa Kata Sandi”. Selanjutnya masukkan Nomor Induk Kependudukan dan Captcha. Terima kasih.;2025-12-11 06:39:23;4.14.0;;;;;;;
98e8664f-9bdb-452e-98d0-d935fd28f6e0;Cinta Inta;https://play-lh.googleusercontent.com/a/ACg8ocK4PG9G0Z8DXmG5E9JMwwHKM9jFZmRS2452ddLZjFmslJ8BnA=mo;gagal muluk aplikasi apaan sich GK jelas menyusahkan aja,;1;0;;2025-12-09 13:13:07;Mohon maaf atas ketidaknyamanannya. Terkait kendala yang dialami, Anda dapat menyampaikan kendala dengan melampirkan tangkapan layar/video dengan device lain ke alamat email : carecenter@bpjs-kesehatan.go.id untuk kemudahan proses tindak lanjut. Terima kasih.;2025-12-11 06:39:05;;;;;;;;
b8ac8d21-036a-47d3-8bba-6079422f3d34;Yati Rohayati;https://play-lh.googleusercontent.com/a-/ALV-UjWM6mNkj8XUhenCvZ_Ry5XRrvAO6e_1MkGAUSfUxmlbwuvmIdw;Terimakasih bpjs.;5;0;4.13.1;2025-12-09 13:11:46;Hi... Terima kasih atas review dan rating yang diberikan. Kami akan terus melakukan perbaikan dan penyempurnaan aplikasi Mobile JKN untuk memberikan kemudahan bagi peserta dan calon peserta JKN. Jika ada kendala, Anda dapat menghubungi Care Center BPJS Kesehatan melalui nomor 165 (24 jam). Terima kasih.;2025-08-08 07:48:17;4.13.1;;;;;;;
458fbea2-e953-427a-a649-76ada4ed1053;Librark 76;https://play-lh.googleusercontent.com/a/ACg8ocIzO-66qqcRVrARD5IYQoLhxUNJOFxRnN9Zh17umllL2NAFvA=mo;Alhamdulillah;5;0;;2025-12-09 12:37:11;Hi... Terima kasih atas review dan rating yang diberikan. Kami akan terus melakukan perbaikan dan penyempurnaan aplikasi Mobile JKN untuk memberikan kemudahan bagi peserta dan calon peserta JKN. Jika ada kendala, Anda dapat menghubungi Care Center BPJS Kesehatan melalui nomor 165 (24 jam). Terima kasih.;2025-12-11 06:38:33;;;;;;;;
0fd78155-919e-4284-bae3-187396fe933e;Zein Ramadhan Muhammad;https://play-lh.googleusercontent.com/a/ACg8ocKJ1GuV0ymSDqJbZuw2ake33UkrB3QW7PvGOcVVlIqgWmZqBQ=mo;pelayanan cepat;5;0;;2025-12-09 12:20:31;Hi... Terima kasih atas review dan rating yang diberikan. Kami akan terus melakukan perbaikan dan penyempurnaan aplikasi Mobile JKN untuk memberikan kemudahan bagi peserta dan calon peserta JKN. Jika ada kendala, Anda dapat menghubungi Care Center BPJS Kesehatan melalui nomor 165 (24 jam). Terima kasih.;2025-12-11 06:38:35;;;;;;;;
915b7db6-6cca-4233-a501-7b3f24f6941d;Bmg Surya Saputra;https://play-lh.googleusercontent.com/a-/ALV-UjWlCCaqZUlYfvj5J3Hi5OVEY9zXD0fbPdrihZdCBKGu7e7wdBI;masih oke;5;0;2.15.0;2025-12-09 12:14:06;Hi... Terima kasih atas review dan rating yang diberikan. Kami akan terus melakukan perbaikan dan penyempurnaan aplikasi Mobile JKN untuk memberikan kemudahan bagi peserta dan calon peserta JKN. Jika ada kendala, Anda dapat menghubungi Care Center BPJS Kesehatan melalui nomor 165 (24 jam). Terima kasih.;2025-12-11 06:40:42;2.15.0;;;;;;;
19ec47a2-5604-4ee5-a4a5-0ee91b5bbdb4;Ryan Rama;https://play-lh.googleusercontent.com/a-/ALV-UjWM-T6wRJU7l0qe5u4B84L80ykEm8cPcoQuDrHRO1FZWOXiDwd9;gak ngerti buat mendaftar log in, kok harus ada kode referral segala? Bukannya memudahkan tapi memperSulit!;1;0;;2025-12-09 12:01:02;Mohon maaf atas ketidaknyamanannya. Saat ini kolom kode referal masih dalam pengembangan untuk pengalaman penggunaan Mobile JKN yang lebih baik lagi. Sahabat dapat mengosongkan kolom kode referal saat melakukan registerasi akun mobile JKN. Terima kasih.;2025-12-11 06:41:21;;;;;;;;
b44d5d48-780d-4af3-9fed-a036d9130cd9;Hamzah sinaga;https://play-lh.googleusercontent.com/a-/ALV-UjW38calyuL-EZ721MEqprmVJI9voCxFJf9leWWVN_fy-5BziCc;lumayan bagus;4;0;;2025-12-09 11:51:48;Hi... Terima kasih atas review dan rating yang diberikan. Kami akan terus melakukan perbaikan dan penyempurnaan aplikasi Mobile JKN untuk memberikan kemudahan bagi peserta dan calon peserta JKN. Jika ada kendala, Anda dapat menghubungi Care Center BPJS Kesehatan melalui nomor 165 (24 jam). Terima kasih.;2025-12-11 06:40:40;;;;;;;;
c6e30307-28a7-4408-8eb7-805d2b2b8856;Apris Budiono;https://play-lh.googleusercontent.com/a/ACg8ocJVYFH2LGiC2ZtJxybgHYCFZKWG2IH305CgU-6ZpawL5Bt70A=mo;bagus aplikasinya;4;0;4.14.0;2025-12-09 11:51:20;Hi... Terima kasih atas review dan rating yang diberikan. Kami akan terus melakukan perbaikan dan penyempurnaan aplikasi Mobile JKN untuk memberikan kemudahan bagi peserta dan calon peserta JKN. Jika ada kendala, Anda dapat menghubungi Care Center BPJS Kesehatan melalui nomor 165 (24 jam). Terima kasih.;2025-12-11 06:40:38;4.14.0;;;;;;;
9c4e4be2-44ca-48a4-a1a6-8a9dd0931f8a;Rahayu Lestari;https://play-lh.googleusercontent.com/a/ACg8ocK20eFCeXG2phst39Gpfzx5XWCbu9tICFVlG-aX0haGRyfpUg=mo;bagus;5;0;4.13.1;2025-12-09 11:51:08;Hi... Terima kasih atas review dan rating yang diberikan. Kami akan terus melakukan perbaikan dan penyempurnaan aplikasi Mobile JKN untuk memberikan kemudahan bagi peserta dan calon peserta JKN. Jika ada kendala, Anda dapat menghubungi Care Center BPJS Kesehatan melalui nomor 165 (24 jam). Terima kasih.;2025-12-11 06:40:37;4.13.1;;;;;;;
1ad0d7e8-660a-4279-bc3d-583ff28ebedf;hayun hidayat;https://play-lh.googleusercontent.com/a-/ALV-UjU1OGPlS2XW-ctXt_oAyGb5bPd0S2fIQFfzFNr9lwbCbJkh9WC8;jadi mudah;5;0;4.14.0;2025-12-09 11:33:22;Hi... Terima kasih atas review dan rating yang diberikan. Kami akan terus melakukan perbaikan dan penyempurnaan aplikasi Mobile JKN untuk memberikan kemudahan bagi peserta dan calon peserta JKN. Jika ada kendala, Anda dapat menghubungi Care Center BPJS Kesehatan melalui nomor 165 (24 jam). Terima kasih.;2025-12-11 06:40:35;4.14.0;;;;;;;
201e7129-668f-4cde-8231-e87a7884ed7d;Yudi hemanto;https://play-lh.googleusercontent.com/a-/ALV-UjXfaPngHxPRhxPVSuPMNxT6__VvpgSl3lgdtoFmpn03L24dvEI4;sangat bermanfaat;5;0;4.14.0;2025-12-09 11:04:16;Hi... Terima kasih atas review dan rating yang diberikan. Kami akan terus melakukan perbaikan dan penyempurnaan aplikasi Mobile JKN untuk memberikan kemudahan bagi peserta dan calon peserta JKN. Jika ada kendala, Anda dapat menghubungi Care Center BPJS Kesehatan melalui nomor 165 (24 jam). Terima kasih.;2025-12-11 06:40:26;4.14.0;;;;;;;
779d8aad-8937-4033-a437-369c18afdc25;Angga RD;https://play-lh.googleusercontent.com/a-/ALV-UjUw4ms5XL-fg1_1h85xO-ysSld_Kod4fo_sjviiYvgrzye1-ik;pelayanan bagus;5;0;4.14.0;2025-12-09 11:02:46;Hi... Terima kasih atas review dan rating yang diberikan. Kami akan terus melakukan perbaikan dan penyempurnaan aplikasi Mobile JKN untuk memberikan kemudahan bagi peserta dan calon peserta JKN. Jika ada kendala, Anda dapat menghubungi Care Center BPJS Kesehatan melalui nomor 165 (24 jam). Terima kasih.;2025-12-11 06:40:26;4.14.0;;;;;;;
7f4fd5da-fa6b-405f-ab36-6a64cdb9c059;K Corp;https://play-lh.googleusercontent.com/a-/ALV-UjVOXePKIstep0zISan3oVsV4JrgjJioDvnzWWvLIQBXkP9uxtO_;terbaik bos;5;0;;2025-12-09 10:59:36;Hi... Terima kasih atas review dan rating yang diberikan. Kami akan terus melakukan perbaikan dan penyempurnaan aplikasi Mobile JKN untuk memberikan kemudahan bagi peserta dan calon peserta JKN. Jika ada kendala, Anda dapat menghubungi Care Center BPJS Kesehatan melalui nomor 165 (24 jam). Terima kasih.;2025-12-11 06:40:24;;;;;;;;
6ba96d4d-fdb2-42be-a7b5-a17a8c8ac937;Edo September;https://play-lh.googleusercontent.com/a-/ALV-UjUiZOo-Melsel_bJZVD77Aiuq5wlKRYJPCR--27wtJUIOQ_H-8;customer service setiap ada masalah sistem di aplikasi malah suruh tanyakan ke rumah sakit apa fungsi nya customer servis tidak menyelesaikan masalah kalau begitu;1;0;4.14.0;2025-12-09 10:44:29;Dapat kami sampaikan bahwa hal tersebut dapat terjadi pada sistem Fasilitas Kesehatan / Rumah Sakit yang belum memiliki keterhubungan dengan Pendaftaran Pelayanan Mobile JKN. Mohon dapat melakukan konfirmasi kepada pihak Rumah Sakit terkait kendala tersebut. Terima kasih.;2025-12-11 06:40:17;4.14.0;;;;;;;
78b94e44-dc35-41b1-8602-7e09d7120df7;Reza Peps;https://play-lh.googleusercontent.com/a-/ALV-UjXRnrIhnSe--qV19f4WfCpuZPlFeztzwkzxc_jK0-Uu0uvpvYCz;aplikasi yang sangat bagus dan sangat membantu;5;0;4.14.0;2025-12-09 10:37:40;Hi... Terima kasih atas review dan rating yang diberikan. Kami akan terus melakukan perbaikan dan penyempurnaan aplikasi Mobile JKN untuk memberikan kemudahan bagi peserta dan calon peserta JKN. Jika ada kendala, Anda dapat menghubungi Care Center BPJS Kesehatan melalui nomor 165 (24 jam). Terima kasih.;2025-12-11 06:41:39;4.14.0;;;;;;;
527fda7d-bcf2-4e97-b29c-bf178973f16f;Fanani Ilyas;https://play-lh.googleusercontent.com/a-/ALV-UjVhp5YltWjofqO2MZuEjzjm1EyOR8R-Z0Z7sZY0ErpgJumluHqP;apknya eror untuk login gak bisa tolong di benerin dong;1;0;4.14.0;2025-12-09 10:26:39;"Mohon maaf atas ketidaknyamanannya. Jika Anda sudah memiliki user Pengguna Mobile JKN, dapat langsung masuk/login dengan menginput NIK KTP dan password yang sudah didaftarkan. atau lakukan registrasi Pengguna Mobile JKN terlebih dahulu (jika belum terdaftar user Mobile JKN) dengan memilih ""Daftar"". Terima kasih.";2025-12-11 06:42:15;4.14.0;;;;;;;
e5e89a41-9ac2-4073-9bff-b2f78b4344b7;Tirta Shandy;https://play-lh.googleusercontent.com/a-/ALV-UjW2oX20KcjEMuXNu2AT1_4SVnJF1aknTnC9RSZnO8FjV7zGSuls;aplikasi tolool;1;0;;2025-12-09 10:20:20;"Mohon maaf atas ketidaknyamanannya. Jika Anda sudah memiliki user Pengguna Mobile JKN, dapat langsung masuk/login dengan menginput NIK KTP dan password yang sudah didaftarkan. atau lakukan registrasi Pengguna Mobile JKN terlebih dahulu (jika belum terdaftar user Mobile JKN) dengan memilih ""Daftar"". Terima kasih.";2025-12-11 06:42:15;;;;;;;;
8ae37070-84fd-458d-bc15-7520270eea37;Manarul HudaA;https://play-lh.googleusercontent.com/a/ACg8ocKxMvscoGP3zkwxEWRIj5JQQh56cckQQf8h64jAT5C8gp5XOw=mo;suka error;1;0;;2025-12-09 10:18:32;"Mohon maaf atas ketidaknyamanannya. Jika Anda sudah memiliki user Pengguna Mobile JKN, dapat langsung masuk/login dengan menginput NIK KTP dan password yang sudah didaftarkan. atau lakukan registrasi Pengguna Mobile JKN terlebih dahulu (jika belum terdaftar user Mobile JKN) dengan memilih ""Daftar"". Terima kasih.";2025-12-11 06:42:18;;;;;;;;
56baa205-07c9-428c-a180-bb89cbd509e2;New Milan;https://play-lh.googleusercontent.com/a-/ALV-UjWlaVOJmvUPViT9mnXP2A8QPMUrzy9SOtzovGirM0yfYxMFoUs;sudah paling Update malah eror terussssss;1;0;4.14.0;2025-12-09 10:18:16;Mohon maaf atas ketidaknyamanannya. Terkait kendala yang dialami, Anda dapat menyampaikan kendala dengan melampirkan tangkapan layar/video dengan device lain ke alamat email : carecenter@bpjs-kesehatan.go.id untuk kemudahan proses tindak lanjut. Terima kasih.;2025-12-11 06:42:02;4.14.0;;;;;;;
579d045c-4214-4ada-9375-5bc20c8cbbb2;Abitirta Pangestu;https://play-lh.googleusercontent.com/a-/ALV-UjVgdPN7DNl9tz2McXH2nq8sv7spcjutTk8WEZbVVnArgvoSuPIn;ga bisa login, captcha nya muter doang;2;0;4.4.0;2025-12-09 10:18:07;Mohon maaf atas ketidaknyamanannya. Terkait kendala yang dialami, Anda dapat menyampaikan kendala dengan melampirkan tangkapan layar/video dengan device lain ke alamat email : carecenter@bpjs-kesehatan.go.id untuk kemudahan proses tindak lanjut. Terima kasih.;2025-12-11 06:42:03;4.4.0;;;;;;;
d5fe867e-54f7-4f91-8077-8cfab82410f6;Cecep Kusmana;https://play-lh.googleusercontent.com/a/ACg8ocIbJKGV21J9YMwDXM41HkNTMOJ1tBuwfTOIaql84qwVx1RL3SU=mo;kita daftar berobat harus lewat online,tapi kenyataan dari aplikasi ini apa?suka keluar sendiri, waktu mau login lagi, tidak bisa bisa, selau loading padahan apk lain tidak loading, mau berobat saja susah, padahal kita aja bayar meskipun itu perbulan!!!,memang harus mempersulit kita sebagai rakyat kecil yang ingin berobat? apa fungsinya aplikasi yg selalu loading ga jelas !!;1;0;4.9.0;2025-12-09 10:16:08;Mohon maaf atas ketidaknyamanannya. Terkait kendala yang dialami, Anda dapat menyampaikan kendala dengan melampirkan tangkapan layar/video dengan device lain ke alamat email : carecenter@bpjs-kesehatan.go.id untuk kemudahan proses tindak lanjut. Terima kasih.;2025-12-11 06:41:58;4.9.0;;;;;;;
aad4b9bc-1405-4a2d-a945-0c2e8b012579;Dodit Arfianto;https://play-lh.googleusercontent.com/a-/ALV-UjXzGk-w5e4CoLnaGnua6QGAqjKaolYyT7AD0tQ_gndipMnyfhg;tolong di perbaiki, kode captha muter doang gak muncul²... jadi gak bisa login paketan padahal aman jaringan kenceng, sampe hp di restar berkali2 sama aja masih gak bisa;1;0;4.14.0;2025-12-09 10:16:01;Mohon maaf atas ketidaknyamanannya. Terkait kendala yang dialami, Anda dapat menyampaikan kendala dengan melampirkan tangkapan layar/video dengan device lain ke alamat email : carecenter@bpjs-kesehatan.go.id untuk kemudahan proses tindak lanjut. Terima kasih.;2025-12-11 06:41:56;4.14.0;;;;;;;
cae1ef61-6af8-410d-8e12-019f3a4f6fca;Alung Aryo;https://play-lh.googleusercontent.com/a-/ALV-UjUc5AgvJj-ytkDw9ebyJGeJW7Qvo08zmzT3CkPf-ZYTDIId6X8v;Bikin ribed aja aplikasi pas lagi dibutuhin sering error padahal orang sakit harus buru2 ditangani.;1;0;4.14.0;2025-12-09 10:15:17;"Mohon maaf atas ketidaknyamanannya. Jika Anda sudah memiliki user Pengguna Mobile JKN, dapat langsung masuk/login dengan menginput NIK KTP dan password yang sudah didaftarkan. atau lakukan registrasi Pengguna Mobile JKN terlebih dahulu (jika belum terdaftar user Mobile JKN) dengan memilih ""Daftar"". Terima kasih.";2025-12-11 06:42:26;4.14.0;;;;;;;
926da836-a1e5-4c26-8b2b-d278d42c754f;nini Triyani;https://play-lh.googleusercontent.com/a/ACg8ocL9xbYwG-OGEKYRHgN85xBzyLvCx6AkD31BBg3Q7zoxLHTU4A=mo;setiap bulan update aplikasi dan slalu login, tapi setiap log-in selalu susah yg caphca tidak tampil,yg aplikasi eror bukan membatu malah buat ribet;1;0;4.14.0;2025-12-09 10:14:09;Mohon maaf atas ketidaknyamanannya. Terkait kendala yang dialami, Anda dapat menyampaikan kendala dengan melampirkan tangkapan layar/video dengan device lain ke alamat email : carecenter@bpjs-kesehatan.go.id untuk kemudahan proses tindak lanjut. Terima kasih.;2025-12-11 06:41:54;4.14.0;;;;;;;
eb9f8367-e959-4eea-a603-39f70c53ea1b;dedy harianto;https://play-lh.googleusercontent.com/a-/ALV-UjXzj6Frn3T2tz8zliZR4I1r9eFG6QGSEr9ZWqtpzajRJwW7fks7;dikasih chapta, eh malah muter2. gimana loginnya klo kaya gini;1;0;4.5.1;2025-12-09 10:13:55;Mohon maaf atas ketidaknyamanannya. Terkait kendala yang dialami, Anda dapat menyampaikan kendala dengan melampirkan tangkapan layar/video dengan device lain ke alamat email : carecenter@bpjs-kesehatan.go.id untuk kemudahan proses tindak lanjut. Terima kasih.;2025-12-11 06:43:11;4.5.1;;;;;;;
7854bade-1ff2-4702-87ad-27d648407afb;akbar al masjid;https://play-lh.googleusercontent.com/a-/ALV-UjVCF7v-3et670kYmg2BlGcHXeMtBGbQhfj_qCYT0GW-Be1VY-Be;terlog-out sendiri dan tdk bisa login. dulu bagus skrg kok turun performa. saya tidak yakin aplikasi ini mendapat rating 4.5 bintang saya baca hampir rata² memberi nilai 1 bintang;1;0;4.14.0;2025-12-09 10:13:53;"Mohon maaf atas ketidaknyamanannya. Jika Anda sudah memiliki user Pengguna Mobile JKN, dapat langsung masuk/login dengan menginput NIK KTP dan password yang sudah didaftarkan. atau lakukan registrasi Pengguna Mobile JKN terlebih dahulu (jika belum terdaftar user Mobile JKN) dengan memilih ""Daftar"". Terima kasih.";2025-12-11 06:42:41;4.14.0;;;;;;;
1ee5c9f9-5c09-461e-a269-6af95fca365e;Flora Savitri;https://play-lh.googleusercontent.com/a/ACg8ocIjnvmKQUJ7KCxL13j8FmQ4h4ePElAAe0D4IghS7i5NPB2mMTg=mo;mau login aja susah banget, captcha nya muter2 mulu;1;0;4.14.0;2025-12-09 10:13:40;Mohon maaf atas ketidaknyamanannya. Terkait kendala yang dialami, Anda dapat menyampaikan kendala dengan melampirkan tangkapan layar/video dengan device lain ke alamat email : carecenter@bpjs-kesehatan.go.id untuk kemudahan proses tindak lanjut. Terima kasih.;2025-12-11 06:43:10;4.14.0;;;;;;;
386a72ae-07fe-44d4-8629-3a16c8f10a70;Annisa Dea;https://play-lh.googleusercontent.com/a-/ALV-UjXqV67ImczKcPut446aRuKfwfzSUVNaIDHPTyf3TtXpBeVmKjzu;aplikasi bodoh, orang dimana mana bikin software untuk mempermudah pengguna, ini justru makin mempersulit pengguna, orang mau berobat udah setengah mati pun harus ngingat ngingat password dulu, lawak;1;0;4.14.0;2025-12-09 10:13:21;"Mohon maaf atas ketidaknyamanannya. Jika Anda sudah memiliki user Pengguna Mobile JKN, dapat langsung masuk/login dengan menginput NIK KTP dan password yang sudah didaftarkan. atau lakukan registrasi Pengguna Mobile JKN terlebih dahulu (jika belum terdaftar user Mobile JKN) dengan memilih ""Daftar"". Terima kasih.";2025-12-11 06:42:48;4.14.0;;;;;;;
57b56b8c-b9e7-45bd-99bb-c784344f57bb;Haris Dudul;https://play-lh.googleusercontent.com/a-/ALV-UjUjzIRIfxVVOAZqNwOqp8YSIh-m1JxZ7jdrdE2bJoxYUSdP2aoT;sudah update malah gabisa log in;1;0;;2025-12-09 10:12:31;"Mohon maaf atas ketidaknyamanannya. Jika Anda sudah memiliki user Pengguna Mobile JKN, dapat langsung masuk/login dengan menginput NIK KTP dan password yang sudah didaftarkan. atau lakukan registrasi Pengguna Mobile JKN terlebih dahulu (jika belum terdaftar user Mobile JKN) dengan memilih ""Daftar"". Terima kasih.";2025-12-11 06:42:50;;;;;;;;
7929c781-885a-48af-8b35-8e0863f5c8bb;feds felt;https://play-lh.googleusercontent.com/a-/ALV-UjWxeLIK0t_6aLrwqTdkG3tdFf8-2JeoGcgGruIK6djVQ1kX0AB9;tidak bisa login capcha tidak keluar;1;0;4.14.0;2025-12-09 10:11:04;Mohon maaf atas ketidaknyamanannya. Terkait kendala yang dialami, Anda dapat menyampaikan kendala dengan melampirkan tangkapan layar/video dengan device lain ke alamat email : carecenter@bpjs-kesehatan.go.id untuk kemudahan proses tindak lanjut. Terima kasih.;2025-12-11 06:43:07;4.14.0;;;;;;;
7a6f316d-077c-45ff-84d2-22a13d0cec70;IS IS IS;https://play-lh.googleusercontent.com/a-/ALV-UjWXQbPqUZXgX2KTAWIkudXMgxjvAl3_AVAUzo4xV_maJ0y-4vr8;apk ga bisa di pake ga update nyusahin banget sumpah orang mau berobat malah ga bisa login su;1;0;4.14.0;2025-12-09 10:10:34;"Mohon maaf atas ketidaknyamanannya. Jika Anda sudah memiliki user Pengguna Mobile JKN, dapat langsung masuk/login dengan menginput NIK KTP dan password yang sudah didaftarkan. atau lakukan registrasi Pengguna Mobile JKN terlebih dahulu (jika belum terdaftar user Mobile JKN) dengan memilih ""Daftar"". Terima kasih.";2025-12-11 06:42:55;4.14.0;;;;;;;
a3fd1e45-6536-404a-9f9c-cf8928d7d104;Monica Lusiana;https://play-lh.googleusercontent.com/a-/ALV-UjWIrOTTopJ9_Hjyc4rOqZIXhx2gfplpYlVIju5TQ58Gh0qpg1M;kenapa mau login captcha muter2 terus? tolong dong d perbaiki;2;0;4.14.0;2025-12-09 10:09:59;Mohon maaf atas ketidaknyamanannya. Terkait kendala yang dialami, Anda dapat menyampaikan kendala dengan melampirkan tangkapan layar/video dengan device lain ke alamat email : carecenter@bpjs-kesehatan.go.id untuk kemudahan proses tindak lanjut. Terima kasih.;2025-12-11 06:43:05;4.14.0;;;;;;;
6e984249-1cb2-4a93-a489-b0369cb797e5;Budi Prabowo;https://play-lh.googleusercontent.com/a/ACg8ocKMXW6GkTIP2jxy_lRXnvSm9BWaPbue4qnEYc3jqNkkhurgxQ=mo;tidak bisa log in stak terus di menu log in;2;0;4.14.0;2025-12-09 10:08:16;"Mohon maaf atas ketidaknyamanannya. Jika Anda sudah memiliki user Pengguna Mobile JKN, dapat langsung masuk/login dengan menginput NIK KTP dan password yang sudah didaftarkan. atau lakukan registrasi Pengguna Mobile JKN terlebih dahulu (jika belum terdaftar user Mobile JKN) dengan memilih ""Daftar"". Terima kasih.";2025-12-11 06:43:00;4.14.0;;;;;;;
99b1f556-61f5-41e6-ab9f-9e76740fc854;Nina Kurniasih;https://play-lh.googleusercontent.com/a-/ALV-UjXK_hU996mkM7r8OIvtHqhHAbEdZ_lBMOHsp30DZXHJVI1PlQiW;semenjak di perbarui kenapa JD susah eror Mulu, mau berobat jkn nya eror terus ,;2;0;4.14.0;2025-12-09 10:05:55;Mohon maaf atas ketidaknyamanannya. Terkait kendala yang dialami, Anda dapat menyampaikan kendala dengan melampirkan tangkapan layar/video dengan device lain ke alamat email : carecenter@bpjs-kesehatan.go.id untuk kemudahan proses tindak lanjut. Terima kasih.;2025-12-11 06:44:02;4.14.0;;;;;;;
ab4f4206-e013-4d86-ae50-1a873379c9ad;Tika sugriantinj;https://play-lh.googleusercontent.com/a/ACg8ocK6WLDgMPtprEmvGQNvTfWfeso3DIEhi59GBwdbjO9RjZFJMw=mo;aplikasi yg MEMPERSULIT orang. susah sekali mau log in. berbenah coba. !;1;0;;2025-12-09 10:01:20;"Mohon maaf atas ketidaknyamanannya. Jika Anda sudah memiliki user Pengguna Mobile JKN, dapat langsung masuk/login dengan menginput NIK KTP dan password yang sudah didaftarkan. atau lakukan registrasi Pengguna Mobile JKN terlebih dahulu (jika belum terdaftar user Mobile JKN) dengan memilih ""Daftar"". Terima kasih.";2025-12-11 06:44:27;;;;;;;;
3e65269a-4428-4d35-a258-2d326c6e6b85;Mutiaufaira Ghani;https://play-lh.googleusercontent.com/a/ACg8ocLicqsjSjdlT7_NylZfcXG_mWy-cPIPwAnCCT6LCLJB7Nvo_Q=mo;gabisa d gunakan selalu eror;1;0;4.14.0;2025-12-09 09:58:11;Mohon maaf atas ketidaknyamanannya. Terkait kendala yang dialami, Anda dapat menyampaikan kendala dengan melampirkan tangkapan layar/video dengan device lain ke alamat email : carecenter@bpjs-kesehatan.go.id untuk kemudahan proses tindak lanjut. Terima kasih.;2025-12-11 06:44:07;4.14.0;;;;;;;
6e0e804f-6241-45aa-a7d2-16ec4ba2593e;Ari;https://play-lh.googleusercontent.com/a-/ALV-UjXzu4MkTlTCvYG1TVeaC4aXrgSAIdmUwKq4hekhoPnX92Lxz317;Sulit login;1;0;4.14.0;2025-12-09 09:57:32;"Mohon maaf atas ketidaknyamanannya. Jika Anda sudah memiliki user Pengguna Mobile JKN, dapat langsung masuk/login dengan menginput NIK KTP dan password yang sudah didaftarkan. atau lakukan registrasi Pengguna Mobile JKN terlebih dahulu (jika belum terdaftar user Mobile JKN) dengan memilih ""Daftar"". Terima kasih.";2025-12-11 06:44:24;4.14.0;;;;;;;
e9d91853-d4b3-4190-99d8-fb7008070630;fred rudolof;https://play-lh.googleusercontent.com/a-/ALV-UjVjVRTcI6kZGo8k9kU8gF_PhchhNQAyJb4aif9zSjS477eCMB_e;orang mau berobat captcha nya muter2 doank, gk ad yg monitoring aplikasinya apa?;2;1;4.14.0;2025-12-09 09:57:30;Mohon maaf atas ketidaknyamanannya. Terkait kendala yang dialami, Anda dapat menyampaikan kendala dengan melampirkan tangkapan layar/video dengan device lain ke alamat email : carecenter@bpjs-kesehatan.go.id untuk kemudahan proses tindak lanjut. Terima kasih.;2025-12-11 06:44:12;4.14.0;;;;;;;
a0146161-7037-4b8a-afad-3980b4d5c278;Bapak Kastari;https://play-lh.googleusercontent.com/a/ACg8ocJWDX51HjkJ56vTMJ4Fwca8m2lAPAQJFq22XJRkm65_Olgf9A=mo;sangat membantu;4;0;4.14.0;2025-12-09 09:55:24;Hi... Terima kasih atas review dan rating yang diberikan. Kami akan terus melakukan perbaikan dan penyempurnaan aplikasi Mobile JKN untuk memberikan kemudahan bagi peserta dan calon peserta JKN. Jika ada kendala, Anda dapat menghubungi Care Center BPJS Kesehatan melalui nomor 165 (24 jam). Terima kasih.;2025-12-11 06:44:34;4.14.0;;;;;;;
19ae6e7e-7ad0-4438-85bc-459d85b90549;Agri Apriliando;https://play-lh.googleusercontent.com/a-/ALV-UjV3EXETRS9iE292zvkxZ3yxyfn0YTVSa2PUbu3nErNL8uORLYo;sering logout sendiri, di samsung S23 ultra. Setiap ada update selalu logout. Ini captcha nya error jadi tidak bisa login. Tolong ya kak;2;0;4.14.0;2025-12-09 09:53:40;"Mohon maaf atas ketidaknyamanannya. Jika Anda sudah memiliki user Pengguna Mobile JKN, dapat langsung masuk/login dengan menginput NIK KTP dan password yang sudah didaftarkan. atau lakukan registrasi Pengguna Mobile JKN terlebih dahulu (jika belum terdaftar user Mobile JKN) dengan memilih ""Daftar"". Terima kasih.";2025-12-11 06:44:22;4.14.0;;;;;;;
480122b9-2098-4c41-b55c-56c4afe4c20f;Burhan Farhan;https://play-lh.googleusercontent.com/a-/ALV-UjVLwIJP7DycDlBvWTNyEeArhwDXVIUkouOrBp6sfSlu0c8Z9ccV;servernya lemot;2;0;4.14.0;2025-12-09 09:53:30;Mohon maaf atas ketidaknyamanannya. Terkait kendala yang dialami, Anda dapat menyampaikan kendala dengan melampirkan tangkapan layar/video dengan device lain ke alamat email : carecenter@bpjs-kesehatan.go.id untuk kemudahan proses tindak lanjut. Terima kasih.;2025-12-11 06:44:13;4.14.0;;;;;;;
e29c260a-4bfa-47fd-af4a-01a0a7c950a6;Mayor Mayhem;https://play-lh.googleusercontent.com/a/ACg8ocIPg5g-GlxqtP3Mg9OzUdqE2mrWo7S_dd-Bupe32gaG8EXG9g=mo;Pasword sydwh benar dan captcha sudah bener masih saja gak bisa,,,apa sih maunya aplikasi ini;1;0;;2025-12-09 09:51:50;Mohon maaf atas ketidaknyamanannya. Terkait kendala yang dialami, Anda dapat menyampaikan kendala dengan melampirkan tangkapan layar/video dengan device lain ke alamat email : carecenter@bpjs-kesehatan.go.id untuk kemudahan proses tindak lanjut. Terima kasih.;2025-12-11 06:44:15;;;;;;;;
874eaad0-7ef0-4115-8de1-1af27bb4cc0a;Zhesan Syakil;https://play-lh.googleusercontent.com/a-/ALV-UjXYnWBUf4HsuFBmyOBeH19fiZLIAKPL7BQdUIK7qEciHkECKxx3;ini yang bikin aplikasi niat ga ?? errorr terusss sistem nya !!!! coba lagi coba lagi;1;0;4.14.0;2025-12-09 09:47:02;Mohon maaf atas ketidaknyamanannya. Terkait kendala yang dialami, Anda dapat menyampaikan kendala dengan melampirkan tangkapan layar/video dengan device lain ke alamat email : carecenter@bpjs-kesehatan.go.id untuk kemudahan proses tindak lanjut. Terima kasih.;2025-12-11 06:45:11;4.14.0;;;;;;;
a4dddade-c78f-4e29-ac8a-a2ed797ba8bf;Wildan Madani;https://play-lh.googleusercontent.com/a/ACg8ocLgIKqXkrh8mK5yMs0h8GKyiBaRa1iOjSI743gYYGZMS89naA=mo;aplikasi aneh gangguan mulu duit nya di korup mulu sih engga bner kalah ama server roblox;1;0;;2025-12-09 09:44:05;Mohon maaf atas ketidaknyamanannya. Terkait kendala yang dialami, Anda dapat menyampaikan kendala dengan melampirkan tangkapan layar/video dengan device lain ke alamat email : carecenter@bpjs-kesehatan.go.id untuk kemudahan proses tindak lanjut. Terima kasih.;2025-12-11 06:45:09;;;;;;;;
a2cbc053-0e51-48dd-b6e2-2fde2be480f7;Noer Aziz;https://play-lh.googleusercontent.com/a/ACg8ocJNL6P_Mqfmvw3YXYtRqXTw1c5AnD8rARySj_0ASZavsUUBfw=mo;login susah banget;3;0;4.14.0;2025-12-09 09:40:01;"Mohon maaf atas ketidaknyamanannya. Jika Anda sudah memiliki user Pengguna Mobile JKN, dapat langsung masuk/login dengan menginput NIK KTP dan password yang sudah didaftarkan. atau lakukan registrasi Pengguna Mobile JKN terlebih dahulu (jika belum terdaftar user Mobile JKN) dengan memilih ""Daftar"". Terima kasih.";2025-12-11 06:45:18;4.14.0;;;;;;;
f4b729e7-316f-4325-b7de-a91e1b6035cf;putri yohana;https://play-lh.googleusercontent.com/a-/ALV-UjVb1eTKI-TFMnRKZguTzkoCUa72TbHRVt6-HypFcivIbZAgc2Fy;gabisa login, padahal kuota aman jaringan pun stabil;1;0;4.14.0;2025-12-09 09:39:54;Mohon maaf atas ketidaknyamanannya. Terkait kendala yang dialami, Anda dapat menyampaikan kendala dengan melampirkan tangkapan layar/video dengan device lain ke alamat email : carecenter@bpjs-kesehatan.go.id untuk kemudahan proses tindak lanjut. Terima kasih.;2025-12-11 06:45:07;4.14.0;;;;;;;
768189f7-1494-44f4-a6a4-2d4a3c41b13f;Riri Fajriyah;https://play-lh.googleusercontent.com/a-/ALV-UjXMcKvgHKlEwxEJ-07eNqTIjEFFDdH3Z-oefCEk9_cIpGvoq_vF;suka tiba-tiba keluar sendiri pas mau masuk lagi gak bisa,, loading terus,, payah;1;0;;2025-12-09 09:39:33;Mohon maaf atas ketidaknyamanannya. Terkait kendala yang dialami, Anda dapat menyampaikan kendala dengan melampirkan tangkapan layar/video dengan device lain ke alamat email : carecenter@bpjs-kesehatan.go.id untuk kemudahan proses tindak lanjut. Terima kasih.;2025-12-11 06:45:02;;;;;;;;
e2541b67-cd82-482e-b683-e301b3e915a8;Suriyati;https://play-lh.googleusercontent.com/a/ACg8ocIqyQVP_PHzk09sSwzGMbumNQ8XQwViOyGQDoA2xM1AtHyOTA=mo;Tidak bisa login walau sinyal dan identitas telah dimasukkan dengan benar.;1;0;;2025-12-09 09:38:28;Mohon maaf atas ketidaknyamanannya. Terkait kendala yang dialami, Anda dapat menyampaikan kendala dengan melampirkan tangkapan layar/video dengan device lain ke alamat email : carecenter@bpjs-kesehatan.go.id untuk kemudahan proses tindak lanjut. Terima kasih.;2025-12-11 06:45:20;;;;;;;;
d131bc12-ac77-4944-a61f-b84ba54341fc;rusdan hudan;https://play-lh.googleusercontent.com/a-/ALV-UjVojXvJI2uUiVn5qTI-MXzpcWKU7u3CpPZIxYvIXwn_Do8SqCr9;keluar mulu dan susah masuknya;1;0;;2025-12-09 09:36:26;"Mohon maaf atas ketidaknyamanannya. Jika Anda sudah memiliki user Pengguna Mobile JKN, dapat langsung masuk/login dengan menginput NIK KTP dan password yang sudah didaftarkan. atau lakukan registrasi Pengguna Mobile JKN terlebih dahulu (jika belum terdaftar user Mobile JKN) dengan memilih ""Daftar"". Terima kasih.";2025-12-11 06:45:25;;;;;;;;
6caee4a3-7220-4696-b778-4b8c657e7ca0;Suyadi;https://play-lh.googleusercontent.com/a/ACg8ocIhUhd6RTzsMUUg1lz8dttEUgRMjvocLnKX2CJut9egV5NiQA=mo;susah buat akun bnyk bug;3;0;4.14.0;2025-12-09 09:35:36;"Mohon maaf atas ketidaknyamanannya. Jika Anda sudah memiliki user Pengguna Mobile JKN, dapat langsung masuk/login dengan menginput NIK KTP dan password yang sudah didaftarkan. atau lakukan registrasi Pengguna Mobile JKN terlebih dahulu (jika belum terdaftar user Mobile JKN) dengan memilih ""Daftar"". Terima kasih.";2025-12-11 06:45:26;4.14.0;;;;;;;
85236e88-e7d9-42d3-a232-366cbaf28947;yanuar Bhaktie;https://play-lh.googleusercontent.com/a-/ALV-UjWcZBOBhT_rVigeBm1f6jieD0ILNBt1m7unG2EP1xR16kVEOFc;kenapa ini jaringan ?? tidak bisa masuk;1;0;;2025-12-09 09:35:08;Mohon maaf atas ketidaknyamanannya. Terkait kendala yang dialami, Anda dapat menyampaikan kendala dengan melampirkan tangkapan layar/video dengan device lain ke alamat email : carecenter@bpjs-kesehatan.go.id untuk kemudahan proses tindak lanjut. Terima kasih.;2025-12-11 06:44:50;;;;;;;;
a8c7f967-96e3-466c-b4f7-567cbce389ae;Arif Saepudin;https://play-lh.googleusercontent.com/a/ACg8ocJzV9vKxusr1txHa2JjgE8zUPV8B4AXEIDYsyW-MzKJzVQMtg=mo;kenapa ya sekarang eror Mulu tolong lah perbaiki kekurang nya;1;0;4.14.0;2025-12-09 09:34:25;Mohon maaf atas ketidaknyamanannya. Terkait kendala yang dialami, Anda dapat menyampaikan kendala dengan melampirkan tangkapan layar/video dengan device lain ke alamat email : carecenter@bpjs-kesehatan.go.id untuk kemudahan proses tindak lanjut. Terima kasih.;2025-12-11 06:44:50;4.14.0;;;;;;;
8d15b7bf-985c-46a7-b7b8-c1c1c16c0d66;Elisa Mustika ratu jaya;https://play-lh.googleusercontent.com/a-/ALV-UjUUdn67vNVGtayDWSMB00v6CTHTpF1h1Y3RPMb3YOn1I-R3fPHA;error mulu 🙄;1;0;4.14.0;2025-12-09 09:33:50;"Mohon maaf atas ketidaknyamanannya. Jika Anda sudah memiliki user Pengguna Mobile JKN, dapat langsung masuk/login dengan menginput NIK KTP dan password yang sudah didaftarkan. atau lakukan registrasi Pengguna Mobile JKN terlebih dahulu (jika belum terdaftar user Mobile JKN) dengan memilih ""Daftar"". Terima kasih.";2025-12-11 06:45:40;4.14.0;;;;;;;
50b29377-1a06-483c-bb2e-fe091a1414c6;debi kuswanto;https://play-lh.googleusercontent.com/a-/ALV-UjXwAkCn4ufB2tirvyTLFpzd_dkzjaidkwwqxe5OE30LgyjZWi35;Aplikasi nyusahin..... ERORRRRRRRRRR NGGA BISA MASUK;1;0;4.14.0;2025-12-09 09:31:52;"Mohon maaf atas ketidaknyamanannya. Jika Anda sudah memiliki user Pengguna Mobile JKN, dapat langsung masuk/login dengan menginput NIK KTP dan password yang sudah didaftarkan. atau lakukan registrasi Pengguna Mobile JKN terlebih dahulu (jika belum terdaftar user Mobile JKN) dengan memilih ""Daftar"". Terima kasih.";2025-12-11 06:45:42;4.14.0;;;;;;;
e96f3ace-c321-407f-b11e-fb868e59481f;Juliadi Saputra;https://play-lh.googleusercontent.com/a-/ALV-UjUOXgkpsbhFSkwNV_EdEIttZP4V8uOEUgSuWVcj25gku0DWMqiQ;ini aplikasi bobrok banget dah gilaa mau login sama buat akun susah nya minta ampun, giliran makan uang rakyat aja cepet;2;0;4.14.0;2025-12-09 09:31:31;"Mohon maaf atas ketidaknyamanannya. Jika Anda sudah memiliki user Pengguna Mobile JKN, dapat langsung masuk/login dengan menginput NIK KTP dan password yang sudah didaftarkan. atau lakukan registrasi Pengguna Mobile JKN terlebih dahulu (jika belum terdaftar user Mobile JKN) dengan memilih ""Daftar"". Terima kasih.";2025-12-11 06:45:45;4.14.0;;;;;;;
71475f56-6952-4372-b67d-9a8c645d4ef7;Ully Naiborhu;https://play-lh.googleusercontent.com/a/ACg8ocIrriVZ529Vh0PsYJ4XrSOre-MGgFFN2yERxrjPZHp_WXzQGA=mo;ok;5;0;4.14.0;2025-12-09 09:30:38;Hi... Terima kasih atas review dan rating yang diberikan. Kami akan terus melakukan perbaikan dan penyempurnaan aplikasi Mobile JKN untuk memberikan kemudahan bagi peserta dan calon peserta JKN. Jika ada kendala, Anda dapat menghubungi Care Center BPJS Kesehatan melalui nomor 165 (24 jam). Terima kasih.;2025-12-11 06:46:00;4.14.0;;;;;;;
8ec55641-5b23-4aca-8dcd-d1b1d9305d93;Ayam Jago;https://play-lh.googleusercontent.com/a/ACg8ocLBoyP6KQU8PojDiPVh2qvJr4lPBUxMWCSVVCXaHwRl5hOXcg=mo;ribet jncok kita mau berobat mlh d persulit tinggal dtng daftar mlh d sruh pke apk login ngk mau msuk msuk INTINYA RIBETTT;1;0;;2025-12-09 09:29:33;"Mohon maaf atas ketidaknyamanannya. Jika Anda sudah memiliki user Pengguna Mobile JKN, dapat langsung masuk/login dengan menginput NIK KTP dan password yang sudah didaftarkan. atau lakukan registrasi Pengguna Mobile JKN terlebih dahulu (jika belum terdaftar user Mobile JKN) dengan memilih ""Daftar"". Terima kasih.";2025-12-11 06:45:49;;;;;;;;
1eb07ec4-b7fe-4bed-9493-d8d405cb6a57;Amin Nur;https://play-lh.googleusercontent.com/a/ACg8ocLvtrHrXTIxoNtrRZ7C5qQKMK0vjLGeRrR3-Zwplzik6mk4_3M=mo;Mau dipake pendaftaran, login ajh susah, minta tolong diperbaiki Trimakasih;2;0;4.14.0;2025-12-09 09:29:11;"Mohon maaf atas ketidaknyamanannya. Jika Anda sudah memiliki user Pengguna Mobile JKN, dapat langsung masuk/login dengan menginput NIK KTP dan password yang sudah didaftarkan. atau lakukan registrasi Pengguna Mobile JKN terlebih dahulu (jika belum terdaftar user Mobile JKN) dengan memilih ""Daftar"". Terima kasih.";2025-12-11 06:45:50;4.14.0;;;;;;;
e35fd589-8067-4867-8c54-11819a823f8a;arju wildani;https://play-lh.googleusercontent.com/a-/ALV-UjWzVwZv4uqy5sxzDLaU9bLOJjYo-tQsNPjUeckyxgvsYXOAhVG7;ada beberapa kendala tapi overall bagus;4;0;;2025-12-09 09:20:23;Hi... Terima kasih atas review dan rating yang diberikan. Kami akan terus melakukan perbaikan dan penyempurnaan aplikasi Mobile JKN untuk memberikan kemudahan bagi peserta dan calon peserta JKN. Jika ada kendala, Anda dapat menghubungi Care Center BPJS Kesehatan melalui nomor 165 (24 jam). Terima kasih.;2025-12-11 06:45:58;;;;;;;;
6890fe97-aa67-4e05-8b34-047a10b076f1;Alvian Loe;https://play-lh.googleusercontent.com/a/ACg8ocIziAzEYHLT61-dnVbPsfEtCTRp23uQ7r_1Lb3jRfVZ5lThsw=mo;dapat membantu orang orang;5;0;4.14.0;2025-12-09 09:10:33;Hi... Terima kasih atas review dan rating yang diberikan. Kami akan terus melakukan perbaikan dan penyempurnaan aplikasi Mobile JKN untuk memberikan kemudahan bagi peserta dan calon peserta JKN. Jika ada kendala, Anda dapat menghubungi Care Center BPJS Kesehatan melalui nomor 165 (24 jam). Terima kasih.;2025-12-09 07:48:37;4.14.0;;;;;;;
af605177-6c30-4ec0-b7fb-faf29cc99a85;Trian WS;https://play-lh.googleusercontent.com/a-/ALV-UjUBjNYB7cS6My4SykDmBMZSYP-MRCpCjiGZv0dovQbcVoAKlrh1;error. ga bisa ambil antrian;1;0;;2025-12-09 08:50:24;"Mohon maaf atas ketidaknyamanannya. Jika Anda sudah memiliki user Pengguna Mobile JKN, dapat langsung masuk/login dengan menginput NIK KTP dan password yang sudah didaftarkan. atau lakukan registrasi Pengguna Mobile JKN terlebih dahulu (jika belum terdaftar user Mobile JKN) dengan memilih ""Daftar"". Terima kasih.";2025-12-11 06:45:54;;;;;;;;
df24da09-ee7a-4ec0-bdcb-47d85bb0ddba;JUJU Juarsih;https://play-lh.googleusercontent.com/a/ACg8ocI7UU-ypO3Q_bA3_p54Eok9On_0lNWPsmUAXDROClQZPiHR_A=mo;cepat responnya dan mudah menggunakan nya;5;0;4.13.1;2025-12-09 08:45:56;Hi... Terima kasih atas review dan rating yang diberikan. Kami akan terus melakukan perbaikan dan penyempurnaan aplikasi Mobile JKN untuk memberikan kemudahan bagi peserta dan calon peserta JKN. Jika ada kendala, Anda dapat menghubungi Care Center BPJS Kesehatan melalui nomor 165 (24 jam). Terima kasih.;2025-12-11 06:46:08;4.13.1;;;;;;;
eb3f725b-5fe9-4f50-a566-02810e20a3b6;Agung Laksono;https://play-lh.googleusercontent.com/a/ACg8ocLJnIwOqu9Qq_RcSUcjIq0oJnUKKc1ZjJjOpM7TKDk6LM2Sfg=mo;Sangat Membantu terima kasij mobile jkn;5;0;;2025-12-09 08:34:09;Hi... Terima kasih atas review dan rating yang diberikan. Kami akan terus melakukan perbaikan dan penyempurnaan aplikasi Mobile JKN untuk memberikan kemudahan bagi peserta dan calon peserta JKN. Jika ada kendala, Anda dapat menghubungi Care Center BPJS Kesehatan melalui nomor 165 (24 jam). Terima kasih.;2025-12-11 06:46:15;;;;;;;;
6029f649-3c69-4ed7-b522-f9988cb81de0;Alva Dwiseptio;https://play-lh.googleusercontent.com/a-/ALV-UjWxIYW3GpOEOcJeP1xzxC8F8IiHDNS0yqnUYWiyasFdDrc5jWyA;bikin ribet doang 😄;1;0;4.14.0;2025-12-09 08:32:50;"Mohon maaf atas ketidaknyamanannya. Jika Anda sudah memiliki user Pengguna Mobile JKN, dapat langsung masuk/login dengan menginput NIK KTP dan password yang sudah didaftarkan. atau lakukan registrasi Pengguna Mobile JKN terlebih dahulu (jika belum terdaftar user Mobile JKN) dengan memilih ""Daftar"". Terima kasih.";2025-12-11 06:46:52;4.14.0;;;;;;;
d6ca35b7-d9fe-4c79-97de-d53c481e09c5;MAS WIWID;https://play-lh.googleusercontent.com/a-/ALV-UjWdR230MufnN78pamg0BaCJTV2CcHz0boZmPf_yejy6sw4eRRUz;habis periksa poli umum dan akan daftar untuk poli gigi hari selanjutnya tidak dapat masuk karena riwayat pendaftaran masih dan tidak ada menu hapus riwayat daftar tak kasih bintang 2 dulu;2;0;4.14.0;2025-12-09 08:30:32;Mohon maaf atas ketidaknyamanannya. Pendaftaran Pelayanan (Antrean) di aplikasi Mobile JKN hanya berlaku untuk satu kali pendaftaran nomor antrean. Untuk kunjungan selanjutnya, Anda dapat mengambil antrean secara manual pada Rumah Sakit tujuan atau sesuai prosedur Rumah Sakit. Terima kasih.;2025-12-11 06:47:08;4.14.0;;;;;;;
d85a1e64-820a-4f2e-ba6b-1c17a115b383;ARRUAN PASAUK Pasauk;https://play-lh.googleusercontent.com/a/ACg8ocJrXSNwWM-cJF9ZCrV2ktEeK-2SjHl-6C9EENCEHk4y6-k_zw=mo;mantap aplikasinya sangat membantu;5;0;4.14.0;2025-12-09 08:22:08;Hi... Terima kasih atas review dan rating yang diberikan. Kami akan terus melakukan perbaikan dan penyempurnaan aplikasi Mobile JKN untuk memberikan kemudahan bagi peserta dan calon peserta JKN. Jika ada kendala, Anda dapat menghubungi Care Center BPJS Kesehatan melalui nomor 165 (24 jam). Terima kasih.;2025-12-11 06:47:44;4.14.0;;;;;;;
af68f45d-3822-49b7-9e22-1f2711180bc5;Arbani Ismail;https://play-lh.googleusercontent.com/a/ACg8ocJB-2zZ3TlaiFI01wEgT2TyWc9WvB3mlRO6n_KwsnX29NU9xg=mo;mantap sangat membantu;5;0;4.14.0;2025-12-09 08:21:21;Hi... Terima kasih atas review dan rating yang diberikan. Kami akan terus melakukan perbaikan dan penyempurnaan aplikasi Mobile JKN untuk memberikan kemudahan bagi peserta dan calon peserta JKN. Jika ada kendala, Anda dapat menghubungi Care Center BPJS Kesehatan melalui nomor 165 (24 jam). Terima kasih.;2025-12-11 06:46:19;4.14.0;;;;;;;
8fb2117e-fb2c-4c7a-9e98-d934b93c77db;Angga Maulana& ratu sita;https://play-lh.googleusercontent.com/a-/ALV-UjX-OK8-2hX9naUKvsE7yG-O7cNdal01sg17XBu7nzvTpdYpjaE;sangat membantu;5;0;4.14.0;2025-12-09 08:16:59;Hi... Terima kasih atas review dan rating yang diberikan. Kami akan terus melakukan perbaikan dan penyempurnaan aplikasi Mobile JKN untuk memberikan kemudahan bagi peserta dan calon peserta JKN. Jika ada kendala, Anda dapat menghubungi Care Center BPJS Kesehatan melalui nomor 165 (24 jam). Terima kasih.;2025-12-11 06:46:20;4.14.0;;;;;;;
1f56808c-0de9-435a-95d5-0c473ecd3567;Fathul Majid;https://play-lh.googleusercontent.com/a/ACg8ocLq-UylVtR9eTtl8PNWHhemJn4shQZwNTHXpOrhu_vpIvZgEnU=mo;Alhamdulillah sekarang sudah bisa cuma ya masih bingung kok bisa nomor dibilang sudah dipakai padahal belum pernah buat sebelumnya;4;0;4.14.0;2025-12-09 07:57:43;Hi... Terima kasih atas review dan rating yang diberikan. Kami akan terus melakukan perbaikan dan penyempurnaan aplikasi Mobile JKN untuk memberikan kemudahan bagi peserta dan calon peserta JKN. Jika ada kendala, Anda dapat menghubungi Care Center BPJS Kesehatan melalui nomor 165 (24 jam). Terima kasih.;2025-12-11 06:46:34;4.14.0;;;;;;;
08011bde-a76d-42db-a3e2-f865bc21b945;Kiki Sandra;https://play-lh.googleusercontent.com/a/ACg8ocK_IWhHPp9e-VCtAUhsQH8cY1G7RoeUcmP5WM65v50j1ioAGA=mo;"ini aplikasi jkn knp. erory ketutup sendiri hrs masuk dftr ulang.. kita nih ngecek aplikasi utk byr.. aneh bngt.. bikin ribet dftr ulang mskin no nik dll.. jgn di bikin ribet lah.. kita byr tepat wkt utk. di pake aj kagak. inibpjs.. cuma untuk cek mau BAYAR.. di buat ribet dh berkali"" hrs login awal.. hbskan wkt aj.. nungak juga kagak pernah.. tepat waktu.. zonk bngt.. mau byr aj di susah"" apa lagi kalo gk bayar...";3;0;4.14.0;2025-12-09 07:46:33;"Mohon maaf atas ketidaknyamanannya. Jika Anda sudah memiliki user Pengguna Mobile JKN, dapat langsung masuk/login dengan menginput NIK KTP dan password yang sudah didaftarkan. atau lakukan registrasi Pengguna Mobile JKN terlebih dahulu (jika belum terdaftar user Mobile JKN) dengan memilih ""Daftar"". Terima kasih.";2025-12-11 06:46:32;4.14.0;;;;;;;
b7c98218-3a7d-4e34-8502-6fba82316a97;Imam Syafii;https://play-lh.googleusercontent.com/a/ACg8ocJEhTuI-QdoVd16mf2OSdZ9FC0rrnOTA4CTv7pS5op_Po0eZA=mo;mudah menggunakannya;5;0;4.14.0;2025-12-09 07:41:30;Hi... Terima kasih atas review dan rating yang diberikan. Kami akan terus melakukan perbaikan dan penyempurnaan aplikasi Mobile JKN untuk memberikan kemudahan bagi peserta dan calon peserta JKN. Jika ada kendala, Anda dapat menghubungi Care Center BPJS Kesehatan melalui nomor 165 (24 jam). Terima kasih.;2025-12-11 06:48:10;4.14.0;;;;;;;
8525228a-a843-437e-b52c-a219d08291ea;CRS yt;https://play-lh.googleusercontent.com/a-/ALV-UjWhTUvmwK9jWF0wykzf4LPV-5FdPEyqlnqrrQaPEKoSdHGp7MNa;update mulu, giliran login tidak bisa masuk,mau ganti kata sandi kode OTP tidak dikirim kan.;3;0;4.14.0;2025-12-09 07:33:22;Mohon maaf atas ketidaknyamanannya. Jika Anda memilih metode verifikasi menggunakan nomor HP pastikan jaringan baik dan nomor HP yang terdaftar adalah nomor HP prabayar yang aktif dengan pulsa yang mencukupi agar kode OTP dapat masuk. Terima kasih.;2025-12-11 06:49:53;4.14.0;;;;;;;
06ba779a-38eb-4f2c-b8b7-d224f79a8182;Mali Basith;https://play-lh.googleusercontent.com/a/ACg8ocLvWJ2ikRbvmg_s7qodBasvHI5dlxBOjBqYXiWASoDfvol7TA=mo;sangat membantu;5;0;4.14.0;2025-12-09 07:33:10;Hi... Terima kasih atas review dan rating yang diberikan. Kami akan terus melakukan perbaikan dan penyempurnaan aplikasi Mobile JKN untuk memberikan kemudahan bagi peserta dan calon peserta JKN. Jika ada kendala, Anda dapat menghubungi Care Center BPJS Kesehatan melalui nomor 165 (24 jam). Terima kasih.;2025-12-11 06:48:13;4.14.0;;;;;;;
e5352c66-936d-4533-a686-973285a9e667;Sandi Sandi;https://play-lh.googleusercontent.com/a/ACg8ocIvRwpgPnC4h9gKltmQTe45RTrcWJP3ojiFV1rGKfRdNxAPXa8=mo;ok;4;0;;2025-12-09 07:28:17;Hi... Terima kasih atas review dan rating yang diberikan. Kami akan terus melakukan perbaikan dan penyempurnaan aplikasi Mobile JKN untuk memberikan kemudahan bagi peserta dan calon peserta JKN. Jika ada kendala, Anda dapat menghubungi Care Center BPJS Kesehatan melalui nomor 165 (24 jam). Terima kasih.;2025-12-11 06:48:15;;;;;;;;
469f1d23-404b-47a3-bd9b-025ba04142b5;Riio Lumalessil;https://play-lh.googleusercontent.com/a-/ALV-UjU_zpuKQomSEc_98yzdgy5lkIzVPTyj31aexkTYxpnFhrf20FU2;aplikasinya bagus sekali;5;0;4.14.0;2025-12-09 07:18:56;Hi... Terima kasih atas review dan rating yang diberikan. Kami akan terus melakukan perbaikan dan penyempurnaan aplikasi Mobile JKN untuk memberikan kemudahan bagi peserta dan calon peserta JKN. Jika ada kendala, Anda dapat menghubungi Care Center BPJS Kesehatan melalui nomor 165 (24 jam). Terima kasih.;2025-12-11 06:49:20;4.14.0;;;;;;;
7f622750-c55a-4199-8c0a-993a5bc5ac1f;Alan Ashari;https://play-lh.googleusercontent.com/a/ACg8ocJRlJYxOL0PCuw7dkTWZyud8ddsdixoWYKx_LmX2TqW_Fl1-g=mo;aplikasi tidak berguna dan menyusahkan;1;0;4.14.0;2025-12-09 07:09:18;Mohon maaf atas ketidaknyamanannya. Terkait kendala yang dialami, Anda dapat menyampaikan kendala dengan melampirkan tangkapan layar/video dengan device lain ke alamat email : carecenter@bpjs-kesehatan.go.id untuk kemudahan proses tindak lanjut. Terima kasih.;2025-12-11 06:50:02;4.14.0;;;;;;;
900de8a0-1562-478d-a3d4-df6ad92dc463;Jhon Robin;https://play-lh.googleusercontent.com/a/ACg8ocL_QSxeyRjeKLyeR1l3ae3JFnFMqg-Vir_dWICuTi2Yv0Pa6w=mo;ok bet;5;0;4.13.1;2025-12-09 07:08:59;Hi... Terima kasih atas review dan rating yang diberikan. Kami akan terus melakukan perbaikan dan penyempurnaan aplikasi Mobile JKN untuk memberikan kemudahan bagi peserta dan calon peserta JKN. Jika ada kendala, Anda dapat menghubungi Care Center BPJS Kesehatan melalui nomor 165 (24 jam). Terima kasih.;2025-12-11 06:49:35;4.13.1;;;;;;;
13945938-d46f-412d-b91b-49c244e7d5f4;Rizka Rizka;https://play-lh.googleusercontent.com/a-/ALV-UjUlTrTivNlwtxCg0_O6ijkr6WNTdhXiNK4BZIDTVb-LiDeWpOVi;susah amat mau verifikasi minta kode wa kita ke wa kembali ke jkn dah ilang, begitu terus, minta kode mail, kita tinggal buka mail kembali ke halaman jkn dah ilang lagi..;3;0;4.14.0;2025-12-09 06:53:01;;;4.14.0;;;;;;;
eee51c68-ae49-499b-a350-047ea4a28275;Muhamad Noor Aji Salam;https://play-lh.googleusercontent.com/a/ACg8ocI2ri4e39jUSsubS3MyqraoHmetxuEg5QPXVrJD0UIxeg1pqC0=mo;sangat membantu;5;0;4.14.0;2025-12-09 06:47:07;Hi... Terima kasih atas review dan rating yang diberikan. Kami akan terus melakukan perbaikan dan penyempurnaan aplikasi Mobile JKN untuk memberikan kemudahan bagi peserta dan calon peserta JKN. Jika ada kendala, Anda dapat menghubungi Care Center BPJS Kesehatan melalui nomor 165 (24 jam). Terima kasih.;2025-12-11 06:49:25;4.14.0;;;;;;;
64f9d997-f265-4085-a270-30b5f80b8712;Pa WARTO Penjahit;https://play-lh.googleusercontent.com/a/ACg8ocIed17NEjOWh5ZNJPUbraNQEyMILzjszZpnVGy02cU7vrFYxA=mo;sangat membantu;5;0;4.14.0;2025-12-09 06:38:53;Hi... Terima kasih atas review dan rating yang diberikan. Kami akan terus melakukan perbaikan dan penyempurnaan aplikasi Mobile JKN untuk memberikan kemudahan bagi peserta dan calon peserta JKN. Jika ada kendala, Anda dapat menghubungi Care Center BPJS Kesehatan melalui nomor 165 (24 jam). Terima kasih.;2025-12-11 06:50:48;4.14.0;;;;;;;
0e813d20-de4d-4889-9f57-4ff142cecca1;Bihlul Hidana;https://play-lh.googleusercontent.com/a-/ALV-UjUPAf4a05JNaBn1dxVTsNS50eKY6_R9d7jL59tychFnSV3lVUFj9w;memudahkan kita untuk meningkatkan kesehatan;5;0;4.14.0;2025-12-09 06:32:43;Hi... Terima kasih atas review dan rating yang diberikan. Kami akan terus melakukan perbaikan dan penyempurnaan aplikasi Mobile JKN untuk memberikan kemudahan bagi peserta dan calon peserta JKN. Jika ada kendala, Anda dapat menghubungi Care Center BPJS Kesehatan melalui nomor 165 (24 jam). Terima kasih.;2025-12-11 06:50:46;4.14.0;;;;;;;
1f33dd66-dcfa-4d92-a114-9b71639c39f8;Anha Asriana;https://play-lh.googleusercontent.com/a/ACg8ocKA7K4FamCM6AkAC-4uzd7F8QfQ37CDd2z8Gk9OymP0D4VTeg=mo;mantap;5;0;4.14.0;2025-12-09 06:10:20;Hi... Terima kasih atas review dan rating yang diberikan. Kami akan terus melakukan perbaikan dan penyempurnaan aplikasi Mobile JKN untuk memberikan kemudahan bagi peserta dan calon peserta JKN. Jika ada kendala, Anda dapat menghubungi Care Center BPJS Kesehatan melalui nomor 165 (24 jam). Terima kasih.;2025-12-11 06:50:45;4.14.0;;;;;;;
142a18a5-877c-4ac3-a4d6-df003389dfca;Indah Aura Fitri;https://play-lh.googleusercontent.com/a/ACg8ocLfJALI1Cv_ZB8EJExSC7Zs8o9kg-YrNcjwrr3pDVli1GULK70=mo;kode di SMS gak masuk2 pulsa udah abis hadeh;1;0;;2025-12-09 05:55:31;Mohon maaf atas ketidaknyamanannya. Jika Anda memilih metode verifikasi menggunakan nomor HP pastikan jaringan baik dan nomor HP yang terdaftar adalah nomor HP prabayar yang aktif dengan pulsa yang mencukupi agar kode OTP dapat masuk. Terima kasih.;2025-12-11 06:51:08;;;;;;;;
33e2285d-50ea-4b27-9ccb-710f603d84a0;Devi nadiliya;https://play-lh.googleusercontent.com/a-/ALV-UjWAFvUcbfCV9pNEFcrzVk3TnOIOvZVLrR84JIhqa9pF_uaEFl2cdg;sangat membantu;5;0;4.14.0;2025-12-09 05:48:13;Hi... Terima kasih atas review dan rating yang diberikan. Kami akan terus melakukan perbaikan dan penyempurnaan aplikasi Mobile JKN untuk memberikan kemudahan bagi peserta dan calon peserta JKN. Jika ada kendala, Anda dapat menghubungi Care Center BPJS Kesehatan melalui nomor 165 (24 jam). Terima kasih.;2025-12-11 06:50:37;4.14.0;;;;;;;
17e4d686-4d30-401e-b870-82bb255897fe;Tidak Ada Nama;https://play-lh.googleusercontent.com/a/ACg8ocLb4Us2q-CshG3nA5maCoZXQvHMavIoFFMcnUxYZBfe1C-Z1hOq=mo;verifikasi wajah gabisa, daftar ambil antrian jg gabisa;1;0;4.14.0;2025-12-09 05:46:37;Mohon maaf atas ketidaknyamanannya. Terkait kendala yang dialami, Anda dapat menyampaikan kendala dengan melampirkan tangkapan layar/video dengan device lain ke alamat email : carecenter@bpjs-kesehatan.go.id untuk kemudahan proses tindak lanjut. Terima kasih.;2025-12-11 06:50:16;4.14.0;;;;;;;
c6175186-d025-4fc2-9c19-e8c058cd8403;darius goelo;https://play-lh.googleusercontent.com/a/ACg8ocKvwwXNellWxMDiy8C5HL3Lm1N1uKVypXdXERzYF-Fi7bgu9Q=mo;satu dari ribuan layanan pemerintah yang tidak ribet, tidak berbelit-belit dan sangat membantu masyarakat benar benar berdedikasi untuk melayani masyarakat dan integritas tinggi defenisi sebenarnya dari integritas dan melayani dengan sepenuh hati adalah cerminan dari JKN mobile;5;0;4.14.0;2025-12-09 05:45:50;Hi... Terima kasih atas review dan rating yang diberikan. Kami akan terus melakukan perbaikan dan penyempurnaan aplikasi Mobile JKN untuk memberikan kemudahan bagi peserta dan calon peserta JKN. Jika ada kendala, Anda dapat menghubungi Care Center BPJS Kesehatan melalui nomor 165 (24 jam). Terima kasih.;2025-12-11 06:50:33;4.14.0;;;;;;;
80443816-d95d-4b8a-937f-a433dff87c6c;Nur pitria Damayanti;https://play-lh.googleusercontent.com/a/ACg8ocI_zJTbXqaIs6C4rlobFShsYf-6PHrDaxlWoJACrzDH87xUiw=mo;respon cepat;5;0;4.14.0;2025-12-09 05:42:42;Hi... Terima kasih atas review dan rating yang diberikan. Kami akan terus melakukan perbaikan dan penyempurnaan aplikasi Mobile JKN untuk memberikan kemudahan bagi peserta dan calon peserta JKN. Jika ada kendala, Anda dapat menghubungi Care Center BPJS Kesehatan melalui nomor 165 (24 jam). Terima kasih.;2025-12-11 06:50:34;4.14.0;;;;;;;
91bf994d-de62-4f48-b7eb-b9462b92e6cc;RojabRizky RR;https://play-lh.googleusercontent.com/a/ACg8ocIDXRgjJYCfYdqgXZDOCB8NoRvZ4Xa3u8toDL97ZgYqGB64Eg=mo;mempermudah urusan utk mengubah data peserta jg faskes pertama,mantap moga dpt dipermudah segala urusannya,terimakasih;5;0;4.14.0;2025-12-09 05:39:15;Hi... Terima kasih atas review dan rating yang diberikan. Kami akan terus melakukan perbaikan dan penyempurnaan aplikasi Mobile JKN untuk memberikan kemudahan bagi peserta dan calon peserta JKN. Jika ada kendala, Anda dapat menghubungi Care Center BPJS Kesehatan melalui nomor 165 (24 jam). Terima kasih.;2025-12-11 06:50:29;4.14.0;;;;;;;
5d7e6bdc-2ba1-4916-b838-a9b6da1a7d6b;Oyon Oyon Oyon;https://play-lh.googleusercontent.com/a-/ALV-UjVqDQjP3hTillzEG5YW4T2ZRvtRLot2r_kUC8SHdvi9NyjsG40;banyak eror nya ini aplikasi;1;0;4.14.0;2025-12-09 05:32:00;Mohon maaf atas ketidaknyamanannya. Terkait kendala yang dialami, Anda dapat menyampaikan kendala dengan melampirkan tangkapan layar/video dengan device lain ke alamat email : carecenter@bpjs-kesehatan.go.id untuk kemudahan proses tindak lanjut. Terima kasih.;2025-12-11 06:50:21;4.14.0;;;;;;;
8fd7e546-5d71-43d2-8380-2b25d62df41e;Irvan Kurnia R;https://play-lh.googleusercontent.com/a-/ALV-UjXONxjTcioQjEvoFyho2LP8orw6789fFGqPaKEauhA5bWWFprE;sudah bagus mantap;5;0;4.14.0;2025-12-09 05:21:46;Hi... Terima kasih atas review dan rating yang diberikan. Kami akan terus melakukan perbaikan dan penyempurnaan aplikasi Mobile JKN untuk memberikan kemudahan bagi peserta dan calon peserta JKN. Jika ada kendala, Anda dapat menghubungi Care Center BPJS Kesehatan melalui nomor 165 (24 jam). Terima kasih.;2025-12-11 06:52:02;4.14.0;;;;;;;
3d333d5b-0928-43e8-b28b-2b2cc7491709;sulistiawati _;https://play-lh.googleusercontent.com/a-/ALV-UjWou2k1pLyldFKALbl6OtqNzEZtW-lMFsM37W4Ef5DZtSgkHYMj;Sangat membantu dan mempermudah;5;0;4.14.0;2025-12-09 05:14:08;Hi... Terima kasih atas review dan rating yang diberikan. Kami akan terus melakukan perbaikan dan penyempurnaan aplikasi Mobile JKN untuk memberikan kemudahan bagi peserta dan calon peserta JKN. Jika ada kendala, Anda dapat menghubungi Care Center BPJS Kesehatan melalui nomor 165 (24 jam). Terima kasih.;2025-12-11 06:51:53;4.14.0;;;;;;;
21ba55da-6002-4a81-b172-efe78304ce9e;Ade Mulyadi;https://play-lh.googleusercontent.com/a/ACg8ocIEBP8POjB_5OSUsBx022ib220qVk9M1Aar0tFWFoKrZyZVCg=mo;sangat mebantu;5;0;4.13.1;2025-12-09 05:04:27;Hi... Terima kasih atas review dan rating yang diberikan. Kami akan terus melakukan perbaikan dan penyempurnaan aplikasi Mobile JKN untuk memberikan kemudahan bagi peserta dan calon peserta JKN. Jika ada kendala, Anda dapat menghubungi Care Center BPJS Kesehatan melalui nomor 165 (24 jam). Terima kasih.;2025-12-11 06:51:53;4.13.1;;;;;;;
7118e5c8-43dc-463e-a6fe-e2737f3444f9;Arief Syaroni;https://play-lh.googleusercontent.com/a-/ALV-UjXc5NNxtNGLQ1EWTDbpZZ17zln0oLMxDAEo_vpZCObyIrtNrsp3gQ;sudah 2 minggu ngebug terus..padahal saya butuh buat ambil antrian..tolong diperbaiki..;1;0;4.14.0;2025-12-09 04:49:41;"Mohon maaf atas ketidaknyamanannya. Jika Anda sudah memiliki user Pengguna Mobile JKN, dapat langsung masuk/login dengan menginput NIK KTP dan password yang sudah didaftarkan. atau lakukan registrasi Pengguna Mobile JKN terlebih dahulu (jika belum terdaftar user Mobile JKN) dengan memilih ""Daftar"". Terima kasih.";2025-12-11 06:52:23;4.14.0;;;;;;;
365c7d38-1eb1-4f1a-9fa1-393c37ae2a07;Nana;https://play-lh.googleusercontent.com/a-/ALV-UjUPVLUBQBMYB6DpBw5vUsg97Awl0Q7OcGwN0EBNnBlUf5cnwygX;tolong sediakan fitur ss;4;0;4.14.0;2025-12-09 04:49:37;Hi... Terima kasih atas review dan rating yang diberikan. Kami akan terus melakukan perbaikan dan penyempurnaan aplikasi Mobile JKN untuk memberikan kemudahan bagi peserta dan calon peserta JKN. Jika ada kendala, Anda dapat menghubungi Care Center BPJS Kesehatan melalui nomor 165 (24 jam). Terima kasih.;2025-12-11 06:51:50;4.14.0;;;;;;;
81fab464-1a12-4306-a3ba-d3498db0ea69;Yulia Lestari;https://play-lh.googleusercontent.com/a-/ALV-UjViC0pUbnahrNFaapMhsGT1oEu44vrUbMZ4s-QNxy8pTBDpUpE;susah login, katanya no antian rs biar cepat lewat aplikasi ini nyatanya login aja susah banget;1;0;4.14.0;2025-12-09 04:48:03;"Mohon maaf atas ketidaknyamanannya. Jika Anda sudah memiliki user Pengguna Mobile JKN, dapat langsung masuk/login dengan menginput NIK KTP dan password yang sudah didaftarkan. atau lakukan registrasi Pengguna Mobile JKN terlebih dahulu (jika belum terdaftar user Mobile JKN) dengan memilih ""Daftar"". Terima kasih.";2025-12-11 06:52:27;4.14.0;;;;;;;
9a572414-6373-4cf1-948a-227397b470e7;vira mutiarani;https://play-lh.googleusercontent.com/a-/ALV-UjWnbGN5ay7V2xj37UFicKIKpC8t05SfahvbyPPrqHoqL71m3h1I;mantap;5;0;4.14.0;2025-12-09 04:47:51;Hi... Terima kasih atas review dan rating yang diberikan. Kami akan terus melakukan perbaikan dan penyempurnaan aplikasi Mobile JKN untuk memberikan kemudahan bagi peserta dan calon peserta JKN. Jika ada kendala, Anda dapat menghubungi Care Center BPJS Kesehatan melalui nomor 165 (24 jam). Terima kasih.;2025-12-11 06:51:44;4.14.0;;;;;;;
a59e35c1-88bf-4fd7-bc30-faff3e116802;Savannah Moonlight;https://play-lh.googleusercontent.com/a/ACg8ocKnJij_9vN1fjVS_zA-hwzte--B8t_Oqo4bTwUTS2q3tQ7r2Q=mo;Saya login apk tp logout sendiri dan ada keterangan udh login di perangkat lain. Saat itu saya langsung amanin akun dan ganti passowrd. Tp pas login kenapa ga jadi ya? NIK, password dan kode captcha udh bener tp salah mulu ga bisa masuk. Tolong dibantu buat menyelesaikan masalah ini.;3;0;;2025-12-09 04:39:56;"Mohon maaf atas ketidaknyamanannya. Jika Anda sudah memiliki user Pengguna Mobile JKN, dapat langsung masuk/login dengan menginput NIK KTP dan password yang sudah didaftarkan. atau lakukan registrasi Pengguna Mobile JKN terlebih dahulu (jika belum terdaftar user Mobile JKN) dengan memilih ""Daftar"". Terima kasih.";2025-12-11 06:52:30;;;;;;;;
42c2d8a2-d95e-441e-a3c6-712cec6c3f8d;Handiii Kaaa Ti Tv;https://play-lh.googleusercontent.com/a-/ALV-UjVv09R1j6RRdI4R30quRq43WMHhAKpVzvFLmU5vXUsGStpllzNz;terima kasih;5;0;4.14.0;2025-12-09 04:32:47;Hi... Terima kasih atas review dan rating yang diberikan. Kami akan terus melakukan perbaikan dan penyempurnaan aplikasi Mobile JKN untuk memberikan kemudahan bagi peserta dan calon peserta JKN. Jika ada kendala, Anda dapat menghubungi Care Center BPJS Kesehatan melalui nomor 165 (24 jam). Terima kasih.;2025-12-11 06:51:37;4.14.0;;;;;;;
d0fb609b-e29a-4526-9597-3d43dd92c42f;Iluza saputra Iluza;https://play-lh.googleusercontent.com/a-/ALV-UjWvcykB-l90xK55607xkGnAd3bHArVCO6dquMhlr4MAx4GjG8iu;luar biasa hebat;5;0;4.14.0;2025-12-09 04:24:14;Hi... Terima kasih atas review dan rating yang diberikan. Kami akan terus melakukan perbaikan dan penyempurnaan aplikasi Mobile JKN untuk memberikan kemudahan bagi peserta dan calon peserta JKN. Jika ada kendala, Anda dapat menghubungi Care Center BPJS Kesehatan melalui nomor 165 (24 jam). Terima kasih.;2025-12-11 06:51:38;4.14.0;;;;;;;
035641b2-48ad-4100-b285-ae639a217744;Muhammad Ilyas;https://play-lh.googleusercontent.com/a-/ALV-UjUaxcwK8dwA59WJe9GZaohAV0SDVxAomwL9WQTSwhNEAqBoaino;Udah berulang kali minta kode verifikasi otp kagak pernah muncul;1;0;;2025-12-09 04:21:31;Mohon maaf atas ketidaknyamanannya. Jika Anda memilih metode verifikasi menggunakan nomor HP pastikan jaringan baik dan nomor HP yang terdaftar adalah nomor HP prabayar yang aktif dengan pulsa yang mencukupi agar kode OTP dapat masuk. Terima kasih.;2025-12-11 06:53:20;;;;;;;;
41ff1cf6-b827-45a3-923f-92a88d5a47eb;Erika Hamdan;https://play-lh.googleusercontent.com/a-/ALV-UjXAEfFc9NFaZjVX-7IDGgFw2t52C-dvb4enqP84CGnq5EhhNkcE;apakah aplikasi ini bisa di akses 2 KK kalau bisa caranya gimna?;5;0;;2025-12-09 04:17:14;Hi... Terima kasih atas review dan rating yang diberikan. Kami akan terus melakukan perbaikan dan penyempurnaan aplikasi Mobile JKN untuk memberikan kemudahan bagi peserta dan calon peserta JKN. Jika ada kendala, Anda dapat menghubungi Care Center BPJS Kesehatan melalui nomor 165 (24 jam). Terima kasih.;2025-12-11 06:52:44;;;;;;;;
c0990352-1b6a-47b5-af92-910db0cb5409;ade rahmany;https://play-lh.googleusercontent.com/a-/ALV-UjU99A0-54LVvNqYxzKV_KomEpPbACkn_oCFp8LTFlk-Bw-7m0g;sangat membantu... ga usah ribet datang ke kantor BPJS dan lama ngantri... tinggal klik klik beres.... terus banyak fitur dan kelebihan nya LG .. ga percaya download donk...;5;0;4.14.0;2025-12-09 04:14:34;Hi... Terima kasih atas review dan rating yang diberikan. Kami akan terus melakukan perbaikan dan penyempurnaan aplikasi Mobile JKN untuk memberikan kemudahan bagi peserta dan calon peserta JKN. Jika ada kendala, Anda dapat menghubungi Care Center BPJS Kesehatan melalui nomor 165 (24 jam). Terima kasih.;2025-12-11 06:52:46;4.14.0;;;;;;;
a34084b6-c8fa-409b-8948-2e7e7c01b5c9;Yoko Rahmadi;https://play-lh.googleusercontent.com/a-/ALV-UjXrBtog8O1R6IMd_PRVCyRW5O4Xeesz8x6UATA6I-XT08rls2c;memudahkan peserta..dlm urusan kesehatan.ke RSUD;5;0;;2025-12-09 04:01:19;Hi... Terima kasih atas review dan rating yang diberikan. Kami akan terus melakukan perbaikan dan penyempurnaan aplikasi Mobile JKN untuk memberikan kemudahan bagi peserta dan calon peserta JKN. Jika ada kendala, Anda dapat menghubungi Care Center BPJS Kesehatan melalui nomor 165 (24 jam). Terima kasih.;2025-12-11 06:52:48;;;;;;;;
d267ff42-8bfc-47d1-b901-ac9086d8cc3f;Intan Sari;https://play-lh.googleusercontent.com/a/ACg8ocIvf9Gw2dJg-eUr6nFKXU6k8sNrZMf-FVuHJsUR_jJ682reVQ=mo;Saya mau nambah peserta untuk anak saya, tapi nggak bisa dengan alasan bayi baru lahir, padahal jelas-jelas data yang saya isi tahun lahir anak saya 2023, Ini terjadi berulang, dari 2023, 2024, dan bahkan sekarang 2025 saya coba lagi, ternyata masih nggak bisa.. tolong dong,;4;0;4.14.0;2025-12-09 03:56:15;Mohon maaf atas ketidaknyamanannya. Untuk kenyamanan dan keamanan dalam mendapatkan informasi dan menyampaikan pengaduan terkait program JKN-KIS, mohon dapat menyampaikan data identitas Anda melalui Care Center 165 (24 Jam) atau fitur “Pengaduan Layanan JKN” pada Mobile JKN. Terima kasih.;2025-12-11 06:53:29;4.14.0;;;;;;;
b7e133d0-e9cc-4bd7-beab-232fcbb77597;Ayu Pitriyani;https://play-lh.googleusercontent.com/a/ACg8ocLiUPHDTsYkOMiDWyAs23mulaDv0rTgZi_tXoejBR1TFOZn6g=mo;kurang nya no antrian suka ngilang sndri jdi susah liat nya lagi;4;0;4.14.0;2025-12-09 03:47:22;Hi... Terima kasih atas review dan rating yang diberikan. Kami akan terus melakukan perbaikan dan penyempurnaan aplikasi Mobile JKN untuk memberikan kemudahan bagi peserta dan calon peserta JKN. Jika ada kendala, Anda dapat menghubungi Care Center BPJS Kesehatan melalui nomor 165 (24 jam). Terima kasih.;2025-12-11 06:52:53;4.14.0;;;;;;;
f6c2a580-e6ad-4ecc-8e65-afd23143e277;Hadian Hendi putra;https://play-lh.googleusercontent.com/a-/ALV-UjWEEoqjGNxiBjAx5Tc_kqAGIViB9mY4-AoVhFc4ZYCDIhH2hKU;aplikasinya sangat memudahkan saya dan keluarga;5;0;;2025-12-09 03:43:52;Hi... Terima kasih atas review dan rating yang diberikan. Kami akan terus melakukan perbaikan dan penyempurnaan aplikasi Mobile JKN untuk memberikan kemudahan bagi peserta dan calon peserta JKN. Jika ada kendala, Anda dapat menghubungi Care Center BPJS Kesehatan melalui nomor 165 (24 jam). Terima kasih.;2025-12-11 06:52:55;;;;;;;;
23346a16-7204-4d62-a937-23a93b073b70;Asbuloh;https://play-lh.googleusercontent.com/a-/ALV-UjXXG91N5GNepaQisaUxcFOBTdH85O2eQga4efTqwfjP_m5XqSM;membantu memudahkan pendaftaran;4;0;4.14.0;2025-12-09 03:28:54;Hi... Terima kasih atas review dan rating yang diberikan. Kami akan terus melakukan perbaikan dan penyempurnaan aplikasi Mobile JKN untuk memberikan kemudahan bagi peserta dan calon peserta JKN. Jika ada kendala, Anda dapat menghubungi Care Center BPJS Kesehatan melalui nomor 165 (24 jam). Terima kasih.;2025-12-11 06:52:57;4.14.0;;;;;;;
bfccbb98-0781-4853-aafb-d7cf3e128cbe;Asrof Ay;https://play-lh.googleusercontent.com/a/ACg8ocKgS_-y92Ne_ukalqtA7HZ5MqFaWdkaYXpnvhdT6Uj4Pm9vTg=mo;sering keluar sendiri dari aplikasi jkn,kemudian login lagi susah masuk;1;0;;2025-12-09 03:25:21;"Mohon maaf atas ketidaknyamanannya. Jika Anda sudah memiliki user Pengguna Mobile JKN, dapat langsung masuk/login dengan menginput NIK KTP dan password yang sudah didaftarkan. atau lakukan registrasi Pengguna Mobile JKN terlebih dahulu (jika belum terdaftar user Mobile JKN) dengan memilih ""Daftar"". Terima kasih.";2025-12-11 06:53:11;;;;;;;;
4251cc18-68f6-45c3-831c-953f70e8e6d6;Titisz Amirrul;https://play-lh.googleusercontent.com/a/ACg8ocI6w2qVUe6OV9PLPC7au0Jhn6ehPq1kkUACGb5C1OS5_xfNClQ=mo;ok bgd;5;0;4.14.0;2025-12-09 03:21:20;Hi... Terima kasih atas review dan rating yang diberikan. Kami akan terus melakukan perbaikan dan penyempurnaan aplikasi Mobile JKN untuk memberikan kemudahan bagi peserta dan calon peserta JKN. Jika ada kendala, Anda dapat menghubungi Care Center BPJS Kesehatan melalui nomor 165 (24 jam). Terima kasih.;2025-12-11 06:53:00;4.14.0;;;;;;;
2a995598-a305-4e56-9c85-62cd6e0b7b9b;tua sidabutar;https://play-lh.googleusercontent.com/a-/ALV-UjVrhT4lB7RDaU8E_wJG9ynt-Kk_5RKBrgbTSm9zLYMVvdrJusxK;mudah;5;0;4.14.0;2025-12-09 03:17:33;Hi... Terima kasih atas review dan rating yang diberikan. Kami akan terus melakukan perbaikan dan penyempurnaan aplikasi Mobile JKN untuk memberikan kemudahan bagi peserta dan calon peserta JKN. Jika ada kendala, Anda dapat menghubungi Care Center BPJS Kesehatan melalui nomor 165 (24 jam). Terima kasih.;2025-12-11 06:54:02;4.14.0;;;;;;;
7e0198e7-31cc-47f0-a821-2bea3a8e367d;Siti Hotijah;https://play-lh.googleusercontent.com/a/ACg8ocKXtKE2pqNMM7qr3gZGdSArvXsFC3WcRzkMXNf6WCQ8UBBdoQ=mo;ini aplikasi gimana ya.. suka log out sendiri.. mau daftar antrian buat kontrol susah padahal rujukan sudah baru. kan capek harus log in terus. setelah coba log in gak bisa.. ngisi data sudah benar2. malah suruh mengulang2 terus.;2;0;4.14.0;2025-12-09 03:01:41;"Mohon maaf atas ketidaknyamanannya. Jika Anda sudah memiliki user Pengguna Mobile JKN, dapat langsung masuk/login dengan menginput NIK KTP dan password yang sudah didaftarkan. atau lakukan registrasi Pengguna Mobile JKN terlebih dahulu (jika belum terdaftar user Mobile JKN) dengan memilih ""Daftar"". Terima kasih.";2025-12-11 06:54:11;4.14.0;;;;;;;
7d6e4258-7f75-465b-93ad-12b1353fe958;Siti maani;https://play-lh.googleusercontent.com/a/ACg8ocKAwUcs9RyQkHWvUpDDFy3Fo9iR3uLvO_bwW5jSVs0E6rTXxw=mo;proses perubahan data cepat terima kasih;5;0;4.14.0;2025-12-09 02:57:30;Hi... Terima kasih atas review dan rating yang diberikan. Kami akan terus melakukan perbaikan dan penyempurnaan aplikasi Mobile JKN untuk memberikan kemudahan bagi peserta dan calon peserta JKN. Jika ada kendala, Anda dapat menghubungi Care Center BPJS Kesehatan melalui nomor 165 (24 jam). Terima kasih.;2025-12-11 06:54:05;4.14.0;;;;;;;
2b4de433-cc64-4ffd-a060-31fbc2e33e29;winarto teguh setiawan;https://play-lh.googleusercontent.com/a/ACg8ocJT73uBEIN6C-dgdosuPb4YRodJJBL3bA4g0kK2LDIMQPnQL6k=mo;Bagus banyak kemajuan dan sangat bermanfaat.;5;0;4.14.0;2025-12-09 02:40:07;Hi... Terima kasih atas review dan rating yang diberikan. Kami akan terus melakukan perbaikan dan penyempurnaan aplikasi Mobile JKN untuk memberikan kemudahan bagi peserta dan calon peserta JKN. Jika ada kendala, Anda dapat menghubungi Care Center BPJS Kesehatan melalui nomor 165 (24 jam). Terima kasih.;2025-12-11 06:54:28;4.14.0;;;;;;;
41767879-04f0-43c1-80b0-0836c98986be;Rahmad Alfajar;https://play-lh.googleusercontent.com/a/ACg8ocK1gNsCvE21lGH19ONp1XeGxogYHOqoy0I-mtZXxpgsNr6dxA=mo;akun sering keluar sendiri;1;0;4.14.0;2025-12-09 02:35:39;"Mohon maaf atas ketidaknyamanannya. Jika Anda sudah memiliki user Pengguna Mobile JKN, dapat langsung masuk/login dengan menginput NIK KTP dan password yang sudah didaftarkan. atau lakukan registrasi Pengguna Mobile JKN terlebih dahulu (jika belum terdaftar user Mobile JKN) dengan memilih ""Daftar"". Terima kasih.";2025-12-11 06:54:26;4.14.0;;;;;;;
972cf30c-ccb9-46e9-b15b-80ea0349972b;Hendrik tour;https://play-lh.googleusercontent.com/a-/ALV-UjV_NHRvrBJU8wae3GRkec_xdVX9KqTi8fJ0dY73g0aA35WcvE2wmA;mantap jaya;5;0;4.14.0;2025-12-09 02:30:30;Hi... Terima kasih atas review dan rating yang diberikan. Kami akan terus melakukan perbaikan dan penyempurnaan aplikasi Mobile JKN untuk memberikan kemudahan bagi peserta dan calon peserta JKN. Jika ada kendala, Anda dapat menghubungi Care Center BPJS Kesehatan melalui nomor 165 (24 jam). Terima kasih.;2025-12-11 06:54:18;4.14.0;;;;;;;
fce078d8-cae6-4f47-925a-9e231d5cf78e;ahmad razqa;https://play-lh.googleusercontent.com/a/ACg8ocI6dX3F4xhQFdlYLG2dZte9dXXVyUi6vvjlKpgGVMUVo3_VhQ=mo;nice pertahankan jgn berhenti ditengah jalan, kebiasaan pemerintah ganti pimpinan ganti aplikasi, kalo sudah bagus lanjutkan dan lebih dilengkapi dan di tingkatkan kecepatan servernya agar makin baik aplikasinya;5;0;;2025-12-09 02:26:59;Hi... Terima kasih atas review dan rating yang diberikan. Kami akan terus melakukan perbaikan dan penyempurnaan aplikasi Mobile JKN untuk memberikan kemudahan bagi peserta dan calon peserta JKN. Jika ada kendala, Anda dapat menghubungi Care Center BPJS Kesehatan melalui nomor 165 (24 jam). Terima kasih.;2025-12-11 06:54:21;;;;;;;;
09e91102-96f9-4d25-a997-f23d8cee2297;Syifa Norsabrina;https://play-lh.googleusercontent.com/a-/ALV-UjVpGSlkPOwQV9G1Qmn3WW6HOXYrW6pLUvVqgGCBftR1IWT8BFnb;semoga kedepan nya makin lancar;5;0;4.14.0;2025-12-09 02:23:35;Hi... Terima kasih atas review dan rating yang diberikan. Kami akan terus melakukan perbaikan dan penyempurnaan aplikasi Mobile JKN untuk memberikan kemudahan bagi peserta dan calon peserta JKN. Jika ada kendala, Anda dapat menghubungi Care Center BPJS Kesehatan melalui nomor 165 (24 jam). Terima kasih.;2025-12-11 06:54:22;4.14.0;;;;;;;
4aa52a19-0e5e-4492-936b-5fe86c0ed999;Benk Romle;https://play-lh.googleusercontent.com/a-/ALV-UjX4H12jS1ARvHTZJP5OOtf0tysyKI7iJznS7qnQzy1uIgfvXfXD;abis di update... log-in ulang lagi.. di login GK bisa ... pakai lupa sandi ..no verifikasi gak di kirim.. coba hari berikutnya sama aja .. Ampe sekarang masih gak bisa.. pakai cara apalagi supaya bisa log- in;1;0;;2025-12-09 02:17:26;Mohon maaf atas ketidaknyamanannya. Jika Anda memilih metode verifikasi menggunakan nomor HP pastikan jaringan baik dan nomor HP yang terdaftar adalah nomor HP prabayar yang aktif dengan pulsa yang mencukupi agar kode OTP dapat masuk. Terima kasih.;2025-12-11 06:54:39;;;;;;;;
06a2d3c6-5576-4e9d-b5b5-4ebb1fb46e67;Antonio Antonio;https://play-lh.googleusercontent.com/a-/ALV-UjXp5AhHdfaqeplogsbhutezRr2Qb9TkWDhVqEbvsM44Gi5maHY;Alhamdulillah semakin mudah dan semakin terbantu berkat adanya mobile jkn periksa lebih gampang, banyak informasi nya juga terima kasih jkn 🙏👍👍👍👍👍👍🔥🔥🔥🔥;5;0;4.14.0;2025-12-09 02:11:37;Hi... Terima kasih atas review dan rating yang diberikan. Kami akan terus melakukan perbaikan dan penyempurnaan aplikasi Mobile JKN untuk memberikan kemudahan bagi peserta dan calon peserta JKN. Jika ada kendala, Anda dapat menghubungi Care Center BPJS Kesehatan melalui nomor 165 (24 jam). Terima kasih.;2025-12-11 06:54:55;4.14.0;;;;;;;
3bad1304-908d-4bd5-bb14-aa08c1243671;Riko Adhilaksono;https://play-lh.googleusercontent.com/a-/ALV-UjWrYiMrQYu8ExhcJrExScu8-AljiDb_2stv7iQiii6qRFE2oC4r;KENAPA TIBA-TIBA LOGOUT, APLIKASI RIBET, KEBANYAKAN CHAPTA!!!!!;1;0;4.14.0;2025-12-09 01:56:18;"Mohon maaf atas ketidaknyamanannya. Jika Anda sudah memiliki user Pengguna Mobile JKN, dapat langsung masuk/login dengan menginput NIK KTP dan password yang sudah didaftarkan. atau lakukan registrasi Pengguna Mobile JKN terlebih dahulu (jika belum terdaftar user Mobile JKN) dengan memilih ""Daftar"". Terima kasih.";2025-12-11 06:56:27;4.14.0;;;;;;;
3c5701cc-c454-4a39-903e-c5c53efedd15;Mar Niani;https://play-lh.googleusercontent.com/a/ACg8ocJN6AX4ZQcOIw5UGA8lw1jTMWMVz-qRgCL9XuM51a1mgsu5nA=mo;sangat membantu;5;0;4.14.0;2025-12-09 01:54:51;Hi... Terima kasih atas review dan rating yang diberikan. Kami akan terus melakukan perbaikan dan penyempurnaan aplikasi Mobile JKN untuk memberikan kemudahan bagi peserta dan calon peserta JKN. Jika ada kendala, Anda dapat menghubungi Care Center BPJS Kesehatan melalui nomor 165 (24 jam). Terima kasih.;2025-12-11 06:55:53;4.14.0;;;;;;;
5d69790f-9928-4f5f-9a47-dcaa37a75f00;Cup Cup;https://play-lh.googleusercontent.com/a-/ALV-UjXwpdBFSmx2Im5QQDY9EElmHtxIqUsqkQkc-g6UiGNdf24-nKKh;seperti aplikasi pemerintah pada umumnya, TIDAK cepat, TIDAK lancar, sering TIDAK berhasil input data tidak bisa daftar online sudah 1 Minggu lebih, dengan keterangan kuota penuh, sudah dipastikan di klinik yg saya tuju, masih kosong pendaftaran atau kuota tersedia, anak saya sedang tambal gigi, padahal tambalan sementara harus di lepas tapi ternyata gak bisa daftar online dan kejadian ini tidak hanya di M JKN saya, keluarga lain juga mengalami hal sama, ayolah;1;0;4.14.0;2025-12-09 01:52:25;Mohon maaf atas ketidaknyamanannya. Untuk kenyamanan dan keamanan dalam mendapatkan informasi dan menyampaikan pengaduan terkait program JKN-KIS, mohon dapat menyampaikan data identitas Anda melalui Care Center 165 (24 Jam) atau fitur “Pengaduan Layanan JKN” pada Mobile JKN. Terima kasih.;2025-12-11 06:57:18;4.14.0;;;;;;;
4818da58-402c-4d4e-a663-6442192aa4e0;ZONA GAMES;https://play-lh.googleusercontent.com/a-/ALV-UjUy9f3Yu3RKDWqbfTCjkHPD0dtypSoAqJ4lL15OHXppx__Al18;tidak bisa masuk, aplikasi parah;1;0;;2025-12-09 01:47:00;"Mohon maaf atas ketidaknyamanannya. Jika Anda sudah memiliki user Pengguna Mobile JKN, dapat langsung masuk/login dengan menginput NIK KTP dan password yang sudah didaftarkan. atau lakukan registrasi Pengguna Mobile JKN terlebih dahulu (jika belum terdaftar user Mobile JKN) dengan memilih ""Daftar"". Terima kasih.";2025-12-11 06:56:55;;;;;;;;
b3ed5894-7218-4be8-be1b-fb91dd34e7ce;Bakubaba Well;https://play-lh.googleusercontent.com/a/ACg8ocKFAOfosvnw2vO0jQhXEI1Qi44DSJWi4L5lTfJrIUfq0OnH1g=mo;ok mantap;5;0;;2025-12-09 01:44:25;Hi... Terima kasih atas review dan rating yang diberikan. Kami akan terus melakukan perbaikan dan penyempurnaan aplikasi Mobile JKN untuk memberikan kemudahan bagi peserta dan calon peserta JKN. Jika ada kendala, Anda dapat menghubungi Care Center BPJS Kesehatan melalui nomor 165 (24 jam). Terima kasih.;2025-12-11 06:55:54;;;;;;;;
a5f7da65-ae63-4bb0-835d-ebc74558f014;Muhammad Abidin;https://play-lh.googleusercontent.com/a/ACg8ocI00t-d8f7WdEMxbblgyvhn_E5C-2kf0bmxG1myzJqKW92rGg=mo;mantap;5;0;4.14.0;2025-12-09 01:44:05;Hi... Terima kasih atas review dan rating yang diberikan. Kami akan terus melakukan perbaikan dan penyempurnaan aplikasi Mobile JKN untuk memberikan kemudahan bagi peserta dan calon peserta JKN. Jika ada kendala, Anda dapat menghubungi Care Center BPJS Kesehatan melalui nomor 165 (24 jam). Terima kasih.;2025-12-11 06:55:56;4.14.0;;;;;;;
ae5d7e71-6a2a-4f9d-9e24-09001315b9d8;Paul Suprayitno;https://play-lh.googleusercontent.com/a-/ALV-UjVqC_FK44oQ8UzqkX5b9hg6psguUQRNEdD5OJkEQOMr5ssoBS8;sangat membantu;5;0;4.14.0;2025-12-09 01:38:12;Hi... Terima kasih atas review dan rating yang diberikan. Kami akan terus melakukan perbaikan dan penyempurnaan aplikasi Mobile JKN untuk memberikan kemudahan bagi peserta dan calon peserta JKN. Jika ada kendala, Anda dapat menghubungi Care Center BPJS Kesehatan melalui nomor 165 (24 jam). Terima kasih.;2025-12-11 06:56:57;4.14.0;;;;;;;
66174cc4-27a4-4802-8c57-0f2dcf1c1c57;Sherina Yul;https://play-lh.googleusercontent.com/a/ACg8ocIbJj3dmQ6jwIA8VnEFFkJTqrOWtR-n9EkDxIE-RzT1bsaDVg=mo;sangat membantu saat menjalani perawatan;5;0;4.14.0;2025-12-09 01:29:38;Hi... Terima kasih atas review dan rating yang diberikan. Kami akan terus melakukan perbaikan dan penyempurnaan aplikasi Mobile JKN untuk memberikan kemudahan bagi peserta dan calon peserta JKN. Jika ada kendala, Anda dapat menghubungi Care Center BPJS Kesehatan melalui nomor 165 (24 jam). Terima kasih.;2025-12-11 06:56:04;4.14.0;;;;;;;
cd7b9135-af3a-4441-81dd-4787bb12ccf0;Dori Doridorine;https://play-lh.googleusercontent.com/a/ACg8ocJR1aYfUjRkA5ZE3zAZq336v6aPYSGKcromDcwOhlSfn3BijQ=mo;Kenapa ya susah banget ngirim kode otp doang. Trs ga ada kah pengaturan yang ngatur buat ganti nomer hp atau gmail. Tolonglah binding aplikasi ini sama gmail atau aplikasi lain tuh harus ada biar ga nyusahin jangan pas bikin akun doang 🤦‍♀️;1;0;;2025-12-09 01:27:25;Mohon maaf atas ketidaknyamanannya. Jika Anda memilih metode verifikasi menggunakan nomor HP pastikan jaringan baik dan nomor HP yang terdaftar adalah nomor HP prabayar yang aktif dengan pulsa yang mencukupi agar kode OTP dapat masuk. Terima kasih.;2025-12-11 06:57:07;;;;;;;;
d72f55f8-07fc-4896-a0a4-0f872fbcdfb7;FARID DIMYATI Sudarto;https://play-lh.googleusercontent.com/a-/ALV-UjXCO7WuyzAeyDKFVnfd-B8BswoYRSnM7PLMVHau9pSFT1bbvuA;pelayanannya bagus;5;0;4.14.0;2025-12-09 01:24:51;Hi... Terima kasih atas review dan rating yang diberikan. Kami akan terus melakukan perbaikan dan penyempurnaan aplikasi Mobile JKN untuk memberikan kemudahan bagi peserta dan calon peserta JKN. Jika ada kendala, Anda dapat menghubungi Care Center BPJS Kesehatan melalui nomor 165 (24 jam). Terima kasih.;2025-12-11 07:13:22;4.14.0;;;;;;;
9c088932-1056-4e1f-b34f-598d1bcdb202;Er nik;https://play-lh.googleusercontent.com/a-/ALV-UjWl7xFcWkj7nf7oNf2WB8av7MbCuPCnfxDBfq2NPG7Z3wMSuAfd;mudah praktis aman untuk melakukan perubahan data secara online terimakasih;5;0;4.14.0;2025-12-09 01:23:56;Hi... Terima kasih atas review dan rating yang diberikan. Kami akan terus melakukan perbaikan dan penyempurnaan aplikasi Mobile JKN untuk memberikan kemudahan bagi peserta dan calon peserta JKN. Jika ada kendala, Anda dapat menghubungi Care Center BPJS Kesehatan melalui nomor 165 (24 jam). Terima kasih.;2025-12-11 07:13:19;4.14.0;;;;;;;
3fd143e4-246c-4c78-9c90-195bbe1a1dd3;Alex Fila;https://play-lh.googleusercontent.com/a-/ALV-UjU6aen7gcd25nF1PK9tOb6bTkXGx_TuIZu9FiZtiLkMhvSSsog;sangat memudahkan untuk ambil antrian;5;0;4.14.0;2025-12-09 01:16:33;Hi... Terima kasih atas review dan rating yang diberikan. Kami akan terus melakukan perbaikan dan penyempurnaan aplikasi Mobile JKN untuk memberikan kemudahan bagi peserta dan calon peserta JKN. Jika ada kendala, Anda dapat menghubungi Care Center BPJS Kesehatan melalui nomor 165 (24 jam). Terima kasih.;2025-12-11 07:13:16;4.14.0;;;;;;;
a1dac128-897d-4bc2-afdd-0492585f13af;N R;https://play-lh.googleusercontent.com/a/ACg8ocIyVoV7xmw_Z66L6rnRH2ERbu3tNKAwmc5KqceQKuiWmJ5JFYVn=mo;tambah ke sini tambah ribet tiap mau buka aplikasi harus login ulang bahkan sering gagal;1;0;4.14.0;2025-12-09 01:03:22;"Mohon maaf atas ketidaknyamanannya. Jika Anda sudah memiliki user Pengguna Mobile JKN, dapat langsung masuk/login dengan menginput NIK KTP dan password yang sudah didaftarkan. atau lakukan registrasi Pengguna Mobile JKN terlebih dahulu (jika belum terdaftar user Mobile JKN) dengan memilih ""Daftar"". Terima kasih.";2025-12-11 07:13:31;4.14.0;;;;;;;
9c81910f-9cab-43b2-bda6-67108d068beb;Novi Astuti;https://play-lh.googleusercontent.com/a-/ALV-UjUppG7lK8i8bN_I2QdNTU0egJ1T4rYqhMBIcFDCGLh1o7f0Bjg;bagus;5;0;4.14.0;2025-12-09 00:43:44;Hi... Terima kasih atas review dan rating yang diberikan. Kami akan terus melakukan perbaikan dan penyempurnaan aplikasi Mobile JKN untuk memberikan kemudahan bagi peserta dan calon peserta JKN. Jika ada kendala, Anda dapat menghubungi Care Center BPJS Kesehatan melalui nomor 165 (24 jam). Terima kasih.;2025-12-11 07:13:13;4.14.0;;;;;;;
96bf0ad3-a351-4ca6-8fef-c0660147668c;Irwan 31;https://play-lh.googleusercontent.com/a-/ALV-UjWKWtth_CNEFSFABg55mR3sMBz-jaewMpeLoxrMArC5M7aJbUA;aneh sekali aplikasi mobile JKN ini, mau log in eh akun gak terdaftar, terus daftar pemberitahuannya akun sdh terdaftar, coba log in lagi malah tidak terdaftar..! bukannya dipermudah malah dipersulit!;1;0;;2025-12-09 00:01:30;"Mohon maaf atas ketidaknyamanannya. Jika Anda sudah memiliki user Pengguna Mobile JKN, dapat langsung masuk/login dengan menginput NIK KTP dan password yang sudah didaftarkan. atau lakukan registrasi Pengguna Mobile JKN terlebih dahulu (jika belum terdaftar user Mobile JKN) dengan memilih ""Daftar"". Terima kasih.";2025-12-11 07:13:36;;;;;;;;
e0fc2b3c-04ac-4be0-80c7-98149c1ce228;rahmadani wadiah;https://play-lh.googleusercontent.com/a-/ALV-UjXfaIXi7Vn2LOg39PjyrJgOQE6n9O8odR_uxfF1Ba7cg8dViPs;heran suka banget log out sendiri mau log in lagi lupa salah mulu password nya. ga bisa log in! capek!;5;0;;2025-12-08 23:38:08;Hi... Terima kasih atas review dan rating yang diberikan. Kami akan terus melakukan perbaikan dan penyempurnaan aplikasi Mobile JKN untuk memberikan kemudahan bagi peserta dan calon peserta JKN. Jika ada kendala, Anda dapat menghubungi Care Center BPJS Kesehatan melalui nomor 165 (24 jam). Terima kasih.;2025-12-11 07:13:09;;;;;;;;
cc6b3c8d-dd5f-4261-8c66-29b698af2731;Kartini Silitonga;https://play-lh.googleusercontent.com/a/ACg8ocIPD1ttLBSNDSSi80ljVLd43M3tbHLCjW8PXR-E47V6F63blQ=mo;simple;5;0;4.14.0;2025-12-08 23:17:20;Hi... Terima kasih atas review dan rating yang diberikan. Kami akan terus melakukan perbaikan dan penyempurnaan aplikasi Mobile JKN untuk memberikan kemudahan bagi peserta dan calon peserta JKN. Jika ada kendala, Anda dapat menghubungi Care Center BPJS Kesehatan melalui nomor 165 (24 jam). Terima kasih.;2025-12-11 07:15:00;4.14.0;;;;;;;
8212c5a5-84de-498c-af59-4145bcb51699;Diah Milawati;https://play-lh.googleusercontent.com/a/ACg8ocIBcRRWYJc3GMxHiaQPM_I_JXUXAXsdEIW4jOnVdhhIaTQQqg=mo;cukup unt.memudahkan urusan dlm kesehatan. meringankan dlm antrian pemeriksaan dll;4;0;4.12.0;2025-12-08 23:17:01;Hi... Terima kasih atas review dan rating yang diberikan. Kami akan terus melakukan perbaikan dan penyempurnaan aplikasi Mobile JKN untuk memberikan kemudahan bagi peserta dan calon peserta JKN. Jika ada kendala, Anda dapat menghubungi Care Center BPJS Kesehatan melalui nomor 165 (24 jam). Terima kasih.;2025-12-11 07:15:00;4.12.0;;;;;;;
42654e0f-f15e-45aa-adc5-1867018fc9ee;Johanes A.S. Meokbun;https://play-lh.googleusercontent.com/a-/ALV-UjXhOCPgTGJC5FXh7WZGmzoJuYYcZVNF8xJHZRpeJ8Kiw5oKkNgL;Punya saya kenapa waktu mau ambil antrian tulisannya invalid-F1, terima kasih;3;0;4.14.0;2025-12-08 22:52:58;Mohon maaf atas ketidaknyamanannya. Untuk kenyamanan dan keamanan dalam mendapatkan informasi dan menyampaikan pengaduan terkait program JKN-KIS, mohon dapat menyampaikan data identitas Anda melalui Care Center 165 (24 Jam) atau fitur “Pengaduan Layanan JKN” pada Mobile JKN. Terima kasih.;2025-12-11 07:15:12;4.14.0;;;;;;;
583770fc-dfcb-492e-8bc4-2eb3b1cf194e;Yasin Yasin;https://play-lh.googleusercontent.com/a-/ALV-UjXVBTeurAg3XldsoI7FFBgUiFT2y7l7bjHYbvwzz4fSVAsLRcU6;okeh;5;0;4.14.0;2025-12-08 22:47:44;Hi... Terima kasih atas review dan rating yang diberikan. Kami akan terus melakukan perbaikan dan penyempurnaan aplikasi Mobile JKN untuk memberikan kemudahan bagi peserta dan calon peserta JKN. Jika ada kendala, Anda dapat menghubungi Care Center BPJS Kesehatan melalui nomor 165 (24 jam). Terima kasih.;2025-12-11 07:14:57;4.14.0;;;;;;;
65d53164-0206-4d4a-a9dc-e5a707e7cedf;rachmat firdaus;https://play-lh.googleusercontent.com/a-/ALV-UjVBtcDI5UYyUSpTQQ3mn0jZ9HaS7dFkkP8AkH6ZEHkTG7hpojc;isi nik udah bener di bilang salah memasukan nik sudah 2 x...gimana ini teh mau log in;1;0;;2025-12-08 22:46:00;Mohon maaf atas ketidaknyamanannya. Terkait kendala yang dialami, Anda dapat menyampaikan kendala dengan melampirkan tangkapan layar/video dengan device lain ke alamat email : carecenter@bpjs-kesehatan.go.id untuk kemudahan proses tindak lanjut. Terima kasih.;2025-12-11 07:14:39;;;;;;;;
1992d64c-5a25-4bb0-ae39-c441e33d2c38;marlina giovani;https://play-lh.googleusercontent.com/a-/ALV-UjUhcuICRWJ46LHu963FxnAKGhZIte9Y7ArkNMMlLS5aL4AZcLNu;Guamah gak paham sama mobile jkn ini.. Bener2 susah bgt mau daftar lagi dengan cara pilih lupa kata sandi, daftar pakai nomor hp malah gak masuk2 kode verifikasinya. Nyebelin ini bener2 mobile jkn;1;0;4.14.0;2025-12-08 22:04:01;Mohon maaf atas ketidaknyamanannya. Jika Anda memilih metode verifikasi menggunakan nomor HP pastikan jaringan baik dan nomor HP yang terdaftar adalah nomor HP prabayar yang aktif dengan pulsa yang mencukupi agar kode OTP dapat masuk. Terima kasih.;2025-12-11 07:15:27;4.14.0;;;;;;;
92912185-3851-4457-8dd1-f469fe5b9d87;Budi Ambon;https://play-lh.googleusercontent.com/a-/ALV-UjVVU8Z55-OjLGRK490kJqJZqvfdslBTh6C_6gBeOsLVfGlG3GwJ;aplikasi sering eror dan sulit masuk;1;0;4.14.0;2025-12-08 21:45:39;"Mohon maaf atas ketidaknyamanannya. Jika Anda sudah memiliki user Pengguna Mobile JKN, dapat langsung masuk/login dengan menginput NIK KTP dan password yang sudah didaftarkan. atau lakukan registrasi Pengguna Mobile JKN terlebih dahulu (jika belum terdaftar user Mobile JKN) dengan memilih ""Daftar"". Terima kasih.";2025-12-11 07:15:38;4.14.0;;;;;;;
5fbd041e-b6ea-4b32-95c9-5fbba4fb5281;Robiyati 1962;https://play-lh.googleusercontent.com/a/ACg8ocJ-mxnDKOBoOvvFhIXYLHAEQoAD-kwTi4-qBAP_4EGPw2ZWrw=mo;Mobil jkn lebih enak dan mudah.;5;0;;2025-12-08 21:18:47;Hi... Terima kasih atas review dan rating yang diberikan. Kami akan terus melakukan perbaikan dan penyempurnaan aplikasi Mobile JKN untuk memberikan kemudahan bagi peserta dan calon peserta JKN. Jika ada kendala, Anda dapat menghubungi Care Center BPJS Kesehatan melalui nomor 165 (24 jam). Terima kasih.;2025-12-11 07:14:53;;;;;;;;
069c784a-b37c-40fd-a967-f07a424a7e29;d_ Rain;https://play-lh.googleusercontent.com/a-/ALV-UjXzGoGGT3IEiIGIb0bhuHtwI1t3yLNe458uOqhVrOMaZN1c1-w;tolong sistem lupa password nya di perbaiki, nomor verifikasi menuju sms dan email tidak muncul sama sekali padahal jaringan lancar, dan waktu pengiriman ulang nya 300 detik terlalu lama;1;0;4.14.0;2025-12-08 20:59:18;Mohon maaf atas ketidaknyamanannya. Jika Anda memilih metode verifikasi menggunakan nomor HP pastikan jaringan baik dan nomor HP yang terdaftar adalah nomor HP prabayar yang aktif dengan pulsa yang mencukupi agar kode OTP dapat masuk. Terima kasih.;2025-12-11 07:15:44;4.14.0;;;;;;;
10d8bf99-6238-4788-be4c-32f4829b30d7;Rishanda Danny Vilda;https://play-lh.googleusercontent.com/a-/ALV-UjXg5IwjHImr8k88Evo2Nh3uGcj0CGojQgjbSyB-_tad4AC2-w;ok;5;0;4.14.0;2025-12-08 20:04:20;Hi... Terima kasih atas review dan rating yang diberikan. Kami akan terus melakukan perbaikan dan penyempurnaan aplikasi Mobile JKN untuk memberikan kemudahan bagi peserta dan calon peserta JKN. Jika ada kendala, Anda dapat menghubungi Care Center BPJS Kesehatan melalui nomor 165 (24 jam). Terima kasih.;2025-12-11 07:14:52;4.14.0;;;;;;;
288cf13f-7ec6-43b9-8681-33e8b3e3bc41;kabul sukri;https://play-lh.googleusercontent.com/a-/ALV-UjVbmf9E-x4RYDxpghjRT-2fIHFYoFs4zWjn6aMR4-nex5bvv3EJ;pengalaman adalah guru terbaik;5;0;4.14.0;2025-12-08 19:46:13;Hi... Terima kasih atas review dan rating yang diberikan. Kami akan terus melakukan perbaikan dan penyempurnaan aplikasi Mobile JKN untuk memberikan kemudahan bagi peserta dan calon peserta JKN. Jika ada kendala, Anda dapat menghubungi Care Center BPJS Kesehatan melalui nomor 165 (24 jam). Terima kasih.;2025-12-11 07:17:42;4.14.0;;;;;;;
9701f18e-0920-46e1-a0bf-9207547c54a1;Yudih Kurnia;https://play-lh.googleusercontent.com/a/ACg8ocJxUjrq0HTi_hbU9DJowflwi3SrHwEI96fpwfmg7AdgiemOicPS=mo;susahnya ganti nomor hp sampai kontrol RS saja terlewat gara ² gak bisa masuk lupa password...;4;0;4.14.0;2025-12-08 19:04:37;Mohon maaf atas ketidaknyamanannya. Terkait kendala tersebut, mohon dapat melakukan pendaftaran nomor handphone melalui Care Center BPJS Kesehatan melalui nomor 165 (24 jam) atau melalui email : carecenter@bpjs-kesehatan.go.id untuk kemudahan proses tindak lanjut. Terima kasih.;2025-12-11 07:17:35;4.14.0;;;;;;;
bdaed85c-99e0-4b48-84e9-5251e6f6815a;Dewa Nyoman Sukarma;https://play-lh.googleusercontent.com/a-/ALV-UjWGaZMYL_ay01ad9zONjd-gA8NQGLF5WbbTu5P3bhBYtykDt7p-;Aplikasi yang sangat membantu dan mudah digunakan;5;0;4.14.0;2025-12-08 18:57:28;Hi... Terima kasih atas review dan rating yang diberikan. Kami akan terus melakukan perbaikan dan penyempurnaan aplikasi Mobile JKN untuk memberikan kemudahan bagi peserta dan calon peserta JKN. Jika ada kendala, Anda dapat menghubungi Care Center BPJS Kesehatan melalui nomor 165 (24 jam). Terima kasih.;2025-12-11 07:17:45;4.14.0;;;;;;;
68205557-ad44-45f3-a5c9-f86324ebacdf;kang kopi imut;https://play-lh.googleusercontent.com/a/ACg8ocIdEP6-YE3-2lfXqcY4G3HU-I0xsO7ZlGqzih_ER0GEvBVbKg=mo;parah kartu ada bulanan nggak pernah nunggak kok tiba 2 saya tidak terdaftar kacau2;1;0;4.14.0;2025-12-08 16:46:48;Mohon maaf atas ketidaknyamanannya. Untuk kenyamanan dan keamanan dalam mendapatkan informasi dan menyampaikan pengaduan terkait program JKN-KIS, mohon dapat menyampaikan data identitas Anda melalui Care Center 165 (24 Jam) atau fitur “Pengaduan Layanan JKN” pada Mobile JKN. Terima kasih.;2025-12-11 07:18:33;4.14.0;;;;;;;
c9ce0bbe-749d-4574-b600-0b7a078474a6;Bimo Prakoso;https://play-lh.googleusercontent.com/a/ACg8ocK2jPkYzPgnV0lmPogQp3TO3YnJGyhAhvl5RH3sZykYCuVaAA=mo;aplikasi lemot, aplikasi sering log out tapi ga bisa login lagi. kirim kode otp via sms ga ada sms masuk samsek, kirim kode otp via email tapi email tidak terdaftar padahal sudah pernah login pake email. di suruh pake aplikasi tapi aplikasinya busuk banget. ketika dibutuhkan malah aplikasi eror, kalau urgent gimana dong;1;0;4.14.0;2025-12-08 15:36:00;Mohon maaf atas ketidaknyamanannya. Jika Anda memilih metode verifikasi menggunakan nomor HP pastikan jaringan baik dan nomor HP yang terdaftar adalah nomor HP prabayar yang aktif dengan pulsa yang mencukupi agar kode OTP dapat masuk. Terima kasih.;2025-12-11 07:16:51;4.14.0;;;;;;;
e038a674-d233-47d2-bb20-06277ccee25f;Azhar Mustaqim;https://play-lh.googleusercontent.com/a-/ALV-UjXWODa-18-QHjeJ0pjt8EXinO_OOiKJZzi34xA7mw6JkjoJvz-i;mudah penggunaan nya;5;0;4.14.0;2025-12-08 15:30:37;Hi... Terima kasih atas review dan rating yang diberikan. Kami akan terus melakukan perbaikan dan penyempurnaan aplikasi Mobile JKN untuk memberikan kemudahan bagi peserta dan calon peserta JKN. Jika ada kendala, Anda dapat menghubungi Care Center BPJS Kesehatan melalui nomor 165 (24 jam). Terima kasih.;2025-12-11 07:18:44;4.14.0;;;;;;;
67aedc17-fe46-472a-8e12-b80f2cb8cd7c;Siti Komariah;https://play-lh.googleusercontent.com/a/ACg8ocJr-u72oWb9SfNyhEejU4DSKJ1rMcYfq7cDV0WUxf31xYOy3Q=mo;ok;5;0;4.14.0;2025-12-08 15:28:16;Hi... Terima kasih atas review dan rating yang diberikan. Kami akan terus melakukan perbaikan dan penyempurnaan aplikasi Mobile JKN untuk memberikan kemudahan bagi peserta dan calon peserta JKN. Jika ada kendala, Anda dapat menghubungi Care Center BPJS Kesehatan melalui nomor 165 (24 jam). Terima kasih.;2025-12-11 07:18:43;4.14.0;;;;;;;
2fc0b86e-3dbc-40bf-a93b-069d83a54133;dao lang;https://play-lh.googleusercontent.com/a-/ALV-UjXGQ0Nuj_Jdzl6jhPlZ2ILL8QBldkOBF4xGV0cU3blC8Xf3PQb2;sangat bobrok aplikasi jkn indonesia. bermasalah terus menerus. pelayanan sangat kecewa sekali. korupsi besar besaran aplikasinya saja bobrok apalagi pelayanan masyahrakat tidak di perbaiki. untuk apa ada aplikasi jkn kalo gak bisa di gunakan aplikasinya. bagai mana dengan pekerja yg sedang sakit yg membutuhkan bukti riwayat berobat untuk di berikan bukti ke perusahaan. jika tidak di lampirkan maka kami di potong gaji 1 hk. aplikasi bukan membantu malah menyusahkan saja.;1;0;4.14.0;2025-12-08 15:21:25;"Mohon maaf atas ketidaknyamanannya. Jika Anda sudah memiliki user Pengguna Mobile JKN, dapat langsung masuk/login dengan menginput NIK KTP dan password yang sudah didaftarkan. atau lakukan registrasi Pengguna Mobile JKN terlebih dahulu (jika belum terdaftar user Mobile JKN) dengan memilih ""Daftar"". Terima kasih.";2025-12-11 07:17:08;4.14.0;;;;;;;
9cad28a7-fb4f-44a0-978c-bcf5a51ca76e;Rofa;https://play-lh.googleusercontent.com/a-/ALV-UjUfGVjcDKn3CMO8Vy6dZP4w3YHqSNIf1or8_YXdhTw79dOOEjE;saya mau bayar tunggakan, tapi ribet poll, udh pernah daftar hrs dftr lagi, trs mau masuk hrs langsung dihubungin ke autodebit, padahal kan saya mau benerin data dulu, byk yg blm disesuaikan. Mau chatt cs lewat mana ya?, jgn yg wa biasa krn itu bot/template semua, maunya sama org langsung yg solutif. proses autodebit juga ga selesai2, capek ngulangnya, mau pake nonbank jg katanya email tdk sesuai format, aneh!. suruh bikin pengaduan by jkn, orang LOGIN AJA BELUM! gimana caranya?, KOCAK;1;0;4.14.0;2025-12-08 15:09:09;Mohon maaf atas ketidaknyamanannya. Untuk kenyamanan dan keamanan dalam mendapatkan informasi dan menyampaikan pengaduan terkait program JKN-KIS, mohon dapat menyampaikan data identitas Anda melalui Care Center 165 (24 Jam) atau fitur “Pengaduan Layanan JKN” pada Mobile JKN. Terima kasih.;2025-02-20 03:10:02;4.14.0;;;;;;;
04ab0cd6-8492-4ec4-9206-b1622c162eaf;Firman Simanjuntak;https://play-lh.googleusercontent.com/a-/ALV-UjWe5-6JZz2O_u3687LJP9HSoTaw9IJMA2MNaX3hrnmFVM2osR40;mantap sangat membantu;5;0;;2025-12-08 15:07:27;Hi... Terima kasih atas review dan rating yang diberikan. Kami akan terus melakukan perbaikan dan penyempurnaan aplikasi Mobile JKN untuk memberikan kemudahan bagi peserta dan calon peserta JKN. Jika ada kendala, Anda dapat menghubungi Care Center BPJS Kesehatan melalui nomor 165 (24 jam). Terima kasih.;2025-12-11 07:20:19;;;;;;;;
e678f2a0-9623-4ae2-bf0e-988fadae3263;Firma Setiadi;https://play-lh.googleusercontent.com/a/ACg8ocKBVece_-mcANsQIqpn2uV0MxAdKWCWFc_LvYpb8m24DYoOtw=mo;bagus mudah di pergunakan;5;0;4.14.0;2025-12-08 15:06:13;Hi... Terima kasih atas review dan rating yang diberikan. Kami akan terus melakukan perbaikan dan penyempurnaan aplikasi Mobile JKN untuk memberikan kemudahan bagi peserta dan calon peserta JKN. Jika ada kendala, Anda dapat menghubungi Care Center BPJS Kesehatan melalui nomor 165 (24 jam). Terima kasih.;2025-12-11 07:20:19;4.14.0;;;;;;;
1c784a3c-d54f-49dc-9490-73ef2ce39954;Feri97 Feri;https://play-lh.googleusercontent.com/a/ACg8ocJG3B5sJPAyzREEHgwHQB1p9UqKSdRGDDGQv0vUqRaDITbAwQ=mo;saya lupa pasport dan email susah banget masuk nya mohon di permudah cari cara lain agar bisa masuk;1;0;4.14.0;2025-12-08 15:03:18;Mohon maaf atas ketidaknyamanannya. Terkait kendala tersebut, mohon agar dapat memastikan kombinasi kata sandi yang dimasukkan. Jika masih terdapat kesalahan, dapat kami sarankan agar Bapak/Ibu memilih menu “Lupa Kata Sandi”. Selanjutnya masukkan Nomor Induk Kependudukan dan Captcha. Terima kasih.;2025-12-11 07:20:29;4.14.0;;;;;;;
7ade830f-84e9-489a-8c15-dd15be8b5a1c;Zukruf Nanda kresna;https://play-lh.googleusercontent.com/a/ACg8ocKhyk6U26yL3K-bsTicz6FsFeOE83rROvQQ7l4H1yBELNh8FQ=mo;bagus;5;0;4.14.0;2025-12-08 15:01:27;Hi... Terima kasih atas review dan rating yang diberikan. Kami akan terus melakukan perbaikan dan penyempurnaan aplikasi Mobile JKN untuk memberikan kemudahan bagi peserta dan calon peserta JKN. Jika ada kendala, Anda dapat menghubungi Care Center BPJS Kesehatan melalui nomor 165 (24 jam). Terima kasih.;2025-12-11 07:20:33;4.14.0;;;;;;;
b4139ce5-5369-47df-bc42-9ff677945668;Rena Azizah;https://play-lh.googleusercontent.com/a-/ALV-UjVf9kkxRgYmyPIJOAuf4LXL5Zu625RVb6VMaf2lynf-gpNJ36Q;cepat;5;0;4.14.0;2025-12-08 14:57:26;Hi... Terima kasih atas review dan rating yang diberikan. Kami akan terus melakukan perbaikan dan penyempurnaan aplikasi Mobile JKN untuk memberikan kemudahan bagi peserta dan calon peserta JKN. Jika ada kendala, Anda dapat menghubungi Care Center BPJS Kesehatan melalui nomor 165 (24 jam). Terima kasih.;2025-12-11 07:20:13;4.14.0;;;;;;;
9de17a8b-0a28-4949-bc91-097987d77c07;Idris Nuril;https://play-lh.googleusercontent.com/a-/ALV-UjXV11krwrJ4bKvKrGqnJzXd2ioiJvbD-3UtnUxIno4eQBHmiTR4;aplikasi yang wajib di instal karena sangat membantu;5;0;4.14.0;2025-12-08 14:43:44;Hi... Terima kasih atas review dan rating yang diberikan. Kami akan terus melakukan perbaikan dan penyempurnaan aplikasi Mobile JKN untuk memberikan kemudahan bagi peserta dan calon peserta JKN. Jika ada kendala, Anda dapat menghubungi Care Center BPJS Kesehatan melalui nomor 165 (24 jam). Terima kasih.;2025-12-11 07:20:15;4.14.0;;;;;;;
e77bda07-30b3-4c4b-857b-bae8d0df34b5;Heri setiawan;https://play-lh.googleusercontent.com/a-/ALV-UjXJcDQdev98KzOOR4t63UR_04KfokRWR7_lV99Z9sPpswzAxzfT;sangat baik;5;0;4.14.0;2025-12-08 14:33:49;Hi... Terima kasih atas review dan rating yang diberikan. Kami akan terus melakukan perbaikan dan penyempurnaan aplikasi Mobile JKN untuk memberikan kemudahan bagi peserta dan calon peserta JKN. Jika ada kendala, Anda dapat menghubungi Care Center BPJS Kesehatan melalui nomor 165 (24 jam). Terima kasih.;2025-12-11 07:20:12;4.14.0;;;;;;;
34670c6d-6609-4f59-9db5-765e734f5efc;kaleng rengginng;https://play-lh.googleusercontent.com/a/ACg8ocKSShCzc1lgi64n9T_HwMh5WslmJFUmhw1xLci_AlTufENgzQ=mo;karena saya baru pindah faskes, ketika ingin melakukan pengambilan antrian selalu muncul pertanyaan , apakah ingin mendaftarkan rekam medis , sudah saya pilih option setuju, tetap saja selalu muncul pertanyaan itu, sehingga saya tidak bisa melakukan pengambilan antrian, kepada tim developer mohon untuk di atasi, agar aplikasi berfungsi seperti seharusnya;1;0;;2025-12-08 14:07:53;Mohon maaf atas ketidaknyamanannya. Untuk kenyamanan dan keamanan dalam mendapatkan informasi dan menyampaikan pengaduan terkait program JKN-KIS, mohon dapat menyampaikan data identitas Anda melalui Care Center 165 (24 Jam) atau fitur “Pengaduan Layanan JKN” pada Mobile JKN. Terima kasih.;2025-12-11 07:20:05;;;;;;;;
81f2170d-9223-49b1-961f-d78fe9748dbc;AGUS TRIAN HIDAYAT;https://play-lh.googleusercontent.com/a/ACg8ocJgawOBEUIoJG-1XA2bULaL__NbYsTSDDqMTwcH1SJuweAiFes=mo;mau mengaktifkan kembali kartu BPJS kesehatan,;3;0;4.14.0;2025-12-08 13:57:43;Hi... Terima kasih atas review dan rating yang diberikan. Kami akan terus melakukan perbaikan dan penyempurnaan aplikasi Mobile JKN untuk memberikan kemudahan bagi peserta dan calon peserta JKN. Jika ada kendala, Anda dapat menghubungi Care Center BPJS Kesehatan melalui nomor 165 (24 jam). Terima kasih.;2025-12-11 07:20:48;4.14.0;;;;;;;
189af6e1-8bbd-4e9f-aea6-08dccbb4cfd3;nie ane ixan;https://play-lh.googleusercontent.com/a-/ALV-UjXW15V_LsFVg8UghEbDsuKz6HT3bQSy4dqIxNIu-xp26FjVAIxvFA;sangat membantu;5;0;;2025-12-08 13:56:55;Hi... Terima kasih atas review dan rating yang diberikan. Kami akan terus melakukan perbaikan dan penyempurnaan aplikasi Mobile JKN untuk memberikan kemudahan bagi peserta dan calon peserta JKN. Jika ada kendala, Anda dapat menghubungi Care Center BPJS Kesehatan melalui nomor 165 (24 jam). Terima kasih.;2025-12-11 07:20:48;;;;;;;;
201565aa-54ea-4b68-9c81-e9f3d0967789;hisyam khairan;https://play-lh.googleusercontent.com/a-/ALV-UjVpgzX4CtQa3AWZGQYBEqca0-r-mU1IuhuCsMJHrM_4kXGm37Iz;lebih baik, semoga lancar selalu;5;0;4.14.0;2025-12-08 13:42:44;Hi... Terima kasih atas review dan rating yang diberikan. Kami akan terus melakukan perbaikan dan penyempurnaan aplikasi Mobile JKN untuk memberikan kemudahan bagi peserta dan calon peserta JKN. Jika ada kendala, Anda dapat menghubungi Care Center BPJS Kesehatan melalui nomor 165 (24 jam). Terima kasih.;2025-12-11 07:20:49;4.14.0;;;;;;;
b96fdf80-3762-43c7-82d3-117cdd546b65;Sofa Juhaeti29;https://play-lh.googleusercontent.com/a/ACg8ocJMpPGM0d2ezcb8nBmWMcwd1fQKOE119pezpnUL6QUhk3HlPw=mo;pelayanan mudah dan cepat;5;0;4.14.0;2025-12-08 13:29:25;Hi... Terima kasih atas review dan rating yang diberikan. Kami akan terus melakukan perbaikan dan penyempurnaan aplikasi Mobile JKN untuk memberikan kemudahan bagi peserta dan calon peserta JKN. Jika ada kendala, Anda dapat menghubungi Care Center BPJS Kesehatan melalui nomor 165 (24 jam). Terima kasih.;2025-12-11 07:20:49;4.14.0;;;;;;;
2d3801c6-ef7c-4f62-bfef-c7e847fd7c7f;desstta this destt;https://play-lh.googleusercontent.com/a/ACg8ocKlcCJh_sXvHjLBIkcw9hEuUApgbbsZQBpgEYeeb9GJ3CLTrA=mo;aplikasilu ribet sat. nomer tlpn udah bener dibilang salah. mana bikin skck suru bikin bpjs beban lu;1;0;;2025-12-08 13:21:02;Mohon maaf atas ketidaknyamanannya. Terkait kendala tersebut, mohon dapat melakukan pendaftaran nomor handphone melalui Care Center BPJS Kesehatan melalui nomor 165 (24 jam) atau melalui email : carecenter@bpjs-kesehatan.go.id untuk kemudahan proses tindak lanjut. Terima kasih.;2025-12-11 07:27:38;;;;;;;;
c62119ab-420d-4a5e-ae8a-55c43dfe4a37;djoko suesanto;https://play-lh.googleusercontent.com/a/ACg8ocIgoXzjgiQ-a3A2SgFjukr-L--wOZTzJV3paOohl80213Igu5c=mo;baru download semoga bermanfaat;5;0;4.14.0;2025-12-08 13:06:03;Hi... Terima kasih atas review dan rating yang diberikan. Kami akan terus melakukan perbaikan dan penyempurnaan aplikasi Mobile JKN untuk memberikan kemudahan bagi peserta dan calon peserta JKN. Jika ada kendala, Anda dapat menghubungi Care Center BPJS Kesehatan melalui nomor 165 (24 jam). Terima kasih.;2025-12-11 07:21:15;4.14.0;;;;;;;
775c53e2-d067-4065-9f62-5689c7847a95;Wong234 Kopet;https://play-lh.googleusercontent.com/a/ACg8ocIckqXeCFh66ZMSrMbPhMiLE_AnhMuOJUTZcYwaZZnB-qxcmA=mo;apik tenan;5;0;4.13.1;2025-12-08 13:05:21;Hi... Terima kasih atas review dan rating yang diberikan. Kami akan terus melakukan perbaikan dan penyempurnaan aplikasi Mobile JKN untuk memberikan kemudahan bagi peserta dan calon peserta JKN. Jika ada kendala, Anda dapat menghubungi Care Center BPJS Kesehatan melalui nomor 165 (24 jam). Terima kasih.;2025-12-11 07:21:16;4.13.1;;;;;;;
a241fa91-83ab-4a85-ab19-2d07701552ec;Nafhis Qurt;https://play-lh.googleusercontent.com/a-/ALV-UjXvsz53RdbvF7Va9kvRJ14NnTD7XSoxtkESVZK4TcEvTCEWXwQ3;aplikasi lebih mudah dan cepat untuk proses administrasi kesehatan;5;0;4.14.0;2025-12-08 13:04:38;Hi... Terima kasih atas review dan rating yang diberikan. Kami akan terus melakukan perbaikan dan penyempurnaan aplikasi Mobile JKN untuk memberikan kemudahan bagi peserta dan calon peserta JKN. Jika ada kendala, Anda dapat menghubungi Care Center BPJS Kesehatan melalui nomor 165 (24 jam). Terima kasih.;2025-12-11 07:21:17;4.14.0;;;;;;;
3d8c7404-81dd-4d03-afc0-7b267920d258;Otty Miryana;https://play-lh.googleusercontent.com/a-/ALV-UjW3DWUrKGaA2Q3MB9IKOS207KphM5wWJYL75vRAbumgUKUSvTRq;mudah dan bisa ganti faskes;5;0;4.14.0;2025-12-08 13:02:34;Hi... Terima kasih atas review dan rating yang diberikan. Kami akan terus melakukan perbaikan dan penyempurnaan aplikasi Mobile JKN untuk memberikan kemudahan bagi peserta dan calon peserta JKN. Jika ada kendala, Anda dapat menghubungi Care Center BPJS Kesehatan melalui nomor 165 (24 jam). Terima kasih.;2025-12-11 07:27:19;4.14.0;;;;;;;
97f7b645-c898-4c0e-a348-5398fa2ca4ba;Siti Arifah;https://play-lh.googleusercontent.com/a-/ALV-UjWe50BHRNs_rEKNIZdZDWQ_xh8KqkhMc7zaBM8IwdjeXVGzW1M;Alhamdulillah sekarang aoknya lebih baik dan gk ngekek kyk dulu;4;0;4.14.0;2025-12-08 12:31:03;Hi... Terima kasih atas review dan rating yang diberikan. Kami akan terus melakukan perbaikan dan penyempurnaan aplikasi Mobile JKN untuk memberikan kemudahan bagi peserta dan calon peserta JKN. Jika ada kendala, Anda dapat menghubungi Care Center BPJS Kesehatan melalui nomor 165 (24 jam). Terima kasih.;2025-12-11 07:27:21;4.14.0;;;;;;;
12f47541-cf85-450c-845f-e4d39a88d21c;Khoiril Anam;https://play-lh.googleusercontent.com/a-/ALV-UjVLZoQ2qQ6M2WyplJZZNo-lxKk3JPO6yi_pWbIqLBFO-TP302w;bermafaat untk kesehatan diri;5;0;4.14.0;2025-12-08 12:19:47;Hi... Terima kasih atas review dan rating yang diberikan. Kami akan terus melakukan perbaikan dan penyempurnaan aplikasi Mobile JKN untuk memberikan kemudahan bagi peserta dan calon peserta JKN. Jika ada kendala, Anda dapat menghubungi Care Center BPJS Kesehatan melalui nomor 165 (24 jam). Terima kasih.;2025-12-11 07:27:23;4.14.0;;;;;;;
e1b18a0b-0b3c-42b4-8014-2ad701f69400;yadimulyadi yadi;https://play-lh.googleusercontent.com/a/ACg8ocK6-o3qyuvaWAeaK4eN_w2Jcz6T9a8I2MUNMK7j-LRAZuT1bg=mo;kemudahan berobat;5;0;4.14.0;2025-12-08 12:13:46;Hi... Terima kasih atas review dan rating yang diberikan. Kami akan terus melakukan perbaikan dan penyempurnaan aplikasi Mobile JKN untuk memberikan kemudahan bagi peserta dan calon peserta JKN. Jika ada kendala, Anda dapat menghubungi Care Center BPJS Kesehatan melalui nomor 165 (24 jam). Terima kasih.;2025-12-11 07:27:24;4.14.0;;;;;;;
d61508be-5f53-4be3-a19a-77bba87433f8;Vivi Sftri;https://play-lh.googleusercontent.com/a/ACg8ocK90JxwJOvi1Ah1DnMwDNo3kiS4HOTTEIPQfFnKe_Kph9hwTw=mo;bagus cepat sigap;5;0;4.14.0;2025-12-08 12:07:03;Hi... Terima kasih atas review dan rating yang diberikan. Kami akan terus melakukan perbaikan dan penyempurnaan aplikasi Mobile JKN untuk memberikan kemudahan bagi peserta dan calon peserta JKN. Jika ada kendala, Anda dapat menghubungi Care Center BPJS Kesehatan melalui nomor 165 (24 jam). Terima kasih.;2025-12-11 07:27:26;4.14.0;;;;;;;
cbbb37bd-cd0d-4c13-a795-0f8cf1ea94a2;Poejy Asty;https://play-lh.googleusercontent.com/a-/ALV-UjUE74MYlKJzEEp3zQCj67gralSWV128emUGGdeoP-xP9lrISSMh;2021 ⭐ sekarang sudah bagus sekali aplikasinya trimkasih utk upgrade nya;4;0;4.14.0;2025-12-08 11:57:15;Hi... Terima kasih atas review dan rating yang diberikan. Kami akan terus melakukan perbaikan dan penyempurnaan aplikasi Mobile JKN untuk memberikan kemudahan bagi peserta dan calon peserta JKN. Jika ada kendala, Anda dapat menghubungi Care Center BPJS Kesehatan melalui nomor 165 (24 jam). Terima kasih.;2025-12-11 07:28:25;4.14.0;;;;;;;
1078a8c4-318a-410e-9db1-841befcbc18f;Fernando Stroom;https://play-lh.googleusercontent.com/a-/ALV-UjXU_-VZ1SPkTgJ0qhGP2_YeoGwljRYGHHa3qRvjYGokRKCzlY0p;Tingkat lagi fasilitas untuk masyarakat;4;0;4.14.0;2025-12-08 11:57:12;Hi... Terima kasih atas review dan rating yang diberikan. Kami akan terus melakukan perbaikan dan penyempurnaan aplikasi Mobile JKN untuk memberikan kemudahan bagi peserta dan calon peserta JKN. Jika ada kendala, Anda dapat menghubungi Care Center BPJS Kesehatan melalui nomor 165 (24 jam). Terima kasih.;2025-12-11 07:28:21;4.14.0;;;;;;;
9a4bb5f5-351d-4736-b475-d66a42a3b4c3;Jeka Hendra Aditia;https://play-lh.googleusercontent.com/a/ACg8ocKQQe1hge50ScTfwZoPKtiCPgKBPU7mtcIBLh3ZChrPUFcbiA=mo;mudah cepat;5;0;;2025-12-08 11:53:18;Hi... Terima kasih atas review dan rating yang diberikan. Kami akan terus melakukan perbaikan dan penyempurnaan aplikasi Mobile JKN untuk memberikan kemudahan bagi peserta dan calon peserta JKN. Jika ada kendala, Anda dapat menghubungi Care Center BPJS Kesehatan melalui nomor 165 (24 jam). Terima kasih.;2025-12-11 07:28:25;;;;;;;;
5bbdebf8-2eb0-4c2a-9e41-a2b240ef6343;Riki Rahman;https://play-lh.googleusercontent.com/a-/ALV-UjUvl7fm6E9A1LpWBtL-w_s02dCdijosA-HtTpNWxZnotpJW-7s;layanan terbaik 👍;5;0;;2025-12-08 11:43:29;Hi... Terima kasih atas review dan rating yang diberikan. Kami akan terus melakukan perbaikan dan penyempurnaan aplikasi Mobile JKN untuk memberikan kemudahan bagi peserta dan calon peserta JKN. Jika ada kendala, Anda dapat menghubungi Care Center BPJS Kesehatan melalui nomor 165 (24 jam). Terima kasih.;2025-12-11 07:28:18;;;;;;;;
d1b50194-4e9b-4382-ac92-5b261a3a9d27;Amin Rais;https://play-lh.googleusercontent.com/a-/ALV-UjXp7gajLV6g2anji5GbkPW1093Ff__Hpn21fItZ0tM_ELpW_P4;booking H-1 selalu error ga jelas, udah mah sulit, aplikasi nya pun masih sampah;1;0;4.14.0;2025-12-08 11:12:57;Mohon maaf atas ketidaknyamanannya. Untuk kenyamanan dan keamanan dalam mendapatkan informasi dan menyampaikan pengaduan terkait program JKN-KIS, mohon dapat menyampaikan data identitas Anda melalui Care Center 165 (24 Jam) atau fitur “Pengaduan Layanan JKN” pada Mobile JKN. Terima kasih.;2025-12-11 07:28:49;4.14.0;;;;;;;
f469d9d3-0128-42bd-a5a5-bede70874073;agung towafa;https://play-lh.googleusercontent.com/a-/ALV-UjWA0Xo18Het_NF714Ap4zHDri2kCUDsyzP3VVFywGnBwU28twCQ;bagus;5;0;4.14.0;2025-12-08 11:06:55;Hi... Terima kasih atas review dan rating yang diberikan. Kami akan terus melakukan perbaikan dan penyempurnaan aplikasi Mobile JKN untuk memberikan kemudahan bagi peserta dan calon peserta JKN. Jika ada kendala, Anda dapat menghubungi Care Center BPJS Kesehatan melalui nomor 165 (24 jam). Terima kasih.;2025-12-11 07:28:10;4.14.0;;;;;;;
5ed771b6-bb48-460d-bdcd-390fadea3eff;Basori Alwi;https://play-lh.googleusercontent.com/a/ACg8ocLDMciX-Pymo0tcJVmQAsIS6LJ316zyUS3Yu4vmZc1wH7It1A=mo;sangat membantu;5;0;4.14.0;2025-12-08 11:05:25;Hi... Terima kasih atas review dan rating yang diberikan. Kami akan terus melakukan perbaikan dan penyempurnaan aplikasi Mobile JKN untuk memberikan kemudahan bagi peserta dan calon peserta JKN. Jika ada kendala, Anda dapat menghubungi Care Center BPJS Kesehatan melalui nomor 165 (24 jam). Terima kasih.;2025-12-11 07:28:10;4.14.0;;;;;;;
e8b11bb1-cd0e-4667-bef5-7cf96fe249b7;Iccang Iccang;https://play-lh.googleusercontent.com/a/ACg8ocJ-XSmmC6EcYLAAHd_wDTI2JJ6LF-nZDFm7iOSS5EbjUzrj4g=mo;sangat membantu;5;0;4.14.0;2025-12-08 10:51:26;Hi... Terima kasih atas review dan rating yang diberikan. Kami akan terus melakukan perbaikan dan penyempurnaan aplikasi Mobile JKN untuk memberikan kemudahan bagi peserta dan calon peserta JKN. Jika ada kendala, Anda dapat menghubungi Care Center BPJS Kesehatan melalui nomor 165 (24 jam). Terima kasih.;2025-12-11 07:28:06;4.14.0;;;;;;;
bec7dbf7-9249-4cc1-ad17-e78df346cdf8;Sg2parot11 0;https://play-lh.googleusercontent.com/a-/ALV-UjXj5Eg0a6O4LoD2ckEwtjH7PJiD5Hfyzw4Qg1CYKG8XehYiT0Y5;Saya ko tidak menerima nomor otp dari jkn;1;0;4.14.0;2025-12-08 10:41:14;Mohon maaf atas ketidaknyamanannya. Jika Anda memilih metode verifikasi menggunakan nomor HP pastikan jaringan baik dan nomor HP yang terdaftar adalah nomor HP prabayar yang aktif dengan pulsa yang mencukupi agar kode OTP dapat masuk. Terima kasih.;2025-12-11 07:29:28;4.14.0;;;;;;;
cd1cc519-6680-4a3a-9010-c1b9362d2ab4;EryAyu ShintaDewi;https://play-lh.googleusercontent.com/a-/ALV-UjW4WbrpAshlROTHkPvXNd81SsuUOq2vXMtByf-h1FYtx7xrByy2rA;sangat membantu masyarakat;5;0;4.14.0;2025-12-08 10:36:10;Hi... Terima kasih atas review dan rating yang diberikan. Kami akan terus melakukan perbaikan dan penyempurnaan aplikasi Mobile JKN untuk memberikan kemudahan bagi peserta dan calon peserta JKN. Jika ada kendala, Anda dapat menghubungi Care Center BPJS Kesehatan melalui nomor 165 (24 jam). Terima kasih.;2025-12-11 07:30:07;4.14.0;;;;;;;
0470fe3c-3654-4b78-b82b-40b5fe0b1b13;mancung tzy;https://play-lh.googleusercontent.com/a/ACg8ocIVvFk73fLjbg8NFLkJm6v0LvZYN8c4nyPRW3F18DEzvK_ILg=mo;aplikasi ini sangat berguna🩷;5;0;;2025-12-08 10:25:35;Hi... Terima kasih atas review dan rating yang diberikan. Kami akan terus melakukan perbaikan dan penyempurnaan aplikasi Mobile JKN untuk memberikan kemudahan bagi peserta dan calon peserta JKN. Jika ada kendala, Anda dapat menghubungi Care Center BPJS Kesehatan melalui nomor 165 (24 jam). Terima kasih.;2025-12-11 07:30:04;;;;;;;;
873653bb-604f-47d2-8dd5-fe287fa5a60b;Sandhikarta Solusindo Utama;https://play-lh.googleusercontent.com/a-/ALV-UjXpZFdhrZ2EIM9Oj2ioHkXsOzSN2DdkZIYxJGM7kZNyu1c3bio;ok;5;0;;2025-12-08 10:15:48;Hi... Terima kasih atas review dan rating yang diberikan. Kami akan terus melakukan perbaikan dan penyempurnaan aplikasi Mobile JKN untuk memberikan kemudahan bagi peserta dan calon peserta JKN. Jika ada kendala, Anda dapat menghubungi Care Center BPJS Kesehatan melalui nomor 165 (24 jam). Terima kasih.;2025-12-11 07:30:04;;;;;;;;
a69319b6-a9e2-4fee-ae62-e7322fe487ca;Rian Variansyah;https://play-lh.googleusercontent.com/a/ACg8ocIYzyXdkRJkxAgcCUlAHS2yI0e_lQHq7RrfcN9-HjCoGJM2FA=mo;bagaian aotu debet harus pake mama verifikasi ga keluar kodenya saya lau mindahin faske ga bisa bisa tolong ya saya ingin mindahin faskes;1;0;4.14.0;2025-12-08 10:13:54;Mohon maaf atas ketidaknyamanannya. Jika Anda memilih metode verifikasi menggunakan nomor HP pastikan jaringan baik dan nomor HP yang terdaftar adalah nomor HP prabayar yang aktif dengan pulsa yang mencukupi agar kode OTP dapat masuk. Terima kasih.;2025-12-11 07:29:37;4.14.0;;;;;;;
1ddb8e3e-4a56-434d-88aa-5176186dd97a;FZ Official;https://play-lh.googleusercontent.com/a/ACg8ocL-pi9hUVgCdXh5U6ApmvTChom_vWDDdCVMZcvKqal1mCt7Ew=mo;Tolonglah masa cuman tutup app bentar buat lihat verifikasi WhatsApp langsung keulang proses daftarnya lagi;1;0;4.14.0;2025-12-08 10:04:42;;;4.14.0;;;;;;;
e309afee-693b-4289-8330-29acbc5dfd97;Firman Bastian;https://play-lh.googleusercontent.com/a-/ALV-UjU3K8umHFTio_G2s_9GRthDjk-LzQu0hNh3gUe1wYXX-iVDOzI;mantap;5;0;;2025-12-08 09:57:18;Hi... Terima kasih atas review dan rating yang diberikan. Kami akan terus melakukan perbaikan dan penyempurnaan aplikasi Mobile JKN untuk memberikan kemudahan bagi peserta dan calon peserta JKN. Jika ada kendala, Anda dapat menghubungi Care Center BPJS Kesehatan melalui nomor 165 (24 jam). Terima kasih.;2025-12-11 07:30:01;;;;;;;;
01e59e53-25d3-4b88-8e2d-1f43818ee738;irvan chanel;https://play-lh.googleusercontent.com/a-/ALV-UjVMQJ1gSkPfafEFef2chmA-noVMfpmJzvNtK1gWL2eCOgmgjsVL;suka erro aja sih klau sering2 di buka pdhal siyal full;4;0;;2025-12-08 09:54:11;Mohon maaf atas ketidaknyamanannya. Terkait kendala yang dialami, Anda dapat menyampaikan kendala dengan melampirkan tangkapan layar/video dengan device lain ke alamat email : carecenter@bpjs-kesehatan.go.id untuk kemudahan proses tindak lanjut. Terima kasih.;2025-12-11 07:30:14;;;;;;;;
863f2013-a67c-450a-ae8f-8bf8acd550e3;Wahyu Din;https://play-lh.googleusercontent.com/a/ACg8ocJLPJjql8myQPGL1RYaqCZaeWQfi_2mQSzxEl7Gw-jdA4BE_A=mo;trmkasih;5;0;4.14.0;2025-12-08 09:43:54;Hi... Terima kasih atas review dan rating yang diberikan. Kami akan terus melakukan perbaikan dan penyempurnaan aplikasi Mobile JKN untuk memberikan kemudahan bagi peserta dan calon peserta JKN. Jika ada kendala, Anda dapat menghubungi Care Center BPJS Kesehatan melalui nomor 165 (24 jam). Terima kasih.;2025-12-11 07:29:58;4.14.0;;;;;;;
9d9fff19-46e7-45f3-8b5f-8b29837ef76f;Kang Anas_81;https://play-lh.googleusercontent.com/a/ACg8ocLfUH5h0E00QpLAvuAa3N58QVgKMOHZRU69T-ZkQhLLLoRVY2_g=mo;Aplikasi yang sangat membantu, terimakasih;5;0;4.14.0;2025-12-08 09:35:28;Hi... Terima kasih atas review dan rating yang diberikan. Kami akan terus melakukan perbaikan dan penyempurnaan aplikasi Mobile JKN untuk memberikan kemudahan bagi peserta dan calon peserta JKN. Jika ada kendala, Anda dapat menghubungi Care Center BPJS Kesehatan melalui nomor 165 (24 jam). Terima kasih.;2025-12-11 07:29:56;4.14.0;;;;;;;
18ec2491-cc47-496c-9d21-8f705a4cbbec;Yogie Ananda;https://play-lh.googleusercontent.com/a-/ALV-UjX9TduKlkffVUOOt5TX6yGymXaHFishyQSnonLgg4HBa3vitQWM;Cukup baik;4;0;;2025-12-08 09:27:35;Hi... Terima kasih atas review dan rating yang diberikan. Kami akan terus melakukan perbaikan dan penyempurnaan aplikasi Mobile JKN untuk memberikan kemudahan bagi peserta dan calon peserta JKN. Jika ada kendala, Anda dapat menghubungi Care Center BPJS Kesehatan melalui nomor 165 (24 jam). Terima kasih.;2025-12-11 07:31:10;;;;;;;;
f73e2161-789b-4f53-92a8-bc273a38bdeb;Jaenal Abidin;https://play-lh.googleusercontent.com/a-/ALV-UjWyYw5hJStgshcI7yFdHlmP3sJt2yKDVFh-KAFXsZttHvgpGn4D;kinerja apk nya buruk,, susah log in..;1;1;4.14.0;2025-12-08 09:26:00;"Mohon maaf atas ketidaknyamanannya. Jika Anda sudah memiliki user Pengguna Mobile JKN, dapat langsung masuk/login dengan menginput NIK KTP dan password yang sudah didaftarkan. atau lakukan registrasi Pengguna Mobile JKN terlebih dahulu (jika belum terdaftar user Mobile JKN) dengan memilih ""Daftar"". Terima kasih.";2025-12-11 07:31:18;4.14.0;;;;;;;
96242aa8-65a9-4844-ac47-18f72f7544f9;Yogi Bastian;https://play-lh.googleusercontent.com/a-/ALV-UjXntdLhzft_Rbexz6p6s7jKd1wvBo-cA3s7FPUkLx8kanekHpY;good;5;0;;2025-12-08 09:23:42;Hi... Terima kasih atas review dan rating yang diberikan. Kami akan terus melakukan perbaikan dan penyempurnaan aplikasi Mobile JKN untuk memberikan kemudahan bagi peserta dan calon peserta JKN. Jika ada kendala, Anda dapat menghubungi Care Center BPJS Kesehatan melalui nomor 165 (24 jam). Terima kasih.;2025-12-11 07:31:08;;;;;;;;
d1e3cb7b-80b2-4db1-8a51-c6318a5cf957;Ivan Mohammed;https://play-lh.googleusercontent.com/a-/ALV-UjXleXgt1HuzkhgLEbFyQliC48ivG4X1LRh1fqKE4i7UV2mVGGU;semua aplikasi plat merah (pemerintah) busuk semua. registrasi di aplikasi sulitnya bukan main, recognition wajah gagal terus;1;1;4.14.0;2025-12-08 09:15:07;Mohon maaf atas ketidaknyamanannya. Terkait kendala yang dialami, Anda dapat menyampaikan kendala dengan melampirkan tangkapan layar/video dengan device lain ke alamat email : carecenter@bpjs-kesehatan.go.id untuk kemudahan proses tindak lanjut. Terima kasih.;2025-12-11 07:30:40;4.14.0;;;;;;;
381bae3e-ba31-4123-8364-f12f3c28e1db;Nuna Jihun;https://play-lh.googleusercontent.com/a/ACg8ocL2jWwiidh1KH91mvRA2ZrfiASFI7qRL2pX1u_bcja-S39uXA=mo;aplikasi rusak. permintaan tidak dapat diproses tunggu beberapa saat lagi. beberapa saat berapa lama? udh 2 hari gitu terus. bikin aplikasi yg bener jangan korupsi doang diprioritasin;1;1;4.14.0;2025-12-08 09:13:06;Mohon maaf atas ketidaknyamanannya. Terkait kendala yang dialami, Anda dapat menyampaikan kendala dengan melampirkan tangkapan layar/video dengan device lain ke alamat email : carecenter@bpjs-kesehatan.go.id untuk kemudahan proses tindak lanjut. Terima kasih.;2025-12-11 07:30:43;4.14.0;;;;;;;
a996ddfa-b61f-4141-959a-5237bf4ac386;Qar Nizul;https://play-lh.googleusercontent.com/a-/ALV-UjWWdUB17si8iKzxOhJ2ETF-rlo6kVyiA0vpVsnFstO3K5amB-s;jelas dan akurat dan memudahkan;5;0;;2025-12-08 09:04:41;Hi... Terima kasih atas review dan rating yang diberikan. Kami akan terus melakukan perbaikan dan penyempurnaan aplikasi Mobile JKN untuk memberikan kemudahan bagi peserta dan calon peserta JKN. Jika ada kendala, Anda dapat menghubungi Care Center BPJS Kesehatan melalui nomor 165 (24 jam). Terima kasih.;2025-12-11 07:31:06;;;;;;;;
e707c7a5-413a-41c6-a298-01a538129f64;Andrias Yulianto;https://play-lh.googleusercontent.com/a-/ALV-UjWf9Frls0fJAqMkoKVHNSMwUXkukjN7KsLKhPmqRvIJMofl3tdE;bagus siip;5;0;4.14.0;2025-12-08 09:02:27;Hi... Terima kasih atas review dan rating yang diberikan. Kami akan terus melakukan perbaikan dan penyempurnaan aplikasi Mobile JKN untuk memberikan kemudahan bagi peserta dan calon peserta JKN. Jika ada kendala, Anda dapat menghubungi Care Center BPJS Kesehatan melalui nomor 165 (24 jam). Terima kasih.;2025-12-11 07:31:03;4.14.0;;;;;;;
1f0292f7-45af-4e45-a768-9377cea87728;Diza Aqila;https://play-lh.googleusercontent.com/a/ACg8ocLOwTMQcIfvx-7i8_FqeVrg8FZhmg4TuCNCLHg5nwLClqhIxg=mo;tiap verifikasi balik deui KA awal susah daftar;1;0;4.14.0;2025-12-08 08:55:49;Mohon maaf atas ketidaknyamanannya. Terkait kendala yang dialami, Anda dapat menyampaikan kendala dengan melampirkan tangkapan layar/video dengan device lain ke alamat email : carecenter@bpjs-kesehatan.go.id untuk kemudahan proses tindak lanjut. Terima kasih.;2025-12-11 07:31:05;4.14.0;;;;;;;
65d4cbe7-0609-4161-8a09-48e44b8642d8;virdi rhamanda;https://play-lh.googleusercontent.com/a/ACg8ocKNgN5-h3MejEqGg-4LlzNtOQ5fYmokjcHJgDZFEL3hyqtEQw=mo;mantap;5;0;;2025-12-08 08:49:31;Hi... Terima kasih atas review dan rating yang diberikan. Kami akan terus melakukan perbaikan dan penyempurnaan aplikasi Mobile JKN untuk memberikan kemudahan bagi peserta dan calon peserta JKN. Jika ada kendala, Anda dapat menghubungi Care Center BPJS Kesehatan melalui nomor 165 (24 jam). Terima kasih.;2025-12-11 07:31:02;;;;;;;;
45aef6d2-d2d3-40cd-8624-8fd6d217ba18;Siti Julaiha;https://play-lh.googleusercontent.com/a-/ALV-UjUdBjpbtgLPMccf0p2M1121eoKTAYLXS7wB18USNrz9JxZHjYaK;Kalau lupa kata sandi...dan kirim kode ke nomor yang terdaftar gak masuk2. jelek nya...;2;0;4.14.0;2025-12-08 08:49:09;Mohon maaf atas ketidaknyamanannya. Jika Anda memilih metode verifikasi menggunakan nomor HP pastikan jaringan baik dan nomor HP yang terdaftar adalah nomor HP prabayar yang aktif dengan pulsa yang mencukupi agar kode OTP dapat masuk. Terima kasih.;2025-12-11 07:30:54;4.14.0;;;;;;;
e861aa39-be79-4897-a0c0-3b1b50b37753;Andi Gn;https://play-lh.googleusercontent.com/a/ACg8ocKaMP2eguLxVX3B0ss0RB34HaOWp1h78nJTbULduE-is79T1A=mo;lebih ditingkatkan lagi;5;0;4.14.0;2025-12-08 08:48:40;Hi... Terima kasih atas review dan rating yang diberikan. Kami akan terus melakukan perbaikan dan penyempurnaan aplikasi Mobile JKN untuk memberikan kemudahan bagi peserta dan calon peserta JKN. Jika ada kendala, Anda dapat menghubungi Care Center BPJS Kesehatan melalui nomor 165 (24 jam). Terima kasih.;2025-12-11 07:32:12;4.14.0;;;;;;;
01fc8a56-5319-4516-98f2-513cd7dba505;Abi Zahwa;https://play-lh.googleusercontent.com/a-/ALV-UjVwCpSvDY4E9GHqOaSW60Du8erKDMfieiGqXIP1gkyPr7OxABE;Chaptcha loading terus tidak bisa terbuka,jadi tidak bisa login. Mohon di perbaiki.;2;0;4.14.0;2025-12-08 08:48:32;Mohon maaf atas ketidaknyamanannya. Terkait kendala yang dialami, Anda dapat menyampaikan kendala dengan melampirkan tangkapan layar/video dengan device lain ke alamat email : carecenter@bpjs-kesehatan.go.id untuk kemudahan proses tindak lanjut. Terima kasih.;2025-12-11 07:32:06;4.14.0;;;;;;;
917a0c9d-9be7-41b0-9300-6287449154b2;Gigis Cindianita;https://play-lh.googleusercontent.com/a-/ALV-UjVMhtsc-BiiCX3-Xa5tn9xRwCynguveqvSulqhpN1YcdEvx8z65;ok mantapp;5;0;4.14.0;2025-12-08 08:30:46;Hi... Terima kasih atas review dan rating yang diberikan. Kami akan terus melakukan perbaikan dan penyempurnaan aplikasi Mobile JKN untuk memberikan kemudahan bagi peserta dan calon peserta JKN. Jika ada kendala, Anda dapat menghubungi Care Center BPJS Kesehatan melalui nomor 165 (24 jam). Terima kasih.;2025-12-11 07:32:15;4.14.0;;;;;;;
2cadcf03-95a8-4daa-9869-18e236cdb50e;Rifa Faradilla;https://play-lh.googleusercontent.com/a/ACg8ocKj26nvk5IzmXA90JHBTdpLyXD3AIN7oJuatz7LNnnNfuStWg=mo;"bikin ribett susah aja mau berobat, bener"" gapenting make"" bginian jadi makin bikin lama ribettt gajelasss";1;0;4.14.0;2025-12-08 08:26:58;"Mohon maaf atas ketidaknyamanannya. Jika Anda sudah memiliki user Pengguna Mobile JKN, dapat langsung masuk/login dengan menginput NIK KTP dan password yang sudah didaftarkan. atau lakukan registrasi Pengguna Mobile JKN terlebih dahulu (jika belum terdaftar user Mobile JKN) dengan memilih ""Daftar"". Terima kasih.";2025-12-11 07:31:32;4.14.0;;;;;;;
d9a0835d-633d-4428-8eb2-c906c2d58684;andre satria;https://play-lh.googleusercontent.com/a-/ALV-UjVr0qxK5cWZZEsAdyE2rnQWpmuGAHvwp6sIsjIUpT7_-Z29bqA;Good Job;5;0;4.14.0;2025-12-08 08:26:04;Hi... Terima kasih atas review dan rating yang diberikan. Kami akan terus melakukan perbaikan dan penyempurnaan aplikasi Mobile JKN untuk memberikan kemudahan bagi peserta dan calon peserta JKN. Jika ada kendala, Anda dapat menghubungi Care Center BPJS Kesehatan melalui nomor 165 (24 jam). Terima kasih.;2025-12-11 07:32:20;4.14.0;;;;;;;
49cba344-8f4c-4309-bf5b-6e9a0cd0b6d5;Mohamad Nurhidayat Mursalin;https://play-lh.googleusercontent.com/a-/ALV-UjUZrxJedjAIO0o3d-ybmd259ubZt_PyJ_CEf3DL8YvFowBO_e2q1A;Sangat bermanfaat tapi aplikasinya sering error. jelek;1;0;4.14.0;2025-12-08 08:25:02;Mohon maaf atas ketidaknyamanannya. Terkait kendala yang dialami, Anda dapat menyampaikan kendala dengan melampirkan tangkapan layar/video dengan device lain ke alamat email : carecenter@bpjs-kesehatan.go.id untuk kemudahan proses tindak lanjut. Terima kasih.;2025-12-11 07:32:02;4.14.0;;;;;;;
16e76f02-8e87-498f-83dd-12931ca9af54;Marulitua Maruli;https://play-lh.googleusercontent.com/a/ACg8ocIVbEFfBp2vefZetHHUvV6YQsXus28MxsgQnytX7BKfSnqofg=mo;aplikasi burik, terus2an ga bisa, ganguan ntah apa yang gangguan padahal semua aman dari jaringan sampai apk udah versi update;1;0;4.14.0;2025-12-08 08:22:29;Mohon maaf atas ketidaknyamanannya. Terkait kendala yang dialami, Anda dapat menyampaikan kendala dengan melampirkan tangkapan layar/video dengan device lain ke alamat email : carecenter@bpjs-kesehatan.go.id untuk kemudahan proses tindak lanjut. Terima kasih.;2025-12-11 07:32:04;4.14.0;;;;;;;
a0be9560-d271-45e3-9372-ce9955705808;Ferdinandus Sarong;https://play-lh.googleusercontent.com/a-/ALV-UjVleOhQjFcHDe3j9v6QycMQvJH4b88AMSPu9N-e1wGV89Iwn4E;layanan cepat dan akurat;5;0;4.14.0;2025-12-08 08:19:52;Hi... Terima kasih atas review dan rating yang diberikan. Kami akan terus melakukan perbaikan dan penyempurnaan aplikasi Mobile JKN untuk memberikan kemudahan bagi peserta dan calon peserta JKN. Jika ada kendala, Anda dapat menghubungi Care Center BPJS Kesehatan melalui nomor 165 (24 jam). Terima kasih.;2025-12-11 07:32:22;4.14.0;;;;;;;
706d8053-a124-437a-a944-a2b6c4b8a45e;Lilik widayati;https://play-lh.googleusercontent.com/a/ACg8ocLV6tX9qZ0oByodNBevJ4HGi35sN3q9it3csbbF9Z1_DXMBfw=mo;bagus;5;0;4.14.0;2025-12-08 08:12:28;Hi... Terima kasih atas review dan rating yang diberikan. Kami akan terus melakukan perbaikan dan penyempurnaan aplikasi Mobile JKN untuk memberikan kemudahan bagi peserta dan calon peserta JKN. Jika ada kendala, Anda dapat menghubungi Care Center BPJS Kesehatan melalui nomor 165 (24 jam). Terima kasih.;2025-12-11 07:32:25;4.14.0;;;;;;;
75edd08c-f0ac-4a08-8d1c-7f4712bdbffb;Nael Karyadi;https://play-lh.googleusercontent.com/a/ACg8ocIImF3U8szEY67lPcGufeN5HJDtLfNuyIvaqZn5PH_M7tJ4TQ=mo;daftar online nya gak bisa boss... gak efisien;5;0;;2025-12-08 08:09:28;"Mohon maaf atas ketidaknyamanannya. Jika Anda sudah memiliki user Pengguna Mobile JKN, dapat langsung masuk/login dengan menginput NIK KTP dan password yang sudah didaftarkan. atau lakukan registrasi Pengguna Mobile JKN terlebih dahulu (jika belum terdaftar user Mobile JKN) dengan memilih ""Daftar"". Terima kasih.";2025-12-11 07:31:48;;;;;;;;
761dc463-7f9a-4a81-be44-4c1dfb8cd8f6;eka saputra;https://play-lh.googleusercontent.com/a-/ALV-UjUh1t38vqGHdossVDJ0txdP3hevAiO38chwiPArZjPT89tjr_k;mantap;5;0;4.14.0;2025-12-08 07:56:18;Hi... Terima kasih atas review dan rating yang diberikan. Kami akan terus melakukan perbaikan dan penyempurnaan aplikasi Mobile JKN untuk memberikan kemudahan bagi peserta dan calon peserta JKN. Jika ada kendala, Anda dapat menghubungi Care Center BPJS Kesehatan melalui nomor 165 (24 jam). Terima kasih.;2025-12-11 07:32:32;4.14.0;;;;;;;
e69608ae-fb30-4fe3-8612-92b8ec6c6908;Francisco Fia mora;https://play-lh.googleusercontent.com/a-/ALV-UjVBTkedWAipPSZ2ecFQM_wmqN-0au_cTuXN7semV7riAxuKjkrn;baik;5;0;4.14.0;2025-12-08 07:51:21;Hi... Terima kasih atas review dan rating yang diberikan. Kami akan terus melakukan perbaikan dan penyempurnaan aplikasi Mobile JKN untuk memberikan kemudahan bagi peserta dan calon peserta JKN. Jika ada kendala, Anda dapat menghubungi Care Center BPJS Kesehatan melalui nomor 165 (24 jam). Terima kasih.;2025-12-11 07:32:33;4.14.0;;;;;;;
4357596d-2786-4526-afc5-fdec7026e825;Ones Sule;https://play-lh.googleusercontent.com/a-/ALV-UjVwHdylJyBjPHXOFjC-u536Bt1mUV2sdTioqBBRfQOgVPAjFCKm;biasa aplikasi pemerintah, ribet ndk gak jelas. mo login aja di putar².;1;0;;2025-12-08 07:47:10;"Mohon maaf atas ketidaknyamanannya. Jika Anda sudah memiliki user Pengguna Mobile JKN, dapat langsung masuk/login dengan menginput NIK KTP dan password yang sudah didaftarkan. atau lakukan registrasi Pengguna Mobile JKN terlebih dahulu (jika belum terdaftar user Mobile JKN) dengan memilih ""Daftar"". Terima kasih.";2025-12-11 07:33:13;;;;;;;;
5673ddbf-bf1e-431d-a425-9e792429d9af;Heni Suciati;https://play-lh.googleusercontent.com/a-/ALV-UjUOguAH4KReRJMeoDdXVIZVDMmsY4jIBEiszs6xGUJ7vSgbUXlP;bagus;5;0;4.14.0;2025-12-08 07:46:18;Hi... Terima kasih atas review dan rating yang diberikan. Kami akan terus melakukan perbaikan dan penyempurnaan aplikasi Mobile JKN untuk memberikan kemudahan bagi peserta dan calon peserta JKN. Jika ada kendala, Anda dapat menghubungi Care Center BPJS Kesehatan melalui nomor 165 (24 jam). Terima kasih.;2025-12-11 07:32:37;4.14.0;;;;;;;
1201f2af-1d3e-4844-8def-92a6a52c36d4;Neng Nurasiah;https://play-lh.googleusercontent.com/a/ACg8ocLlJ3luuRHpKsjtjHTN_qqDbWVH2gXtIufVuMnmxrBBD8ANbw=mo;ga bisa d buka eror trus;2;0;4.14.0;2025-12-08 07:35:39;"Mohon maaf atas ketidaknyamanannya. Jika Anda sudah memiliki user Pengguna Mobile JKN, dapat langsung masuk/login dengan menginput NIK KTP dan password yang sudah didaftarkan. atau lakukan registrasi Pengguna Mobile JKN terlebih dahulu (jika belum terdaftar user Mobile JKN) dengan memilih ""Daftar"". Terima kasih.";2025-12-11 07:33:18;4.14.0;;;;;;;
e262665c-e443-4d4c-9c20-0ede36f85472;Dhanny Mr;https://play-lh.googleusercontent.com/a-/ALV-UjUN-d3eSYhhl2ScxI6VDhR0w4p0-fxagwta0_S5tr5B4EcDXqY;Tinggal tingkat kan untuk Verifikasi Wajah , sering Gagal klu di gunakan 🙂;5;0;4.14.0;2025-12-08 07:20:22;Hi... Terima kasih atas review dan rating yang diberikan. Kami akan terus melakukan perbaikan dan penyempurnaan aplikasi Mobile JKN untuk memberikan kemudahan bagi peserta dan calon peserta JKN. Jika ada kendala, Anda dapat menghubungi Care Center BPJS Kesehatan melalui nomor 165 (24 jam). Terima kasih.;2025-12-11 07:32:41;4.14.0;;;;;;;
108e78b9-6e76-4c8d-92c1-3aae2f80128f;HJ .Masriawan;https://play-lh.googleusercontent.com/a/ACg8ocJmIV84yUoM7uq6q9Njp0-hrhlTqZndA7q6xemfrW8gFxGyfw=mo;aplikasinya keren;5;0;4.14.0;2025-12-08 07:06:39;Hi... Terima kasih atas review dan rating yang diberikan. Kami akan terus melakukan perbaikan dan penyempurnaan aplikasi Mobile JKN untuk memberikan kemudahan bagi peserta dan calon peserta JKN. Jika ada kendala, Anda dapat menghubungi Care Center BPJS Kesehatan melalui nomor 165 (24 jam). Terima kasih.;2025-12-11 07:32:42;4.14.0;;;;;;;
0cb10811-ca3a-4846-81aa-715d7e2839dd;Embun Pagi;https://play-lh.googleusercontent.com/a/ACg8ocIAhYuHzXd297n-SjmHv8BgddKB3eHiroiw1lLLVfDoobtGDQ=mo;mantap;5;0;4.14.0;2025-12-08 07:06:04;Hi... Terima kasih atas review dan rating yang diberikan. Kami akan terus melakukan perbaikan dan penyempurnaan aplikasi Mobile JKN untuk memberikan kemudahan bagi peserta dan calon peserta JKN. Jika ada kendala, Anda dapat menghubungi Care Center BPJS Kesehatan melalui nomor 165 (24 jam). Terima kasih.;2025-12-11 07:32:43;4.14.0;;;;;;;
4851beba-209b-4220-8c11-7764cf352fcb;Stevi Hutabarat;https://play-lh.googleusercontent.com/a-/ALV-UjXOI516iZaK6L9TJ4-iCLjGWJ9A2Ht7pGJqxZHRNrskqZcRiav3;Sangat membantu;5;0;4.14.0;2025-12-08 06:59:05;Hi... Terima kasih atas review dan rating yang diberikan. Kami akan terus melakukan perbaikan dan penyempurnaan aplikasi Mobile JKN untuk memberikan kemudahan bagi peserta dan calon peserta JKN. Jika ada kendala, Anda dapat menghubungi Care Center BPJS Kesehatan melalui nomor 165 (24 jam). Terima kasih.;2025-12-11 07:32:45;4.14.0;;;;;;;
4ef50ac6-0c5d-466b-9fbe-941930367865;David Indra Gunawan;https://play-lh.googleusercontent.com/a-/ALV-UjWTlf5b9vxVDRnzbLWUG1csbwYVKa_Fyv5f907x9sB_4fy5AhZy;mohon maaf ini tiket yg sudah dipesan tidak bisa di screenshot, terus klo mau cari lagi dimana? kurang informatif nama menunya dan juga saya masih bingung cara ubah email terdaftar, liat di tiktok atau hubungi call center malah ditutup wkwkkkk jgn mempersulit lah!;3;0;;2025-12-08 06:56:16;Mohon maaf atas ketidaknyamanannya. Update terbaru bertujuan untuk memberikan keamanan dan kenyamanan Peserta. Jika terjadi kendala, Anda dapat menyampaikan laporan melalui email ke carecenter@bpjs-kesehatan.go.id. Terima kasih.;2025-12-11 07:33:53;;;;;;;;
b4bb30a1-5d70-40a9-8151-f19dd5170555;Bayu Koto;https://play-lh.googleusercontent.com/a-/ALV-UjWWnMpSSlpO_PalDO4Oe-vatviLcRTEGksdt37IsMVBmTxAc9U;kasih bintang 5 biar gak apa kali;5;0;;2025-12-08 06:53:13;Hi... Terima kasih atas review dan rating yang diberikan. Kami akan terus melakukan perbaikan dan penyempurnaan aplikasi Mobile JKN untuk memberikan kemudahan bagi peserta dan calon peserta JKN. Jika ada kendala, Anda dapat menghubungi Care Center BPJS Kesehatan melalui nomor 165 (24 jam). Terima kasih.;2025-12-11 07:34:20;;;;;;;;
1abfa943-c1ce-461d-8ac4-194f8c78b256;Adiksimba (Adiksimba);https://play-lh.googleusercontent.com/a-/ALV-UjXJvXqGg2pwtFfG8vLBqT-3hlEkrnrjBh3widKsGMdFTRblgucQ;awal yang bagus;4;0;4.14.0;2025-12-08 06:52:18;Hi... Terima kasih atas review dan rating yang diberikan. Kami akan terus melakukan perbaikan dan penyempurnaan aplikasi Mobile JKN untuk memberikan kemudahan bagi peserta dan calon peserta JKN. Jika ada kendala, Anda dapat menghubungi Care Center BPJS Kesehatan melalui nomor 165 (24 jam). Terima kasih.;2025-12-11 07:34:20;4.14.0;;;;;;;
4a5109f8-7e7c-4885-8f75-a6aea22bc8ba;Mhd devor Putra arindra;https://play-lh.googleusercontent.com/a/ACg8ocIGGTW6ebD2CrCho4y4gSqwwFctDoszt5K0YxPFfzwDIg4Gig=mo;bagus lah membantu gk ribet;5;0;4.14.0;2025-12-08 06:37:16;Hi... Terima kasih atas review dan rating yang diberikan. Kami akan terus melakukan perbaikan dan penyempurnaan aplikasi Mobile JKN untuk memberikan kemudahan bagi peserta dan calon peserta JKN. Jika ada kendala, Anda dapat menghubungi Care Center BPJS Kesehatan melalui nomor 165 (24 jam). Terima kasih.;2025-12-11 07:34:15;4.14.0;;;;;;;
e9281d4f-438f-4369-85a8-9808c6ffdfc3;Prima 04;https://play-lh.googleusercontent.com/a-/ALV-UjV-q8l1j8ibHo3S4PB2BXydkaXVucWGgwJYgIdTKZrOQqwtoy8;gak bisa login;1;0;4.14.0;2025-12-08 06:24:48;"Mohon maaf atas ketidaknyamanannya. Jika Anda sudah memiliki user Pengguna Mobile JKN, dapat langsung masuk/login dengan menginput NIK KTP dan password yang sudah didaftarkan. atau lakukan registrasi Pengguna Mobile JKN terlebih dahulu (jika belum terdaftar user Mobile JKN) dengan memilih ""Daftar"". Terima kasih.";2025-12-11 07:33:46;4.14.0;;;;;;;
57182062-25bf-4453-b401-7a2468578968;Ranty Wulandari;https://play-lh.googleusercontent.com/a-/ALV-UjXg_4f2Uk5Y1JSCVCQuaK3H5wmgUwzrqde3AAIxk1m2Sw90MbME;pelayanan online nya sangat cepat dan udah terimakasih 🙏;5;0;4.13.1;2025-12-08 06:20:29;Hi... Terima kasih atas review dan rating yang diberikan. Kami akan terus melakukan perbaikan dan penyempurnaan aplikasi Mobile JKN untuk memberikan kemudahan bagi peserta dan calon peserta JKN. Jika ada kendala, Anda dapat menghubungi Care Center BPJS Kesehatan melalui nomor 165 (24 jam). Terima kasih.;2025-12-11 07:34:14;4.13.1;;;;;;;
8cca1a79-5792-4885-bdcc-10f25bb78192;Faiz Kh;https://play-lh.googleusercontent.com/a-/ALV-UjVh23d7VfJ-9sEvdxQBVMa67QtyOYUpD7sPldT8o29rdFlNNvs;tidak bisa mengirim penilaian kesan n pesan stelah berobat ,, gagal terussss;2;0;4.14.0;2025-12-08 06:01:15;Mohon maaf atas ketidaknyamanannya. Terkait kendala yang dialami, Anda dapat menyampaikan kendala dengan melampirkan tangkapan layar/video dengan device lain ke alamat email : carecenter@bpjs-kesehatan.go.id untuk kemudahan proses tindak lanjut. Terima kasih.;2025-12-11 07:34:04;4.14.0;;;;;;;
f36c4e3a-fc2f-4c3a-8ea0-aa9d8c116d96;Sri Nuryani;https://play-lh.googleusercontent.com/a/ACg8ocLA2MildOq_9CJzKpHBqm1w2-uZHVNHdyfLYdyzPWMr2fV94Q=mo;baik ,hanya saja suka keluar secara tiba tiba;5;0;4.14.0;2025-12-08 06:00:56;Hi... Terima kasih atas review dan rating yang diberikan. Kami akan terus melakukan perbaikan dan penyempurnaan aplikasi Mobile JKN untuk memberikan kemudahan bagi peserta dan calon peserta JKN. Jika ada kendala, Anda dapat menghubungi Care Center BPJS Kesehatan melalui nomor 165 (24 jam). Terima kasih.;2025-12-11 07:34:12;4.14.0;;;;;;;
c5c8b6c9-3e18-4470-a285-a0bf5e9372c3;Ipul Blonfor;https://play-lh.googleusercontent.com/a/ACg8ocIf4OZH_3mH0-2fGlzb7U5-b3l0XF5CeFii_0lEkbA14vSQ4Q=mo;bro,perbaiki lagi system antriannya,saat pas mau kontrol ke faskes 3 mesti ga muncul rujukannya padahal sudah daftar ke faskes 3;1;0;;2025-12-08 05:53:25;Mohon maaf atas ketidaknyamanan yang Anda alami. Surat rujukan yang diterbitkan oleh Faskes I dapat ditemukan melalui fitur “Info Riwayat Pelayanan” pada riwayat kunjungan Anda di Faskes I. Terima kasih.;2025-12-11 07:34:56;;;;;;;;
1c84f5f8-10e2-4ad7-9498-031e231dc3ef;Farhan Achmad;https://play-lh.googleusercontent.com/a-/ALV-UjULLG2A3yW6A-GHGlkNj8vHSh_59KZkspcRrLu1Ac7TQozadSU;Mantap Betul aplikasinya..Banyak bermanfaat buat semua orang.;5;0;4.14.0;2025-12-08 05:52:25;Hi... Terima kasih atas review dan rating yang diberikan. Kami akan terus melakukan perbaikan dan penyempurnaan aplikasi Mobile JKN untuk memberikan kemudahan bagi peserta dan calon peserta JKN. Jika ada kendala, Anda dapat menghubungi Care Center BPJS Kesehatan melalui nomor 165 (24 jam). Terima kasih.;2025-12-11 07:34:29;4.14.0;;;;;;;
ec7f44f0-7116-40f8-9bb1-fab96329fc64;Syahrul Unikeyy;https://play-lh.googleusercontent.com/a/ACg8ocLJtTv4EvCzlndP1z2tffTVXbz5OJnM0RDsfJM8JjrwdPbG_g=mo;godd job;5;0;4.14.0;2025-12-08 05:49:29;Hi... Terima kasih atas review dan rating yang diberikan. Kami akan terus melakukan perbaikan dan penyempurnaan aplikasi Mobile JKN untuk memberikan kemudahan bagi peserta dan calon peserta JKN. Jika ada kendala, Anda dapat menghubungi Care Center BPJS Kesehatan melalui nomor 165 (24 jam). Terima kasih.;2025-12-11 07:34:30;4.14.0;;;;;;;
4155c5a7-8cfd-44bf-83b4-e89c4fc8dbf1;Edy Purwanto;https://play-lh.googleusercontent.com/a/ACg8ocK2NUf0w14UAA0GxrPFnXmeXnVDfSWhaAb1nKQ9qxiksBvL2g=mo;aplikasi tidak jelas, selalu ke logout sendiri. bukannya mempermudah malah menyusahkan.;1;0;4.14.0;2025-12-08 05:42:48;"Mohon maaf atas ketidaknyamanannya. Jika Anda sudah memiliki user Pengguna Mobile JKN, dapat langsung masuk/login dengan menginput NIK KTP dan password yang sudah didaftarkan. atau lakukan registrasi Pengguna Mobile JKN terlebih dahulu (jika belum terdaftar user Mobile JKN) dengan memilih ""Daftar"". Terima kasih.";2025-12-11 07:35:05;4.14.0;;;;;;;
48ffd2ba-e44e-4637-bb26-bff127c44bcb;Ari Ramdani;https://play-lh.googleusercontent.com/a/ACg8ocKJ1ISOwVnx1ybDhsyv_g_P6YcR1LH1sTHyS6liqrGaDht1eg=mo;gak bisa digunakan;1;0;4.14.0;2025-12-08 05:41:19;"Mohon maaf atas ketidaknyamanannya. Jika Anda sudah memiliki user Pengguna Mobile JKN, dapat langsung masuk/login dengan menginput NIK KTP dan password yang sudah didaftarkan. atau lakukan registrasi Pengguna Mobile JKN terlebih dahulu (jika belum terdaftar user Mobile JKN) dengan memilih ""Daftar"". Terima kasih.";2025-12-11 07:35:07;4.14.0;;;;;;;
29ac5119-ec2d-43b1-b2a5-edef9f8b6922;Wahyu Setiawan1975;https://play-lh.googleusercontent.com/a-/ALV-UjXpLVX581QEFZQfCoxGqmhk6eTWvgxLBeSbbWhG32OQG3xvPPI;bermanfaat, good job;5;0;4.14.0;2025-12-08 05:30:50;Hi... Terima kasih atas review dan rating yang diberikan. Kami akan terus melakukan perbaikan dan penyempurnaan aplikasi Mobile JKN untuk memberikan kemudahan bagi peserta dan calon peserta JKN. Jika ada kendala, Anda dapat menghubungi Care Center BPJS Kesehatan melalui nomor 165 (24 jam). Terima kasih.;2025-12-11 07:34:33;4.14.0;;;;;;;
3aef90f4-0064-4545-844e-621160fd2beb;ANOM WIRO;https://play-lh.googleusercontent.com/a/ACg8ocJ4tufkL8R181wkjXZ_oQi_moa-Rxh9-yeoniPnIP-qmE14p-o=mo;sangat membantu kesehatan terjamin;5;0;4.14.0;2025-12-08 05:28:21;Hi... Terima kasih atas review dan rating yang diberikan. Kami akan terus melakukan perbaikan dan penyempurnaan aplikasi Mobile JKN untuk memberikan kemudahan bagi peserta dan calon peserta JKN. Jika ada kendala, Anda dapat menghubungi Care Center BPJS Kesehatan melalui nomor 165 (24 jam). Terima kasih.;2025-12-11 07:34:35;4.14.0;;;;;;;
4dfd1742-7d75-4059-ba86-7c2f72ecfb2e;Sultan Firdaus;https://play-lh.googleusercontent.com/a/ACg8ocImr7R0_dSUBnQQ7TzqI3J2H4hFFUbtPx0bKDwyeR7qpwXzwg=mo;sangat amat membantu ,biarkan bintang yg mnjwb;5;0;4.14.0;2025-12-08 05:26:56;Hi... Terima kasih atas review dan rating yang diberikan. Kami akan terus melakukan perbaikan dan penyempurnaan aplikasi Mobile JKN untuk memberikan kemudahan bagi peserta dan calon peserta JKN. Jika ada kendala, Anda dapat menghubungi Care Center BPJS Kesehatan melalui nomor 165 (24 jam). Terima kasih.;2025-12-11 07:34:37;4.14.0;;;;;;;
ac627625-0ef1-4acd-95de-71952f7f0a76;Putra Zakaria;https://play-lh.googleusercontent.com/a/ACg8ocJL6S8ZP90dSdz2RxCO28hbsPEljxRvsvRIZakeA0J4rUC5Qg=mo;good;5;0;4.14.0;2025-12-08 05:24:14;Hi... Terima kasih atas review dan rating yang diberikan. Kami akan terus melakukan perbaikan dan penyempurnaan aplikasi Mobile JKN untuk memberikan kemudahan bagi peserta dan calon peserta JKN. Jika ada kendala, Anda dapat menghubungi Care Center BPJS Kesehatan melalui nomor 165 (24 jam). Terima kasih.;2025-12-11 07:34:39;4.14.0;;;;;;;
51b68918-ae50-4fe2-97f6-5136d89cf3b2;wijaya purwanto;https://play-lh.googleusercontent.com/a/ACg8ocJhCBNWf7CY28T9zdvwfUe0cKtItUT_Pig08lXaWBz0UjIcig=mo;mudah;5;0;;2025-12-08 05:21:06;Hi... Terima kasih atas review dan rating yang diberikan. Kami akan terus melakukan perbaikan dan penyempurnaan aplikasi Mobile JKN untuk memberikan kemudahan bagi peserta dan calon peserta JKN. Jika ada kendala, Anda dapat menghubungi Care Center BPJS Kesehatan melalui nomor 165 (24 jam). Terima kasih.;2025-12-11 07:34:40;;;;;;;;
373568c0-d1fd-48c8-98be-fa0eafdae015;Nisz Anisa;https://play-lh.googleusercontent.com/a/ACg8ocJu-RNct6IQHATJ-JjA0EzSADabI5NJ-pVvBa8Fe4TYXNB6hu92=mo;jd lebih mudah karena ada apk ini;5;0;4.14.0;2025-12-08 05:15:11;Hi... Terima kasih atas review dan rating yang diberikan. Kami akan terus melakukan perbaikan dan penyempurnaan aplikasi Mobile JKN untuk memberikan kemudahan bagi peserta dan calon peserta JKN. Jika ada kendala, Anda dapat menghubungi Care Center BPJS Kesehatan melalui nomor 165 (24 jam). Terima kasih.;2025-12-11 07:35:47;4.14.0;;;;;;;
5b960f11-b604-4a2c-9620-946e0a2fd3a1;Sitti Nabila;https://play-lh.googleusercontent.com/a/ACg8ocIZOAx-n9_RtayzCuSyMROj5a3tCdh84bjA-qVJ8FNieUq7xw=mo;kartu bpjs bapak dan mama ku keluar setelah di perbaharui yang tersisa hanya kartu bpjsku saja;3;0;4.14.0;2025-12-08 05:06:00;"Mohon maaf atas ketidaknyamanannya. Jika Anda sudah memiliki user Pengguna Mobile JKN, dapat langsung masuk/login dengan menginput NIK KTP dan password yang sudah didaftarkan. atau lakukan registrasi Pengguna Mobile JKN terlebih dahulu (jika belum terdaftar user Mobile JKN) dengan memilih ""Daftar"". Terima kasih.";2025-12-11 07:35:21;4.14.0;;;;;;;
cf3ad902-4fcd-4a1c-bfaf-ee1fcd8125d7;Aji Darmaji;https://play-lh.googleusercontent.com/a/ACg8ocIBlltUIWCM7RIyaTSqmaj60NJyZwcOZQaUu3XIBpcmggSC6Q=mo;terimakasih sangat membantu;5;0;4.14.0;2025-12-08 05:05:19;Hi... Terima kasih atas review dan rating yang diberikan. Kami akan terus melakukan perbaikan dan penyempurnaan aplikasi Mobile JKN untuk memberikan kemudahan bagi peserta dan calon peserta JKN. Jika ada kendala, Anda dapat menghubungi Care Center BPJS Kesehatan melalui nomor 165 (24 jam). Terima kasih.;2025-12-11 07:35:46;4.14.0;;;;;;;
ed0ffcf2-e910-49d1-ba5a-fc187f4e769e;Arshaipulayu Rahayu;https://play-lh.googleusercontent.com/a/ACg8ocJRdhIf9x0bxRhax9gt3g83xun-7vU5ioihefY7S_FrMmhqJw=mo;sangat baik;5;0;4.14.0;2025-12-08 04:57:07;Hi... Terima kasih atas review dan rating yang diberikan. Kami akan terus melakukan perbaikan dan penyempurnaan aplikasi Mobile JKN untuk memberikan kemudahan bagi peserta dan calon peserta JKN. Jika ada kendala, Anda dapat menghubungi Care Center BPJS Kesehatan melalui nomor 165 (24 jam). Terima kasih.;2025-12-11 07:35:44;4.14.0;;;;;;;
2c2304a4-a75d-44d9-a365-a655b379dc17;Moslem Creator;https://play-lh.googleusercontent.com/a-/ALV-UjVMdbWizXWXwFSMxuw_h8IgwjqN9FIEJav2N-DQ1gDY2Pm_2w1K;nice;5;0;4.14.0;2025-12-08 04:36:11;Hi... Terima kasih atas review dan rating yang diberikan. Kami akan terus melakukan perbaikan dan penyempurnaan aplikasi Mobile JKN untuk memberikan kemudahan bagi peserta dan calon peserta JKN. Jika ada kendala, Anda dapat menghubungi Care Center BPJS Kesehatan melalui nomor 165 (24 jam). Terima kasih.;2025-12-11 07:35:42;4.14.0;;;;;;;
ad70631b-1d51-4d85-ac53-c270a12b30cc;desti celisia;https://play-lh.googleusercontent.com/a-/ALV-UjUxgHhuljPMlceSXe6FT7GifLFU4BZvdTNQc282qgEeKs5Xx0NI;mantap.;5;0;4.14.0;2025-12-08 04:34:51;Hi... Terima kasih atas review dan rating yang diberikan. Kami akan terus melakukan perbaikan dan penyempurnaan aplikasi Mobile JKN untuk memberikan kemudahan bagi peserta dan calon peserta JKN. Jika ada kendala, Anda dapat menghubungi Care Center BPJS Kesehatan melalui nomor 165 (24 jam). Terima kasih.;2025-12-11 07:35:40;4.14.0;;;;;;;
372652ea-2e81-4add-902c-a37a9acf79b6;Keynan Zandy;https://play-lh.googleusercontent.com/a/ACg8ocKBvbhWT1FtSQZT3KQ3hths5oZNDMBzc4EB6tiNF8Zpn7eMiQ=mo;mantab;5;0;4.14.0;2025-12-08 04:32:59;Hi... Terima kasih atas review dan rating yang diberikan. Kami akan terus melakukan perbaikan dan penyempurnaan aplikasi Mobile JKN untuk memberikan kemudahan bagi peserta dan calon peserta JKN. Jika ada kendala, Anda dapat menghubungi Care Center BPJS Kesehatan melalui nomor 165 (24 jam). Terima kasih.;2025-12-11 07:35:38;4.14.0;;;;;;;
179a1da2-a904-4648-9bba-8c8376a84b90;Zamal Udin;https://play-lh.googleusercontent.com/a-/ALV-UjU6UMa-05MPwgPwO3sDPEGtEufIoGJ9Hf69O3_BGyZ40kG6we9_;aplikasi ini sangat membantu dan mempermudah dalam pengurusan pelayanan kesehatan;5;0;4.14.0;2025-12-08 04:29:48;Hi... Terima kasih atas review dan rating yang diberikan. Kami akan terus melakukan perbaikan dan penyempurnaan aplikasi Mobile JKN untuk memberikan kemudahan bagi peserta dan calon peserta JKN. Jika ada kendala, Anda dapat menghubungi Care Center BPJS Kesehatan melalui nomor 165 (24 jam). Terima kasih.;2025-12-11 07:35:37;4.14.0;;;;;;;
0c9d7074-b8c0-4397-ac5b-9da169bf7fab;Ruswan Wan;https://play-lh.googleusercontent.com/a-/ALV-UjX6YehYfmmHdKgo4zv2-pr7FGy00PLfKqp2HJYffnRkHPNTf2M;ok;5;0;;2025-12-08 04:25:25;Hi... Terima kasih atas review dan rating yang diberikan. Kami akan terus melakukan perbaikan dan penyempurnaan aplikasi Mobile JKN untuk memberikan kemudahan bagi peserta dan calon peserta JKN. Jika ada kendala, Anda dapat menghubungi Care Center BPJS Kesehatan melalui nomor 165 (24 jam). Terima kasih.;2025-12-11 07:35:38;;;;;;;;
f0b5dac4-787c-44c1-8060-783f3e284d08;ZAID REZA AL GANZAL;https://play-lh.googleusercontent.com/a-/ALV-UjW9B7v1J3_z7oVOJv1jXiiPHfYIhfdc1GtcSpC11xKS4vHm7HQl;GOOD;5;0;4.14.0;2025-12-08 04:16:00;Hi... Terima kasih atas review dan rating yang diberikan. Kami akan terus melakukan perbaikan dan penyempurnaan aplikasi Mobile JKN untuk memberikan kemudahan bagi peserta dan calon peserta JKN. Jika ada kendala, Anda dapat menghubungi Care Center BPJS Kesehatan melalui nomor 165 (24 jam). Terima kasih.;2025-12-11 07:36:57;4.14.0;;;;;;;
8a4c7f84-482d-446f-b852-d93b5ffa5294;Toman Haiking Nainggolan;https://play-lh.googleusercontent.com/a-/ALV-UjVaFGpaDMS9hMIDNLDiaO-5Jg80D64_KJ4VmAuodd7sDBWUcb8;aplikasi mantaff;5;0;4.14.0;2025-12-08 04:12:00;Hi... Terima kasih atas review dan rating yang diberikan. Kami akan terus melakukan perbaikan dan penyempurnaan aplikasi Mobile JKN untuk memberikan kemudahan bagi peserta dan calon peserta JKN. Jika ada kendala, Anda dapat menghubungi Care Center BPJS Kesehatan melalui nomor 165 (24 jam). Terima kasih.;2025-12-11 07:36:58;4.14.0;;;;;;;
24397881-58d3-40d7-8f15-fbb9e83802b3;Pengguna Google;https://play-lh.googleusercontent.com/EGemoI2NTXmTsBVtJqk8jxF9rh8ApRWfsIMQSt2uE4OcpQqbFu7f7NbTK05lx80nuSijCz7sc3a277R67g;ok;5;0;4.14.0;2025-12-08 04:07:21;Hi... Terima kasih atas review dan rating yang diberikan. Kami akan terus melakukan perbaikan dan penyempurnaan aplikasi Mobile JKN untuk memberikan kemudahan bagi peserta dan calon peserta JKN. Jika ada kendala, Anda dapat menghubungi Care Center BPJS Kesehatan melalui nomor 165 (24 jam). Terima kasih.;2025-12-11 07:36:59;4.14.0;;;;;;;
8d2b5e2a-c6c0-46f2-9442-115225f00554;Siti Halimah;https://play-lh.googleusercontent.com/a/ACg8ocLGDnPQSf8G3A5MEb0PyaTIMPiu58Ktfzh78Do-wdjiLcH9vw=mo;aplikasi bukan ngebantu malah bikin pusing. logout sendiri pas masuk salah pasword jelas jelas pasword udh gua tulis di kertas masa salah. aplikasi bikin pusing ga ngebantu sama sekali;1;0;4.14.0;2025-12-08 04:06:25;Mohon maaf atas ketidaknyamanannya. Terkait kendala tersebut, mohon agar dapat memastikan kombinasi kata sandi yang dimasukkan. Jika masih terdapat kesalahan, dapat kami sarankan agar Bapak/Ibu memilih menu “Lupa Kata Sandi”. Selanjutnya masukkan Nomor Induk Kependudukan dan Captcha. Terima kasih.;2025-12-11 07:38:03;4.14.0;;;;;;;
8bae5722-168f-4ae6-8049-ff876aeaca74;Kapten Usopp;https://play-lh.googleusercontent.com/a-/ALV-UjVIXQnfAHtFB06lNQDyeVzb0arFl3wAaHHob0RyiK-ebMRu5fz9;aplikasi gak guna, minta pin, tapi gak bisa masukin pin otomatis nya,;1;0;4.14.0;2025-12-08 04:05:12;Mohon maaf atas ketidaknyamanannya. Terkait kendala yang dialami, Anda dapat menyampaikan kendala dengan melampirkan tangkapan layar/video dengan device lain ke alamat email : carecenter@bpjs-kesehatan.go.id untuk kemudahan proses tindak lanjut. Terima kasih.;2025-12-11 07:37:50;4.14.0;;;;;;;
a6420683-563b-4941-a342-cf391359176e;Rudi 49;https://play-lh.googleusercontent.com/a-/ALV-UjXE5qG2C_2vnI9tONZvqXovTXGVehKaQvw022PIY6omM9f2KIg;sangat ribet,tanggalnya tidak muncul terus,,apk jelek harus si perbaiki,,kalau yang sakit parah udah mati duluan.;1;0;4.14.0;2025-12-08 03:54:52;Mohon maaf atas ketidaknyamanannya. Terkait kendala yang dialami, Anda dapat menyampaikan kendala dengan melampirkan tangkapan layar/video dengan device lain ke alamat email : carecenter@bpjs-kesehatan.go.id untuk kemudahan proses tindak lanjut. Terima kasih.;2025-12-11 07:37:47;4.14.0;;;;;;;
1d63187c-4bd1-4f95-b106-daa48fbc4523;Suci Aprianti;https://play-lh.googleusercontent.com/a-/ALV-UjVEeANMw1SpMMpYDoPkNqTL330iNpOSxm3ZmcMaPeH-lRtRK2Y;EH KENAPA NOMOR GUA GAK TERLACAK PADAHAL GUA BAYAR.... APA PERLU NGAMUK DI KANTOR LOE... KENAPA NOMOR RUJUKAN BEDA2 INI KENAPA YA MUMET GUA NGURUSIN ATURAN PEMERINTAH INI. ATURAN BPJS BEDA DENGAN RUMAH SAKIT. PANTAS KALO BANYAK YANG NGAMUK SUDAH PELAYANANNYA LAMA, JELEK BANGET;1;0;4.14.0;2025-12-08 03:54:28;Mohon maaf atas ketidaknyamanannya. Untuk kenyamanan dan keamanan dalam mendapatkan informasi dan menyampaikan pengaduan terkait program JKN-KIS, mohon dapat menyampaikan data identitas Anda melalui Care Center 165 (24 Jam) atau fitur “Pengaduan Layanan JKN” pada Mobile JKN. Terima kasih.;2025-12-11 07:38:27;4.14.0;;;;;;;
ea2239bb-b21f-4fa9-8f6f-f11efb33cdbf;Ilham Alif Januar;https://play-lh.googleusercontent.com/a-/ALV-UjVyD5BN4NlqcM35uEKUl5Tgko8HuwSXyPqHAyOPQ3n1S98a9tZk;gabisa bikin apps;1;0;4.14.0;2025-12-08 03:49:38;Mohon maaf atas ketidaknyamanannya. Terkait kendala yang dialami, Anda dapat menyampaikan kendala dengan melampirkan tangkapan layar/video dengan device lain ke alamat email : carecenter@bpjs-kesehatan.go.id untuk kemudahan proses tindak lanjut. Terima kasih.;2025-12-11 07:37:41;4.14.0;;;;;;;
2ba9aa9d-92e0-4962-83f8-602417d45fba;priyanto aja;https://play-lh.googleusercontent.com/a/ACg8ocLcm57PQkRILk-S7WtzFU5BG_InlxEFoUH_n-PZv7aUhallcQ=mo;bagus sgat membantu;5;0;;2025-12-08 03:43:50;Hi... Terima kasih atas review dan rating yang diberikan. Kami akan terus melakukan perbaikan dan penyempurnaan aplikasi Mobile JKN untuk memberikan kemudahan bagi peserta dan calon peserta JKN. Jika ada kendala, Anda dapat menghubungi Care Center BPJS Kesehatan melalui nomor 165 (24 jam). Terima kasih.;2025-12-11 07:37:06;;;;;;;;
36043a41-2dd7-402e-b3b3-4c387f3def2d;Freddy poerba;https://play-lh.googleusercontent.com/a-/ALV-UjVx_Za0pp7WfGziEJ1c4FNpuFNeF0BwrknqcNHh3Daxh7Ao1UeF;good;5;0;4.14.0;2025-12-08 03:41:53;Hi... Terima kasih atas review dan rating yang diberikan. Kami akan terus melakukan perbaikan dan penyempurnaan aplikasi Mobile JKN untuk memberikan kemudahan bagi peserta dan calon peserta JKN. Jika ada kendala, Anda dapat menghubungi Care Center BPJS Kesehatan melalui nomor 165 (24 jam). Terima kasih.;2025-12-11 07:37:06;4.14.0;;;;;;;
bd0e893a-e97a-4584-8cec-3695df6347ab;Tahu Tempe;https://play-lh.googleusercontent.com/a-/ALV-UjUxZtJ4LdPy3cbO_qe9UgwtUY4ijSbYc2GnnHiqAwiLlBUpCr7C;aplikasi bobrok di buka aja gak bisa;1;0;4.14.0;2025-12-08 03:41:13;"Mohon maaf atas ketidaknyamanannya. Jika Anda sudah memiliki user Pengguna Mobile JKN, dapat langsung masuk/login dengan menginput NIK KTP dan password yang sudah didaftarkan. atau lakukan registrasi Pengguna Mobile JKN terlebih dahulu (jika belum terdaftar user Mobile JKN) dengan memilih ""Daftar"". Terima kasih.";2025-12-11 07:39:31;4.14.0;;;;;;;
86e4e06c-c964-40e8-a71b-f5cb1417292d;Sugi Gono;https://play-lh.googleusercontent.com/a/ACg8ocJiuOhmBz1QB2AoF_hdQn0bIE0gvWBrt6k8EtSanXqyvZRnCQ=mo;saat mendaftar mendapat banyak kesulitan ini salah itu salah Jahat banget sih bukan nya dipermudah apa apa sulit aplikasi jahat;1;0;4.14.0;2025-12-08 03:37:54;"Mohon maaf atas ketidaknyamanannya. Jika Anda sudah memiliki user Pengguna Mobile JKN, dapat langsung masuk/login dengan menginput NIK KTP dan password yang sudah didaftarkan. atau lakukan registrasi Pengguna Mobile JKN terlebih dahulu (jika belum terdaftar user Mobile JKN) dengan memilih ""Daftar"". Terima kasih.";2025-12-11 07:39:35;4.14.0;;;;;;;
5ffd82be-ed09-4c0c-ab2e-cc919bc63fd6;Mencari berkah Dunia akherat;https://play-lh.googleusercontent.com/a-/ALV-UjUgPJAEVtEfcsscD1GAULtFKDSRNJaa80IuMvOkEnFtXyqEhnAe;terimakasih sangat membantu untuk berobat keluarga saya;5;0;4.14.0;2025-12-08 03:34:22;Hi... Terima kasih atas review dan rating yang diberikan. Kami akan terus melakukan perbaikan dan penyempurnaan aplikasi Mobile JKN untuk memberikan kemudahan bagi peserta dan calon peserta JKN. Jika ada kendala, Anda dapat menghubungi Care Center BPJS Kesehatan melalui nomor 165 (24 jam). Terima kasih.;2025-12-11 07:38:36;4.14.0;;;;;;;
8e340261-809b-4e93-b2fe-e30826874cc9;Sexy Road;https://play-lh.googleusercontent.com/a-/ALV-UjVJF3l-sPllb1tJK32Q-5UQOybvFvZTziUiOICAmQsL3G34STf_;bagus;5;0;;2025-12-08 03:34:13;Hi... Terima kasih atas review dan rating yang diberikan. Kami akan terus melakukan perbaikan dan penyempurnaan aplikasi Mobile JKN untuk memberikan kemudahan bagi peserta dan calon peserta JKN. Jika ada kendala, Anda dapat menghubungi Care Center BPJS Kesehatan melalui nomor 165 (24 jam). Terima kasih.;2025-12-11 07:38:37;;;;;;;;
73cd4e56-974b-4ee5-b701-659be3150fcd;nurqairiah yusuf;https://play-lh.googleusercontent.com/a/ACg8ocJuySiUFhIQKfH-v7vfU_Mt7jvawiomIHVn328T7Hy76o2U=mo;membantu banget;5;0;4.14.0;2025-12-08 03:30:20;Hi... Terima kasih atas review dan rating yang diberikan. Kami akan terus melakukan perbaikan dan penyempurnaan aplikasi Mobile JKN untuk memberikan kemudahan bagi peserta dan calon peserta JKN. Jika ada kendala, Anda dapat menghubungi Care Center BPJS Kesehatan melalui nomor 165 (24 jam). Terima kasih.;2025-12-11 07:38:38;4.14.0;;;;;;;
d5756bbb-c489-423a-a9a5-f192bd221836;Ara Tiara;https://play-lh.googleusercontent.com/a/ACg8ocIOFxZX1FQc9dpnzPTEKtwHrlPKQuqP66hTzBJ2NnN6hA0HZA=mo;tolong, kembalikan aplikasinya seperti yang lalu. masa ambil antrean saja tidak bisa discreenshot. tidak semua orang punya ponsel masing2. minimal bisa di screenshot. toh, cuman nomor antrian untuk di tunjukkan ke petugas medis saja.;2;0;;2025-12-08 03:24:16;Mohon maaf atas ketidaknyamanannya. Update terbaru bertujuan untuk memberikan keamanan dan kenyamanan Peserta. Jika terjadi kendala, Anda dapat menyampaikan laporan melalui email ke carecenter@bpjs-kesehatan.go.id. Terima kasih.;2025-12-11 07:39:23;;;;;;;;
4e1aef73-101f-418f-ba62-9cbe5845e8d1;Isti Mokodompit;https://play-lh.googleusercontent.com/a-/ALV-UjUQfisBlktJB5FBOUoPZfYgaZhdUSnavKRkt-tq9G8c2xdhIuY;pelayanan sangat baik;5;0;4.14.0;2025-12-08 03:19:35;Hi... Terima kasih atas review dan rating yang diberikan. Kami akan terus melakukan perbaikan dan penyempurnaan aplikasi Mobile JKN untuk memberikan kemudahan bagi peserta dan calon peserta JKN. Jika ada kendala, Anda dapat menghubungi Care Center BPJS Kesehatan melalui nomor 165 (24 jam). Terima kasih.;2025-12-11 07:38:40;4.14.0;;;;;;;
eb9e602d-f891-4e64-948f-1bcfb378c9f2;Sinta Saraswati;https://play-lh.googleusercontent.com/a/ACg8ocJVOJXZyVAEIoBwn9mDtPUTK5vfGflOD9UsmpU-Jv7zRMmhXw=mo;susah sekali mau daftar... di bagian verifikasi wajahh selalu gagal.. ada 1 jam lebih verifikasi wajah selalu gagal... mempersulit !!!!;1;0;4.14.0;2025-12-08 03:17:29;Mohon maaf atas ketidaknyamanannya. Terkait kendala yang dialami, Anda dapat menyampaikan kendala dengan melampirkan tangkapan layar/video dengan device lain ke alamat email : carecenter@bpjs-kesehatan.go.id untuk kemudahan proses tindak lanjut. Terima kasih.;2025-12-11 07:39:03;4.14.0;;;;;;;
42b5a24d-f4e1-41f7-a089-449515e14443;Anggita K89;https://play-lh.googleusercontent.com/a-/ALV-UjVlPqki6MAn25hE6rxwpX66sw61zQ2o8haaez5iHx7WUfoXRwIV;mudah praktis;5;0;4.14.0;2025-12-08 03:15:51;Hi... Terima kasih atas review dan rating yang diberikan. Kami akan terus melakukan perbaikan dan penyempurnaan aplikasi Mobile JKN untuk memberikan kemudahan bagi peserta dan calon peserta JKN. Jika ada kendala, Anda dapat menghubungi Care Center BPJS Kesehatan melalui nomor 165 (24 jam). Terima kasih.;2025-12-11 07:38:54;4.14.0;;;;;;;
cac0bea2-50cc-47ca-830e-56b9724de1bc;Aris Krator;https://play-lh.googleusercontent.com/a/ACg8ocJoxTQb8oiTbopVXW9AtytPWkgoXIdBZQ2pdcJOA5kkzoa6Jw=mo;ok membantu;5;0;;2025-12-08 03:15:45;Hi... Terima kasih atas review dan rating yang diberikan. Kami akan terus melakukan perbaikan dan penyempurnaan aplikasi Mobile JKN untuk memberikan kemudahan bagi peserta dan calon peserta JKN. Jika ada kendala, Anda dapat menghubungi Care Center BPJS Kesehatan melalui nomor 165 (24 jam). Terima kasih.;2025-12-11 07:38:52;;;;;;;;
052d54e7-99a1-4999-be27-81290bac2aa1;Andy Dwi Prasetyo;https://play-lh.googleusercontent.com/a/ACg8ocJSuSJBPDA1wDG0dLn6eXoBlvo7Hdu63BEHM8vKATDAvaZeLA=mo;aplikasi eror, tidak bisa pindah faskes dan pengaduan.;1;0;4.14.0;2025-12-08 03:14:11;Mohon maaf atas ketidaknyamanannya. Terkait kendala yang dialami, Anda dapat menyampaikan kendala dengan melampirkan tangkapan layar/video dengan device lain ke alamat email : carecenter@bpjs-kesehatan.go.id untuk kemudahan proses tindak lanjut. Terima kasih.;2025-12-11 08:20:50;4.14.0;;;;;;;
ba871c27-87f4-4b57-9a19-7d8e448d284c;Onchu Lating;https://play-lh.googleusercontent.com/a/ACg8ocJQVT9C1eIRCNFQu2hYjy36gYRb6uqqGRDxZWgbABESlkgg=mo;burukk bangettt knpa akhir² ini aplikasny sering trouble jdi malas makeee;1;0;4.14.0;2025-12-08 03:13:29;"Mohon maaf atas ketidaknyamanannya. Jika Anda sudah memiliki user Pengguna Mobile JKN, dapat langsung masuk/login dengan menginput NIK KTP dan password yang sudah didaftarkan. atau lakukan registrasi Pengguna Mobile JKN terlebih dahulu (jika belum terdaftar user Mobile JKN) dengan memilih ""Daftar"". Terima kasih.";2025-12-11 07:39:55;4.14.0;;;;;;;
0fe5a620-1210-4ed0-bd2d-b25057323a5d;Jahidi 6;https://play-lh.googleusercontent.com/a/ACg8ocLux8DrpxFxbZL07BoqCzvzMPqo0y4ExuDaJDeRZlqR0V_PUyg=mo;Gimna mau ngirim video layar atau SS orang ngga bisa di ss/v layar .. di page login captcha muter trus ngga nongol-nongol.. kendala kaya gini udah lama banget ngga di betul²in kenapa?;1;0;;2025-12-08 03:12:16;Mohon maaf atas ketidaknyamanannya. Terkait kendala yang dialami, Anda dapat menyampaikan kendala dengan melampirkan tangkapan layar/video dengan device lain ke alamat email : carecenter@bpjs-kesehatan.go.id untuk kemudahan proses tindak lanjut. Terima kasih.;2025-12-11 08:21:08;;;;;;;;
266ad3bb-ea4f-4948-aa42-7d611e70092e;Meylindasari Putri;https://play-lh.googleusercontent.com/a-/ALV-UjUFC3A2pVF1S3SWOUx7lOpYZ3Z6sL5MPdU1-sYF-8U9YhRIQsjz;JELEK PISAN JKN NYA susah login mulu;1;0;;2025-12-08 03:09:12;"Mohon maaf atas ketidaknyamanannya. Jika Anda sudah memiliki user Pengguna Mobile JKN, dapat langsung masuk/login dengan menginput NIK KTP dan password yang sudah didaftarkan. atau lakukan registrasi Pengguna Mobile JKN terlebih dahulu (jika belum terdaftar user Mobile JKN) dengan memilih ""Daftar"". Terima kasih.";2025-12-11 07:39:59;;;;;;;;
4f9f1934-6c6b-4a04-a98b-2763615bf8bc;Andi Akbar Makkasau;https://play-lh.googleusercontent.com/a/ACg8ocKJXLKz3ody382os2fPrE_4ytLC0yFLoJD8KqE-zQHmFeoS0w=mo;bagus;5;0;4.14.0;2025-12-08 03:07:50;Hi... Terima kasih atas review dan rating yang diberikan. Kami akan terus melakukan perbaikan dan penyempurnaan aplikasi Mobile JKN untuk memberikan kemudahan bagi peserta dan calon peserta JKN. Jika ada kendala, Anda dapat menghubungi Care Center BPJS Kesehatan melalui nomor 165 (24 jam). Terima kasih.;2025-12-11 08:21:17;4.14.0;;;;;;;
d4f59472-d047-4c0d-a7fe-359bfd029e8e;Ari Diramsah;https://play-lh.googleusercontent.com/a-/ALV-UjXAY4UEtw6i9vZTEUmLV5JqiBwj7XqUukmdVv_QRNnf6C9MF7xj;bukanya mempermudah malah mempersulit, kalau belum siap digitalisasi jangan maksain yang ada kaya gini. orang mau berobat dibuat susah gara2 aplikasi eror Mulu;1;0;4.14.0;2025-12-08 03:03:39;"Mohon maaf atas ketidaknyamanannya. Jika Anda sudah memiliki user Pengguna Mobile JKN, dapat langsung masuk/login dengan menginput NIK KTP dan password yang sudah didaftarkan. atau lakukan registrasi Pengguna Mobile JKN terlebih dahulu (jika belum terdaftar user Mobile JKN) dengan memilih ""Daftar"". Terima kasih.";2025-12-11 07:40:03;4.14.0;;;;;;;
0a17cee9-5435-436b-834e-25f1168c4b97;Muchtar Ali;https://play-lh.googleusercontent.com/a-/ALV-UjW9QmYN04VQ7QHkKYBoKw58BWRNt9sgbSQGRFKSQ48HicxGenCk;app kurang berkualitas mohon di upgrade biar gak lemot;1;0;4.14.0;2025-12-08 03:00:25;"Mohon maaf atas ketidaknyamanannya. Jika Anda sudah memiliki user Pengguna Mobile JKN, dapat langsung masuk/login dengan menginput NIK KTP dan password yang sudah didaftarkan. atau lakukan registrasi Pengguna Mobile JKN terlebih dahulu (jika belum terdaftar user Mobile JKN) dengan memilih ""Daftar"". Terima kasih.";2025-12-11 07:40:12;4.14.0;;;;;;;
9365b8b7-f1d4-4990-8e10-71f554629630;Ayi Suharyawati;https://play-lh.googleusercontent.com/a/ACg8ocJzE7aW80QbBarqcX5vlwcV9_3ARFuR1M96syz6DrhZ0Ivcrw=mo;aplikasi paling jelek sering pisan gangguan, kalau bukan karna diwajibkan oleh si bpjs mah gak mungkin saya instal aplikasi ini;1;0;4.14.0;2025-12-08 03:00:07;"Mohon maaf atas ketidaknyamanannya. Jika Anda sudah memiliki user Pengguna Mobile JKN, dapat langsung masuk/login dengan menginput NIK KTP dan password yang sudah didaftarkan. atau lakukan registrasi Pengguna Mobile JKN terlebih dahulu (jika belum terdaftar user Mobile JKN) dengan memilih ""Daftar"". Terima kasih.";2025-12-11 07:40:15;4.14.0;;;;;;;
b4e977cc-b0db-4bac-a3f6-250961267a89;Hendri Murdani;https://play-lh.googleusercontent.com/a/ACg8ocL-3hhq5lfcbbVFicDDBzl43xqDjX7NKGHJkBLkbncvhz2W0A=mo;harus di tingkatkan lagi apknya. kenapa harus logout melulu. dan login lagi. ribettt;3;0;4.14.0;2025-12-08 02:59:57;"Mohon maaf atas ketidaknyamanannya. Jika Anda sudah memiliki user Pengguna Mobile JKN, dapat langsung masuk/login dengan menginput NIK KTP dan password yang sudah didaftarkan. atau lakukan registrasi Pengguna Mobile JKN terlebih dahulu (jika belum terdaftar user Mobile JKN) dengan memilih ""Daftar"". Terima kasih.";2025-12-11 07:40:17;4.14.0;;;;;;;
745ecafb-d69e-4c16-b5dd-dcbc84dfbd20;057 Agisni Maharani;https://play-lh.googleusercontent.com/a-/ALV-UjUTxS0GcGhhbf4Hp_C1ms1oSAPLO39-cbkfkGca8TLcbGdCQIN5;apk jelek banget loading terus padahal internet bagus, administrasi kesehatan kek gini memperibet;1;0;4.13.1;2025-12-08 02:59:14;Mohon maaf atas ketidaknyamanannya. Terkait kendala yang dialami, Anda dapat menyampaikan kendala dengan melampirkan tangkapan layar/video dengan device lain ke alamat email : carecenter@bpjs-kesehatan.go.id untuk kemudahan proses tindak lanjut. Terima kasih.;2025-12-11 08:21:45;4.13.1;;;;;;;
35fec70e-9644-45ba-918c-4d9d1feaeebb;Ema Mulyati;https://play-lh.googleusercontent.com/a-/ALV-UjXYOEnKlYHD99l_z8GLsy3QXM6Gubr7qIe3bPXoxa2aA8BF6ss;ok;5;0;4.12.0;2025-12-08 02:57:14;Hi... Terima kasih atas review dan rating yang diberikan. Kami akan terus melakukan perbaikan dan penyempurnaan aplikasi Mobile JKN untuk memberikan kemudahan bagi peserta dan calon peserta JKN. Jika ada kendala, Anda dapat menghubungi Care Center BPJS Kesehatan melalui nomor 165 (24 jam). Terima kasih.;2025-12-11 08:21:31;4.12.0;;;;;;;
fa92dab9-5f46-49f4-902d-17d785c3ab76;Mellow Die;https://play-lh.googleusercontent.com/a-/ALV-UjXxqusUqeSwUkabv3KytG5MuRZbUnPPMZ-81KyzmRrRNT33RviJ;tiap hari senin eror mulu, kasian pasien nunggu lama;1;0;4.14.0;2025-12-08 02:51:21;Mohon maaf atas ketidaknyamanannya. Terkait kendala yang dialami, Anda dapat menyampaikan kendala dengan melampirkan tangkapan layar/video dengan device lain ke alamat email : carecenter@bpjs-kesehatan.go.id untuk kemudahan proses tindak lanjut. Terima kasih.;2025-12-11 08:21:56;4.14.0;;;;;;;
1526a0cd-27e7-47d7-aa28-53feca56e710;berbagi chanel;https://play-lh.googleusercontent.com/a-/ALV-UjWHaE8IcbRdY5h6Mj7dzWC7gCc71O1EXWfmOzpvLc16ACMlLeYj;woooiiii .. udh pembaharuan mlh ga bs masuk bnjiiiirrr !!!;1;0;4.14.0;2025-12-08 02:51:17;"Mohon maaf atas ketidaknyamanannya. Jika Anda sudah memiliki user Pengguna Mobile JKN, dapat langsung masuk/login dengan menginput NIK KTP dan password yang sudah didaftarkan. atau lakukan registrasi Pengguna Mobile JKN terlebih dahulu (jika belum terdaftar user Mobile JKN) dengan memilih ""Daftar"". Terima kasih.";2025-12-11 08:22:35;4.14.0;;;;;;;
60d6c0d4-4788-40f2-80df-ac5a18e1d767;Ufika 2396;https://play-lh.googleusercontent.com/a-/ALV-UjXPuTVhdg6irfFH6xYtCCShLPtpnMmTkAwQweDJ3y649q2F5R4;knpa ini akun keluar2 sendiri.. pas login lagi ga bisa2 .. padahal sinyal bagus tp yg katanya captcha salah kek, nik salah kek, sandi salah kek .. pdhal bener semua .. karna saya save sandi jd gak mungkin banget saya lupa karna saya lihat gak ingat2 🫩 pdhal mau buat lihat kartu BPJS anak saya besok mau dibuat posyandu..;1;0;4.14.0;2025-12-08 02:51:12;"Mohon maaf atas ketidaknyamanannya. Jika Anda sudah memiliki user Pengguna Mobile JKN, dapat langsung masuk/login dengan menginput NIK KTP dan password yang sudah didaftarkan. atau lakukan registrasi Pengguna Mobile JKN terlebih dahulu (jika belum terdaftar user Mobile JKN) dengan memilih ""Daftar"". Terima kasih.";2025-12-11 08:22:30;4.14.0;;;;;;;
b14d4be0-4dba-4487-880b-cc35e40b9e8c;Fahrul Huda;https://play-lh.googleusercontent.com/a/ACg8ocK49EMu0Wp7bbtC-rz3qlWcdeMhN9Bvsf2Boag48xSPUjs9BQ=mo;dari awal download stelah update ga bisa masuk aplikasi dikarenakan capcha tidak muncul, bagaimana ini solusinya ????????????????????????????;1;0;4.14.0;2025-12-08 02:50:52;Mohon maaf atas ketidaknyamanannya. Terkait kendala yang dialami, Anda dapat menyampaikan kendala dengan melampirkan tangkapan layar/video dengan device lain ke alamat email : carecenter@bpjs-kesehatan.go.id untuk kemudahan proses tindak lanjut. Terima kasih.;2025-12-11 08:22:04;4.14.0;;;;;;;
44a3eee3-dcca-4659-acbd-4a9c242036ba;Muhammad Haiqal;https://play-lh.googleusercontent.com/a-/ALV-UjW2N4f_T_-NGor0Z6-tIf1eUwg850cJmdeQNJu3QVQO7ro6Wplv;ribet sumpah kalo udh daftar sesuai data nomor HP dan lain lain mintak ,nomor lain pulak yang di kasih di mintak ganti harus hubungin ribet kali katanya nunggu besok udh di tunggu gk ada jawaban mau ngurus aja ribet amat . kalo bisa buat lah di profile itu atau ganti email sama nomor HP biar gampang ini mau ganti harus chat dulu udh verikasi wajah gagal mulu verifikasi nomor malah nomor lain yang di data bisa bisanya nomor lama aku yang di masukan nomor itu gk ada;2;0;4.14.0;2025-12-08 02:50:46;Mohon maaf atas ketidaknyamanannya. Terkait kendala tersebut, mohon dapat melakukan pendaftaran nomor handphone melalui Care Center BPJS Kesehatan melalui nomor 165 (24 jam) atau melalui email : carecenter@bpjs-kesehatan.go.id untuk kemudahan proses tindak lanjut. Terima kasih.;2025-12-11 08:23:11;4.14.0;;;;;;;
46dfd8f3-7bd0-4779-82d8-7bdfec96781f;Khamalina P . A;https://play-lh.googleusercontent.com/a-/ALV-UjWCqScFswqUxh5OvUY3kVELMU_7eHybjHP2tI6DE7phjaY5dvMw;Tak bisa login, eror parah;1;0;;2025-12-08 02:50:21;Mohon maaf atas ketidaknyamanannya. Terkait kendala yang dialami, Anda dapat menyampaikan kendala dengan melampirkan tangkapan layar/video dengan device lain ke alamat email : carecenter@bpjs-kesehatan.go.id untuk kemudahan proses tindak lanjut. Terima kasih.;2025-12-11 08:22:15;;;;;;;;
f88d3be4-61ed-4311-a1a4-03baa1dab271;Offensive Football;https://play-lh.googleusercontent.com/a/ACg8ocIiD9hqslUCe7s0PN3MiMVq5a9rVpejWLGdf43IW6_fsZBB-Q=mo;aplikasi sering keluar sendiri;1;0;4.9.0;2025-12-08 02:49:51;"Mohon maaf atas ketidaknyamanannya. Jika Anda sudah memiliki user Pengguna Mobile JKN, dapat langsung masuk/login dengan menginput NIK KTP dan password yang sudah didaftarkan. atau lakukan registrasi Pengguna Mobile JKN terlebih dahulu (jika belum terdaftar user Mobile JKN) dengan memilih ""Daftar"". Terima kasih.";2025-12-11 08:22:24;4.9.0;;;;;;;
c83c0734-2e87-4e74-8208-e761b015eb96;Sikas Naga;https://play-lh.googleusercontent.com/a-/ALV-UjW22bvwcday2aOMNhMxVN-VUI8GeJY4ImYLmPfliNj5TXQoOwu6;sering gangguan saat benar-benar di butuhkan...;1;0;4.14.0;2025-12-08 02:49:47;"Mohon maaf atas ketidaknyamanannya. Jika Anda sudah memiliki user Pengguna Mobile JKN, dapat langsung masuk/login dengan menginput NIK KTP dan password yang sudah didaftarkan. atau lakukan registrasi Pengguna Mobile JKN terlebih dahulu (jika belum terdaftar user Mobile JKN) dengan memilih ""Daftar"". Terima kasih.";2025-12-11 08:24:21;4.14.0;;;;;;;
f9015efd-decb-4b23-8b82-42e2295d2290;maulana jalalludin;https://play-lh.googleusercontent.com/a/ACg8ocK1usTwvwVHSm-n27xn5YVmnz1zMvj9lbayLord-IS_z6mokQ=mo;mau daftar tapi captcha nya tidak mau muncul sudah dicoba berkali-kali;1;0;;2025-12-08 02:49:39;Mohon maaf atas ketidaknyamanannya. Terkait kendala yang dialami, Anda dapat menyampaikan kendala dengan melampirkan tangkapan layar/video dengan device lain ke alamat email : carecenter@bpjs-kesehatan.go.id untuk kemudahan proses tindak lanjut. Terima kasih.;2025-12-11 08:24:29;;;;;;;;
4a43eb99-2801-433f-90df-f09540da3cbb;Santi Nugraha;https://play-lh.googleusercontent.com/a-/ALV-UjXIvSuCjib-gEU3FRzxULjvKtP5lDwUBxWgmbmmuzs-sXFmvsNuXw;Tolong adain lagi fitur screenshot di aplikasi. biar lebih gampang klo mau tolong ambilin no antrian punya sodaraaaaaaaa;4;0;4.14.0;2025-12-08 02:49:29;Mohon maaf atas ketidaknyamanannya. Update terbaru bertujuan untuk memberikan keamanan dan kenyamanan Peserta. Jika terjadi kendala, Anda dapat menyampaikan laporan melalui email ke carecenter@bpjs-kesehatan.go.id. Terima kasih.;2025-12-11 08:25:08;4.14.0;;;;;;;
137f13ec-c917-46d3-955c-02939864aac5;Akhmad Fathoni;https://play-lh.googleusercontent.com/a-/ALV-UjWJv9-_FxVJjrDL6J2BbO9UIEQvTCJGs5Wzr9ztj4zHdxywzZVZ;gajelas kode captcha ga muncul gabisa login;1;0;4.14.0;2025-12-08 02:48:59;Mohon maaf atas ketidaknyamanannya. Terkait kendala yang dialami, Anda dapat menyampaikan kendala dengan melampirkan tangkapan layar/video dengan device lain ke alamat email : carecenter@bpjs-kesehatan.go.id untuk kemudahan proses tindak lanjut. Terima kasih.;2025-12-11 08:24:34;4.14.0;;;;;;;
7779ee9d-1cbb-483d-b219-6c942533e7f0;sani kagawa;https://play-lh.googleusercontent.com/a-/ALV-UjWoiW4b56bnK5acL-9ppfFAm7qjD_FgNWMuYiugEL62rmuX36E;tolol;1;0;4.14.0;2025-12-08 02:48:55;"Mohon maaf atas ketidaknyamanannya. Jika Anda sudah memiliki user Pengguna Mobile JKN, dapat langsung masuk/login dengan menginput NIK KTP dan password yang sudah didaftarkan. atau lakukan registrasi Pengguna Mobile JKN terlebih dahulu (jika belum terdaftar user Mobile JKN) dengan memilih ""Daftar"". Terima kasih.";2025-12-11 08:24:09;4.14.0;;;;;;;
3858a29b-acd4-483c-92d7-7b0c756cc167;Nursita Dewi;https://play-lh.googleusercontent.com/a-/ALV-UjWeKvgNdq7-Qhd3R2wlnkr-Sniy4V4ZdoxpPpdwNm-nImyMRojo;Tiap mau buka aplikasi, susahnya minta ampun. Minta password, sdh bener passwordnya tetap salah katanya. Harusnya memudahkan tapi malah memusingkan;1;0;4.13.1;2025-12-08 02:48:40;Mohon maaf atas ketidaknyamanannya. Terkait kendala tersebut, mohon agar dapat memastikan kombinasi kata sandi yang dimasukkan. Jika masih terdapat kesalahan, dapat kami sarankan agar Bapak/Ibu memilih menu “Lupa Kata Sandi”. Selanjutnya masukkan Nomor Induk Kependudukan dan Captcha. Terima kasih.;2025-12-11 08:25:27;4.13.1;;;;;;;
2cb4f9fc-aec9-46bd-a555-0bb944a613a8;Helmi Dina sari;https://play-lh.googleusercontent.com/a/ACg8ocIH8f5raMGAOi6-Sd5s-O1ZxtG_hgkpXDx1rRBsvP8BVpSw0w=mo;aplikasi nya sering keluar sendiri tiba tiba, mana kadang pas selesai ambil nomor antrian lagi keluarnya..;5;0;4.14.0;2025-12-08 02:48:27;"Mohon maaf atas ketidaknyamanannya. Jika Anda sudah memiliki user Pengguna Mobile JKN, dapat langsung masuk/login dengan menginput NIK KTP dan password yang sudah didaftarkan. atau lakukan registrasi Pengguna Mobile JKN terlebih dahulu (jika belum terdaftar user Mobile JKN) dengan memilih ""Daftar"". Terima kasih.";2025-12-11 08:24:02;4.14.0;;;;;;;
f2f00705-ecfe-4822-bc98-89b82a97d1dc;Muhammad akbar Islami;https://play-lh.googleusercontent.com/a-/ALV-UjWlrvmEGOuSbVE9BX1JmBJEN1Lt35o-KS3J8dVpN1cQ7wRmP_qpUA;benahin aplikasi mau masuk error , tolong di perbaiki lagih;1;0;4.14.0;2025-12-08 02:48:24;"Mohon maaf atas ketidaknyamanannya. Jika Anda sudah memiliki user Pengguna Mobile JKN, dapat langsung masuk/login dengan menginput NIK KTP dan password yang sudah didaftarkan. atau lakukan registrasi Pengguna Mobile JKN terlebih dahulu (jika belum terdaftar user Mobile JKN) dengan memilih ""Daftar"". Terima kasih.";2025-12-11 08:23:58;4.14.0;;;;;;;
82fcaee4-8890-4363-843c-73c9abfbb0e2;Iman Sabarudin;https://play-lh.googleusercontent.com/a/ACg8ocJM-rE0Kl5G6b2kq-SEbSf71Y060_VJV2-_jpl9nbFkeDWJlg=mo;aplikasi sampah udah login malah keluar sendiri;2;0;4.14.0;2025-12-08 02:48:11;"Mohon maaf atas ketidaknyamanannya. Jika Anda sudah memiliki user Pengguna Mobile JKN, dapat langsung masuk/login dengan menginput NIK KTP dan password yang sudah didaftarkan. atau lakukan registrasi Pengguna Mobile JKN terlebih dahulu (jika belum terdaftar user Mobile JKN) dengan memilih ""Daftar"". Terima kasih.";2025-12-11 08:23:51;4.14.0;;;;;;;
4aee9deb-03b5-4d7b-b023-be29df483bea;Rudianto Anto;https://play-lh.googleusercontent.com/a-/ALV-UjVvRWHhS4D9qckBlENwI3FxR69KdnWfXF9alwufjeOSYCAvf1Y;Kenapa ngebut ya, tolong aplikasinya di tingkatkan lagi;1;0;;2025-12-08 02:47:39;Mohon maaf atas ketidaknyamanannya. Terkait kendala yang dialami, Anda dapat menyampaikan kendala dengan melampirkan tangkapan layar/video dengan device lain ke alamat email : carecenter@bpjs-kesehatan.go.id untuk kemudahan proses tindak lanjut. Terima kasih.;2025-12-11 08:26:48;;;;;;;;
1ef58425-0efd-46a3-ad3d-f468bdcc45bc;Farid Fardiansyah;https://play-lh.googleusercontent.com/a-/ALV-UjVkiEOqIHI3Cf7f3gqqhaga0yUl-iwd0pNTtbIyxVkfhTJpWXqi;"akhir"" ini tiap mau periksa jam 9 pagi aplikasi trouble terus,sampai ijin kerjaan jadi sampai setengah hari";1;0;4.14.0;2025-12-08 02:47:33;Mohon maaf atas ketidaknyamanannya. Terkait kendala yang dialami, Anda dapat menyampaikan kendala dengan melampirkan tangkapan layar/video dengan device lain ke alamat email : carecenter@bpjs-kesehatan.go.id untuk kemudahan proses tindak lanjut. Terima kasih.;2025-12-11 08:26:44;4.14.0;;;;;;;
96390d9b-763a-4f71-b075-d12cedda1bf8;Sabariah Sabariah;https://play-lh.googleusercontent.com/a/ACg8ocInAKCHgo4dFxdfqlAutXea31OBO-3xP2AHuvRG0p6PcfqAuw=mo;suka lemot;3;0;4.14.0;2025-12-08 02:47:20;Mohon maaf atas ketidaknyamanannya. Terkait kendala yang dialami, Anda dapat menyampaikan kendala dengan melampirkan tangkapan layar/video dengan device lain ke alamat email : carecenter@bpjs-kesehatan.go.id untuk kemudahan proses tindak lanjut. Terima kasih.;2025-12-11 08:26:44;4.14.0;;;;;;;
b01c14c8-ee5f-41ab-8947-d613c771f369;roki Susari;https://play-lh.googleusercontent.com/a-/ALV-UjXJzrMQ4ZAeoAsrToeC2UrPD0gfhlYc0ImBY19Bs6TlpLXpu2-_;apk setiap senin pasti Eror;1;0;4.14.0;2025-12-08 02:46:53;Mohon maaf atas ketidaknyamanannya. Terkait kendala yang dialami, Anda dapat menyampaikan kendala dengan melampirkan tangkapan layar/video dengan device lain ke alamat email : carecenter@bpjs-kesehatan.go.id untuk kemudahan proses tindak lanjut. Terima kasih.;2025-12-11 08:26:33;4.14.0;;;;;;;
b5ca673c-f70a-45fb-9f69-6d29729d53dc;Kimora Takarendehang;https://play-lh.googleusercontent.com/a/ACg8ocK78BQ2OJDRP7IKPKJNhknQaIqq8uNxiUUEJAJDELioRkV7ew=mo;aplikasi apaandah, selaluu ajaaa server gangguan dri kmrin2 udah pake 2 HP tpi gangguan terus2an!!!!!!!!!!!!!! menghambat org daftar ke poli ajaa ni aplikasiiiiiii;1;0;;2025-12-08 02:45:02;Mohon maaf atas ketidaknyamanannya. Terkait kendala yang dialami, Anda dapat menyampaikan kendala dengan melampirkan tangkapan layar/video dengan device lain ke alamat email : carecenter@bpjs-kesehatan.go.id untuk kemudahan proses tindak lanjut. Terima kasih.;2025-12-11 08:26:23;;;;;;;;
5bdde5f9-1a60-468d-8b34-debafa67d6bc;Fatchul Ilmi;https://play-lh.googleusercontent.com/a-/ALV-UjWnVNzc4npu0qAgEa5Vcf_KAMXw80ZOCOIrwCdg6ES2C9qOTX9G;sering eror;1;0;4.14.0;2025-12-08 02:44:14;Mohon maaf atas ketidaknyamanannya. Terkait kendala yang dialami, Anda dapat menyampaikan kendala dengan melampirkan tangkapan layar/video dengan device lain ke alamat email : carecenter@bpjs-kesehatan.go.id untuk kemudahan proses tindak lanjut. Terima kasih.;2025-12-11 08:27:05;4.14.0;;;;;;;
556044e3-7d9d-4f19-b71a-64abc3310809;Han afi;https://play-lh.googleusercontent.com/a-/ALV-UjVwZNkkFcuy-s6ThGwVLU3sPokZWOUyqY-SrxK66fG19LyYrI4t;kenapa bpjs .padahal iuran tak pernah telat tapi kena sangsi rehap.;3;0;4.14.0;2025-12-08 02:43:20;Mohon maaf atas ketidaknyamanannya. Untuk kenyamanan dan keamanan dalam mendapatkan informasi dan menyampaikan pengaduan terkait program JKN-KIS, mohon dapat menyampaikan data identitas Anda melalui Care Center 165 (24 Jam) atau fitur “Pengaduan Layanan JKN” pada Mobile JKN. Terima kasih.;2025-12-11 08:28:21;4.14.0;;;;;;;
30cb2928-71d3-42a1-aade-b7594ac6c94a;Avrill Leevia;https://play-lh.googleusercontent.com/a/ACg8ocK44j22vv4vA_6SLB97OkicYys3T4Zx1nD834sjwitzbBSFgg=mo;"Aplikasinya g bisa d buka, cuma loading terus g abiz"", aplikasi apaan sih nie 🙄";1;0;4.14.0;2025-12-08 02:43:01;Mohon maaf atas ketidaknyamanannya. Terkait kendala yang dialami, Anda dapat menyampaikan kendala dengan melampirkan tangkapan layar/video dengan device lain ke alamat email : carecenter@bpjs-kesehatan.go.id untuk kemudahan proses tindak lanjut. Terima kasih.;2025-12-11 08:27:29;4.14.0;;;;;;;
8f661429-5f28-4a29-a740-8fc859a9533e;Ade Irma;https://play-lh.googleusercontent.com/a/ACg8ocKMm1FetmxCE5BWjkSFNGDZgCJZl1Ws9ORhh3RzFOaeUzjY1w=mo;heran deh setiap mau daft eh keluar sendri trs gk bsa mulu lg....;3;0;4.14.0;2025-12-08 02:42:08;"Mohon maaf atas ketidaknyamanannya. Jika Anda sudah memiliki user Pengguna Mobile JKN, dapat langsung masuk/login dengan menginput NIK KTP dan password yang sudah didaftarkan. atau lakukan registrasi Pengguna Mobile JKN terlebih dahulu (jika belum terdaftar user Mobile JKN) dengan memilih ""Daftar"". Terima kasih.";2025-12-11 08:28:03;4.14.0;;;;;;;
8cbc6cb1-7d07-422b-85ad-01d3617ccfff;Akhmad Aji Nugroho;https://play-lh.googleusercontent.com/a-/ALV-UjUoEKkqXHOHOzTD9cXn_SrNQbJdK1Yyx6S89gfxKMTcjmljFiDi;Sering Gangguan,ERORRRR;1;0;4.14.0;2025-12-08 02:41:58;Mohon maaf atas ketidaknyamanannya. Terkait kendala yang dialami, Anda dapat menyampaikan kendala dengan melampirkan tangkapan layar/video dengan device lain ke alamat email : carecenter@bpjs-kesehatan.go.id untuk kemudahan proses tindak lanjut. Terima kasih.;2025-12-11 08:27:58;4.14.0;;;;;;;
745f62e6-c2d6-4fdb-8882-163bde80f0ac;Dicki Mahardika Nurdiansyah;https://play-lh.googleusercontent.com/a-/ALV-UjXJKffilX33-tEpYxUEt8IxEet7maB_2B4A0M3bTW9-5S1zR-CV;selalu logout sendiri dari aplikasi. payah;1;0;4.14.0;2025-12-08 02:41:28;"Mohon maaf atas ketidaknyamanannya. Jika Anda sudah memiliki user Pengguna Mobile JKN, dapat langsung masuk/login dengan menginput NIK KTP dan password yang sudah didaftarkan. atau lakukan registrasi Pengguna Mobile JKN terlebih dahulu (jika belum terdaftar user Mobile JKN) dengan memilih ""Daftar"". Terima kasih.";2025-12-11 08:27:58;4.14.0;;;;;;;
bf8a0b98-4032-4127-80eb-7e81c94cddfb;Dede Maulana;https://play-lh.googleusercontent.com/a-/ALV-UjVGEA4aa0zyrUjX1a50L843bJjBvpmrBr6OJT1-5584D816O5q0;udah log in malah keluar2 Mulu di suruh log in LG bgtu terus ngulang2... keterangan log in di device yg berbeda.....jelas2 hp cm 1 slalu log in di hp yg sama...jgn banyak pembaruan apk klo jd nya nambah ribet;1;0;4.14.0;2025-12-08 02:39:11;"Mohon maaf atas ketidaknyamanannya. Jika Anda sudah memiliki user Pengguna Mobile JKN, dapat langsung masuk/login dengan menginput NIK KTP dan password yang sudah didaftarkan. atau lakukan registrasi Pengguna Mobile JKN terlebih dahulu (jika belum terdaftar user Mobile JKN) dengan memilih ""Daftar"". Terima kasih.";2025-12-11 08:29:53;4.14.0;;;;;;;
51aaf126-ce31-42b4-999b-33fbe5e4ea37;Rian Afrianto;https://play-lh.googleusercontent.com/a-/ALV-UjU_isNaaJsCqF6sODgISjg_RhhqO7psH4Hpto8OFY2x5gPxEu0t;kenapa hari ini saya tidak bisa login?apakah ada kendala dengan mobile JKN?;1;0;4.14.0;2025-12-08 02:38:48;Mohon maaf atas ketidaknyamanannya. Terkait kendala yang dialami, Anda dapat menyampaikan kendala dengan melampirkan tangkapan layar/video dengan device lain ke alamat email : carecenter@bpjs-kesehatan.go.id untuk kemudahan proses tindak lanjut. Terima kasih.;2025-12-11 08:29:41;4.14.0;;;;;;;
1a009c75-d2eb-4239-b3bd-357e6163be65;Hanif Mubarok;https://play-lh.googleusercontent.com/a/ACg8ocKoqWep6SgDwwmPYzUlXSoMxvmGF2Lx-FqJbg9RkZVwOKwF_A=mo;tdi pagi jam 7an saya buka aplikasi JKN mobile masih aman, skrng knp buffering ini kebetulan saya mau daftar k klinik, barusan loading melulu;2;0;4.14.0;2025-12-08 02:38:23;Mohon maaf atas ketidaknyamanannya. Terkait kendala yang dialami, Anda dapat menyampaikan kendala dengan melampirkan tangkapan layar/video dengan device lain ke alamat email : carecenter@bpjs-kesehatan.go.id untuk kemudahan proses tindak lanjut. Terima kasih.;2025-12-11 08:29:27;4.14.0;;;;;;;
f44ab2f2-9fa7-4275-a2fd-5474bb4ba0ef;Agus sabian;https://play-lh.googleusercontent.com/a-/ALV-UjWg0Bt5vfybS_d_2Ne3WvivvbKXxXJPPCp0Ia17bH76zuNC57nxWw;"entah kenapa sekarang aplikasi kya gni gampang banget logout sendiri klo ga di buka"" apl nya , ini sungguh menyusahkan sekali apalagi bagi orang yang pelupa karna klo mau login harus ingat pasword nya , belum lagi sering eror , kejadian pas aku udh daptar antrian pas pergi ke klinik apl nya malah ga bisa di buka sama sekali";3;0;4.14.0;2025-12-08 02:38:20;"Mohon maaf atas ketidaknyamanannya. Jika Anda sudah memiliki user Pengguna Mobile JKN, dapat langsung masuk/login dengan menginput NIK KTP dan password yang sudah didaftarkan. atau lakukan registrasi Pengguna Mobile JKN terlebih dahulu (jika belum terdaftar user Mobile JKN) dengan memilih ""Daftar"". Terima kasih.";2025-12-11 08:29:59;4.14.0;;;;;;;
e8eb0a3f-7677-4250-9ee8-4b5028c3a18f;SI Begeng;https://play-lh.googleusercontent.com/a-/ALV-UjVvux8GQWCorctSfYuFy7U0WIgv-BJMkc7Bk1HyMlqjYhqqhk0;dari bulan lalu belum bisa login kembali mohon ditindak lanjuti karna penting untuk daftar kepoli pertama;1;0;4.14.0;2025-12-08 02:38:01;"Mohon maaf atas ketidaknyamanannya. Jika Anda sudah memiliki user Pengguna Mobile JKN, dapat langsung masuk/login dengan menginput NIK KTP dan password yang sudah didaftarkan. atau lakukan registrasi Pengguna Mobile JKN terlebih dahulu (jika belum terdaftar user Mobile JKN) dengan memilih ""Daftar"". Terima kasih.";2025-12-11 08:30:19;4.14.0;;;;;;;
9b4b4ebe-4765-49e1-ac89-aeda9b94c7dd;Aep Minion;https://play-lh.googleusercontent.com/a-/ALV-UjVQ2KVwM6orDtbAe-oSoSEJ4fQvelcHNcqq7CMZhqwoocBVAU7n;Banyak Bag nya,lemot dan kadang keluar sendiri,mohon perbaiki lebih aman,nyaman dan lebih responsif. mohon segerakan di update lagi namun untuk menu dan yang lain nya pertahankan. hanya kadang sering error dan bag,keluar sendiri.;2;0;4.14.0;2025-12-08 02:36:56;"Mohon maaf atas ketidaknyamanannya. Jika Anda sudah memiliki user Pengguna Mobile JKN, dapat langsung masuk/login dengan menginput NIK KTP dan password yang sudah didaftarkan. atau lakukan registrasi Pengguna Mobile JKN terlebih dahulu (jika belum terdaftar user Mobile JKN) dengan memilih ""Daftar"". Terima kasih.";2025-12-11 08:30:05;4.14.0;;;;;;;
ec83ede4-26db-4235-acb6-67cb68340bb8;Fina Sofia;https://play-lh.googleusercontent.com/a-/ALV-UjUJRtDzjMBwfOGfSoQYcB1DQx5jvhn-1poOiLx2gKp9BYRt3DZj;kalo bikin aplikasi yg niat lah .jangan asal ada aja ..terus aja suruh login ,susah di akses ,gagal terusss . lagi butuh tapi gabisa digunakan .!! Ganti lebih baik lahh jangan asal2an;1;0;;2025-12-08 02:36:45;Mohon maaf atas ketidaknyamanannya. Terkait kendala yang dialami, Anda dapat menyampaikan kendala dengan melampirkan tangkapan layar/video dengan device lain ke alamat email : carecenter@bpjs-kesehatan.go.id untuk kemudahan proses tindak lanjut. Terima kasih.;2025-12-11 08:28:59;;;;;;;;
dff2c640-5245-46ef-8244-ea67d0b58748;Sablon Hijrah;https://play-lh.googleusercontent.com/a/ACg8ocJNjjB4S1Q8Otr_0XuLd9pHEu_xet9ID2zEneitq2hMM0I_-A=mo;bagus;5;0;4.14.0;2025-12-08 02:36:43;Hi... Terima kasih atas review dan rating yang diberikan. Kami akan terus melakukan perbaikan dan penyempurnaan aplikasi Mobile JKN untuk memberikan kemudahan bagi peserta dan calon peserta JKN. Jika ada kendala, Anda dapat menghubungi Care Center BPJS Kesehatan melalui nomor 165 (24 jam). Terima kasih.;2025-12-11 08:30:28;4.14.0;;;;;;;
d926f297-dac6-4644-91c8-d5ef854a8b8f;gilzkoix Gamer;https://play-lh.googleusercontent.com/a/ACg8ocLSO81XxCS5zUl8_dE2C6iu8uHYLA6pa3luXwa_fO7JHnoI3Q=mo;Susah log in anehh;1;0;4.14.0;2025-12-08 02:35:29;"Mohon maaf atas ketidaknyamanannya. Jika Anda sudah memiliki user Pengguna Mobile JKN, dapat langsung masuk/login dengan menginput NIK KTP dan password yang sudah didaftarkan. atau lakukan registrasi Pengguna Mobile JKN terlebih dahulu (jika belum terdaftar user Mobile JKN) dengan memilih ""Daftar"". Terima kasih.";2025-12-11 08:30:13;4.14.0;;;;;;;
9ca555f7-9ee1-4ea7-b0cb-bcf29bd6663d;yoyo dwi;https://play-lh.googleusercontent.com/a-/ALV-UjWURCjUYUgohze_fjbI3u13_8-tsa2HFkNA4U4GYEAR8b2426A;kok error gak bisa daftar ya;3;0;;2025-12-08 02:35:15;Mohon maaf atas ketidaknyamanannya. Terkait kendala yang dialami, Anda dapat menyampaikan kendala dengan melampirkan tangkapan layar/video dengan device lain ke alamat email : carecenter@bpjs-kesehatan.go.id untuk kemudahan proses tindak lanjut. Terima kasih.;2025-12-11 08:28:52;;;;;;;;
c6be6318-1281-446e-ba89-0c4b19ecb0de;Isnan Cah Raching;https://play-lh.googleusercontent.com/a/ACg8ocKr90lmKv6xtIe7bykY-ImjxHMrmvUWAErk_35CMF5Ktiyang=mo;aplikasi broken;1;0;;2025-12-08 02:34:46;"Mohon maaf atas ketidaknyamanannya. Jika Anda sudah memiliki user Pengguna Mobile JKN, dapat langsung masuk/login dengan menginput NIK KTP dan password yang sudah didaftarkan. atau lakukan registrasi Pengguna Mobile JKN terlebih dahulu (jika belum terdaftar user Mobile JKN) dengan memilih ""Daftar"". Terima kasih.";2025-12-11 08:31:02;;;;;;;;
61aab65c-a029-4066-9db1-b7566ec6f6a2;Zahra Ammar;https://play-lh.googleusercontent.com/a-/ALV-UjVaCLEbu7cweLQ7c2lxgS1tOzCEM-pdmBs2KC8qhjp8KfiUknk;kenapa akhi akhir ini sering trouble. mau buka aplikasi kadang keluar sendiri dan harus log in lagi;3;0;;2025-12-08 02:32:44;"Mohon maaf atas ketidaknyamanannya. Jika Anda sudah memiliki user Pengguna Mobile JKN, dapat langsung masuk/login dengan menginput NIK KTP dan password yang sudah didaftarkan. atau lakukan registrasi Pengguna Mobile JKN terlebih dahulu (jika belum terdaftar user Mobile JKN) dengan memilih ""Daftar"". Terima kasih.";2025-12-11 08:31:05;;;;;;;;
075135d4-fcfd-4a2e-907e-f48ca451b4cf;rahmawatiii;https://play-lh.googleusercontent.com/a-/ALV-UjX9Yyo_4b1gE-xhBVMUU79gz-nc55lYFUsU0F2I9vIz1haaEw-o;habis update malah ngga bisa login akun otomatis keluar, dicoba login ngga bisa;1;0;4.14.0;2025-12-08 02:32:18;"Mohon maaf atas ketidaknyamanannya. Jika Anda sudah memiliki user Pengguna Mobile JKN, dapat langsung masuk/login dengan menginput NIK KTP dan password yang sudah didaftarkan. atau lakukan registrasi Pengguna Mobile JKN terlebih dahulu (jika belum terdaftar user Mobile JKN) dengan memilih ""Daftar"". Terima kasih.";2025-12-11 08:31:10;4.14.0;;;;;;;
6694c8c0-1a8c-42f0-8941-5baab0e2a43a;Sadam;https://play-lh.googleusercontent.com/a-/ALV-UjXkjIP4WaRLx1MWDt-ZFktibF4jk2mUoYmyf4BETyFD2GKIkBAj;aplikasi ampas, server offline mulu;1;0;4.14.0;2025-12-08 02:31:58;Mohon maaf atas ketidaknyamanannya. Terkait kendala yang dialami, Anda dapat menyampaikan kendala dengan melampirkan tangkapan layar/video dengan device lain ke alamat email : carecenter@bpjs-kesehatan.go.id untuk kemudahan proses tindak lanjut. Terima kasih.;2025-12-11 08:31:50;4.14.0;;;;;;;
c4ca9ee9-3318-41e7-8c79-67169007c743;Ling;https://play-lh.googleusercontent.com/a/ACg8ocIgeyD2Aq0_MczI_BkxCxI_W0dlExwveLMykPlUPqZRa5v22Q=mo;gak bisa login, kalo update bisa lah jangan bikin log out akun susah buat masuk wooyy, padahal internet kenceng nik, password, captcha bener malah gak bisa log in payaaaahh;1;0;4.11.2;2025-12-08 02:31:54;Mohon maaf atas ketidaknyamanannya. Terkait kendala yang dialami, Anda dapat menyampaikan kendala dengan melampirkan tangkapan layar/video dengan device lain ke alamat email : carecenter@bpjs-kesehatan.go.id untuk kemudahan proses tindak lanjut. Terima kasih.;2025-12-11 08:31:43;4.11.2;;;;;;;
ef387cfa-2077-4e94-88cc-b5c244cc305f;Aditya Pratama Kusnandar;https://play-lh.googleusercontent.com/a-/ALV-UjXZ9hmUd0ytGO99xGztUkBkYT7VV6P799AxPSQRAJpXaLoLMqoA;aplikasi pemerintah lemotnya minta ampun parrrraaaahhhhhh;1;0;4.14.0;2025-12-08 02:30:44;Mohon maaf atas ketidaknyamanannya. Terkait kendala yang dialami, Anda dapat menyampaikan kendala dengan melampirkan tangkapan layar/video dengan device lain ke alamat email : carecenter@bpjs-kesehatan.go.id untuk kemudahan proses tindak lanjut. Terima kasih.;2025-12-11 08:31:56;4.14.0;;;;;;;
ed0a23fb-6ce9-4191-a0a8-f6eedc1142bf;Putry Takarendehang;https://play-lh.googleusercontent.com/a/ACg8ocJSiQnY4VvMbKEFvnLikNssUTH6wOqUwRRlscEwYHSvh_qEDQ=mo;dikit2 gangguang dikit2 gangguan apasih???? tolong dongg di perbaikiii!!!!!!!!!!!!! 😒 pake kuota pke wifi selalu gangguan2 terusss, server bermasalah lah, apalah ini lahhh GEDEGGG BANGETTT DAHH!!!!!!!! di perbaiki dongggg ahh gimana sihhh;1;0;4.14.0;2025-12-08 02:30:28;Mohon maaf atas ketidaknyamanannya. Terkait kendala yang dialami, Anda dapat menyampaikan kendala dengan melampirkan tangkapan layar/video dengan device lain ke alamat email : carecenter@bpjs-kesehatan.go.id untuk kemudahan proses tindak lanjut. Terima kasih.;2025-12-11 08:31:35;4.14.0;;;;;;;
b3791ad6-7602-49b3-ac50-d2e2003b7cd5;Muhamad Hamdani;https://play-lh.googleusercontent.com/a-/ALV-UjVXn8bbvJqqxLteF12GwVz3vjgednabwJ1KPnapo50BfkqGE-A;ngelag bgt jembot;1;0;4.14.0;2025-12-08 02:29:30;Mohon maaf atas ketidaknyamanannya. Terkait kendala yang dialami, Anda dapat menyampaikan kendala dengan melampirkan tangkapan layar/video dengan device lain ke alamat email : carecenter@bpjs-kesehatan.go.id untuk kemudahan proses tindak lanjut. Terima kasih.;2025-12-11 08:31:32;4.14.0;;;;;;;
2c106a8d-55fb-4344-add0-18dd0a6092ad;Putri Mulya anzari;https://play-lh.googleusercontent.com/a-/ALV-UjWJpoEYbE16ScYJsoDo05BD3BAsWgEbMCtnTtbTBIlEJD-O63M;sekarang jkn keluar sendiri udah di login kembali gak bisa terus gak bisa kebuka .pdahal wifi/kouta aman gimana ini?semoga bisa diperbaiki segera mungkin;3;0;4.13.1;2025-12-08 02:28:51;"Mohon maaf atas ketidaknyamanannya. Jika Anda sudah memiliki user Pengguna Mobile JKN, dapat langsung masuk/login dengan menginput NIK KTP dan password yang sudah didaftarkan. atau lakukan registrasi Pengguna Mobile JKN terlebih dahulu (jika belum terdaftar user Mobile JKN) dengan memilih ""Daftar"". Terima kasih.";2025-12-11 08:31:26;4.13.1;;;;;;;
ca78c6e2-312a-4395-858f-da64e7b22f96;Rilo Pambudi;https://play-lh.googleusercontent.com/a-/ALV-UjX0rWw8JkKYzvtkaxk2WJbiRZXYo-x31SsC4sxcEVV-iBW9IOBn;ini apk tolong software di upgrade, sangat susah untuk login;1;0;4.14.0;2025-12-08 02:26:26;"Mohon maaf atas ketidaknyamanannya. Jika Anda sudah memiliki user Pengguna Mobile JKN, dapat langsung masuk/login dengan menginput NIK KTP dan password yang sudah didaftarkan. atau lakukan registrasi Pengguna Mobile JKN terlebih dahulu (jika belum terdaftar user Mobile JKN) dengan memilih ""Daftar"". Terima kasih.";2025-12-11 08:33:03;4.14.0;;;;;;;
94f28274-947b-43af-b6c5-443a879cca75;Zuhdi Zuhdi;https://play-lh.googleusercontent.com/a-/ALV-UjU0K1zMKggd6jN9Z2feocfUkWNP0xZ_2scg9NPBf40U7IhLo1Hb;Aplikasi dari instansi pemerintah selalu ujung-ujungnya gak beres. Kenapa kartu JKN malah gak tampil???;1;0;4.12.0;2025-12-08 02:25:52;Mohon maaf atas ketidaknyamanannya. Terkait kendala yang dialami, Anda dapat menyampaikan kendala dengan melampirkan tangkapan layar/video dengan device lain ke alamat email : carecenter@bpjs-kesehatan.go.id untuk kemudahan proses tindak lanjut. Terima kasih.;2025-12-11 08:32:11;4.12.0;;;;;;;
92fde5db-28b8-4593-bcf2-069cda85118d;Neneng Sunengsih;https://play-lh.googleusercontent.com/a/ACg8ocKpVBMcB5wzvd7nRYi3ltVkbHSSO806-bCcb-_MNkYZiBtmXw=mo;Sering banget error, padahal jaringan aman. kesel banget klo udah buru-buru tapi aplikasi nya ga bisa kebuka. gangguan terus;1;0;;2025-12-08 02:22:12;Mohon maaf atas ketidaknyamanannya. Terkait kendala yang dialami, Anda dapat menyampaikan kendala dengan melampirkan tangkapan layar/video dengan device lain ke alamat email : carecenter@bpjs-kesehatan.go.id untuk kemudahan proses tindak lanjut. Terima kasih.;2025-12-11 08:32:32;;;;;;;;
c4ccf086-4c4c-4117-9f2d-cdef78d2689b;Atin Supriatin;https://play-lh.googleusercontent.com/a/ACg8ocJMATBkgs6D9EmKeDqcAOn4vFCBzyq0ToUqwFJP0mdYozT-xQ=mo;sepertinya aplikasi mobile jkn semakin membaik terbukti dr penggantian faskes semakin mudah, gak seperti dlu sulit bgt utk mengganti faskes;5;0;4.14.0;2025-12-08 02:05:27;Hi... Terima kasih atas review dan rating yang diberikan. Kami akan terus melakukan perbaikan dan penyempurnaan aplikasi Mobile JKN untuk memberikan kemudahan bagi peserta dan calon peserta JKN. Jika ada kendala, Anda dapat menghubungi Care Center BPJS Kesehatan melalui nomor 165 (24 jam). Terima kasih.;2025-12-11 08:33:14;4.14.0;;;;;;;
1de2030a-97c6-426c-9cff-ec9de0710a50;Maria Carolina;https://play-lh.googleusercontent.com/a-/ALV-UjUh0uIX6zclnGFVwG8nI7gUD9bWlBPg7X0yq1twV9SgymF__A;membantu dan baik;5;0;;2025-12-08 02:03:45;Hi... Terima kasih atas review dan rating yang diberikan. Kami akan terus melakukan perbaikan dan penyempurnaan aplikasi Mobile JKN untuk memberikan kemudahan bagi peserta dan calon peserta JKN. Jika ada kendala, Anda dapat menghubungi Care Center BPJS Kesehatan melalui nomor 165 (24 jam). Terima kasih.;2025-12-11 08:33:16;;;;;;;;
0a11f017-1d8e-4c2a-bd22-80953fbeb864;Nazwa Kamila;https://play-lh.googleusercontent.com/a/ACg8ocKO_vTb__7agE4daqkHcwgp_hEOe4cgu_Y3uqx56IK8lXdIIw=mo;baik;5;0;4.13.1;2025-12-08 02:02:18;Hi... Terima kasih atas review dan rating yang diberikan. Kami akan terus melakukan perbaikan dan penyempurnaan aplikasi Mobile JKN untuk memberikan kemudahan bagi peserta dan calon peserta JKN. Jika ada kendala, Anda dapat menghubungi Care Center BPJS Kesehatan melalui nomor 165 (24 jam). Terima kasih.;2025-12-11 08:33:20;4.13.1;;;;;;;
e73d445e-c96f-4bff-837b-2650d93b2465;Isnan Prastyo;https://play-lh.googleusercontent.com/a-/ALV-UjViXrLZKBOvU50SwORUc_iFal6Gyc7bbgGXIjWdOKQ74BJOrcQ;aplikasi jelek;1;0;;2025-12-08 01:57:05;"Mohon maaf atas ketidaknyamanannya. Jika Anda sudah memiliki user Pengguna Mobile JKN, dapat langsung masuk/login dengan menginput NIK KTP dan password yang sudah didaftarkan. atau lakukan registrasi Pengguna Mobile JKN terlebih dahulu (jika belum terdaftar user Mobile JKN) dengan memilih ""Daftar"". Terima kasih.";2025-12-11 08:32:53;;;;;;;;
01afe572-6965-453f-b59d-07ab7c6026b1;sinta ginawati;https://play-lh.googleusercontent.com/a-/ALV-UjWiUw4n-nl-w7G2C0gsDIYvaNiiFjlThWH8xFEVH2ktJKejn3gQ;kenapa tidak bisa membuka jadwal kontrol? apakah maintenance?;3;0;4.14.0;2025-12-08 01:56:18;Mohon maaf atas ketidaknyamanannya. Terkait kendala yang dialami, Anda dapat menyampaikan kendala dengan melampirkan tangkapan layar/video dengan device lain ke alamat email : carecenter@bpjs-kesehatan.go.id untuk kemudahan proses tindak lanjut. Terima kasih.;2025-12-11 08:32:40;4.14.0;;;;;;;
60bc08cd-a624-407b-b643-2f56528ddf9d;mamih dewi;https://play-lh.googleusercontent.com/a/ACg8ocJy4eZfoeF-K8fmitm8X1niPWXhiz6DdtHfxVNZ06iscZUjhg=mo;mudah dan cepat tapi agak berat;5;0;4.14.0;2025-12-08 01:48:17;Hi... Terima kasih atas review dan rating yang diberikan. Kami akan terus melakukan perbaikan dan penyempurnaan aplikasi Mobile JKN untuk memberikan kemudahan bagi peserta dan calon peserta JKN. Jika ada kendala, Anda dapat menghubungi Care Center BPJS Kesehatan melalui nomor 165 (24 jam). Terima kasih.;2025-12-11 08:33:57;4.14.0;;;;;;;
8f546646-df16-49c2-b66e-8004df805b83;romi doank;https://play-lh.googleusercontent.com/a-/ALV-UjU3egrLutMIx-6tmMd35w1-MXjucWi4p8lCHLDenQVsZeP7Bl9t;setiap kali berobat dia minta login, dan selalu salah katanya. keburu mati yg mau berobat.;1;0;4.14.0;2025-12-08 01:48:15;Mohon maaf atas ketidaknyamanannya. Terkait kendala tersebut, mohon agar dapat memastikan kombinasi kata sandi yang dimasukkan. Jika masih terdapat kesalahan, dapat kami sarankan agar Bapak/Ibu memilih menu “Lupa Kata Sandi”. Selanjutnya masukkan Nomor Induk Kependudukan dan Captcha. Terima kasih.;2025-12-11 08:35:27;4.14.0;;;;;;;
bfa93ff2-de43-404b-a5b7-6edfd8217d3e;Fatwa Aditya;https://play-lh.googleusercontent.com/a-/ALV-UjWlxfWJ-z_cgzCUROxldGsqJC2ORujfZWKFR2WR_x4ECT2c2rL6;TOLONG UNTUK HALAMAN LOGIN, TIDAK PERLU MENGGUNAKAN CHAPTCA YANG TIDAK TERBACA OLEH ORANG TUA. BANYAK JUGA PENGGUNA APLIKASI INI DARI KALANGAN ORANG TUA DAN LANSIA. TOLONG DI PERTIMBANGKAN SECARA SADAR;1;0;4.13.1;2025-12-08 01:44:33;Mohon maaf atas ketidaknyamanannya. Kami akan terus melakukan perbaikan dan penyempurnaan aplikasi Mobile JKN untuk memberikan kemudahan bagi peserta dan calon peserta JKN. Jika ada kendala, Anda dapat menghubungi Care Center BPJS Kesehatan melalui nomor 165 (24 jam). Terima kasih.;2025-12-11 08:35:23;4.13.1;;;;;;;
17994504-629a-4ac9-baf9-489a2a229ab0;Areli Beryl hamizan;https://play-lh.googleusercontent.com/a/ACg8ocK9NETw5oxrArfrEEYNNNsrEhdEq0tIGq4D9EYlaoH2T_2YeQ=mo;pindah faskes sangat mudah;5;0;;2025-12-08 01:44:30;Hi... Terima kasih atas review dan rating yang diberikan. Kami akan terus melakukan perbaikan dan penyempurnaan aplikasi Mobile JKN untuk memberikan kemudahan bagi peserta dan calon peserta JKN. Jika ada kendala, Anda dapat menghubungi Care Center BPJS Kesehatan melalui nomor 165 (24 jam). Terima kasih.;2025-12-11 08:34:02;;;;;;;;
9e81e6f8-0ca8-41a8-ba67-f74e1159ce79;Warsiyah 1969;https://play-lh.googleusercontent.com/a/ACg8ocL5hBiknVk31Jpf46cL0YFhyLS8oStAdvb3Ho2PI_71ydMXsg=mo;ok;5;0;4.14.0;2025-12-08 01:41:14;Hi... Terima kasih atas review dan rating yang diberikan. Kami akan terus melakukan perbaikan dan penyempurnaan aplikasi Mobile JKN untuk memberikan kemudahan bagi peserta dan calon peserta JKN. Jika ada kendala, Anda dapat menghubungi Care Center BPJS Kesehatan melalui nomor 165 (24 jam). Terima kasih.;2025-12-11 08:34:03;4.14.0;;;;;;;
90c3fa57-793f-4942-9b32-b3b6a354756e;Chairul Anwar;https://play-lh.googleusercontent.com/a-/ALV-UjVv2qbhb7e1UEJYj-7z5L6QCKOsXdgmUAHTf4sLkZKmVrhpobGM;tolong tambahkan dark mode supaya lebih mudah digunakan bagi yang mengalami sakit mata;3;0;4.13.1;2025-12-08 01:39:22;Mohon maaf atas ketidaknyamanannya. Kami akan terus melakukan perbaikan dan penyempurnaan aplikasi Mobile JKN untuk memberikan kemudahan bagi peserta dan calon peserta JKN. Jika ada kendala, Anda dapat menghubungi Care Center BPJS Kesehatan melalui nomor 165 (24 jam). Terima kasih.;2025-12-11 08:34:30;4.13.1;;;;;;;
a2b54734-7f13-464e-b274-8b3523ddc97c;Rajendra Yuartha;https://play-lh.googleusercontent.com/a-/ALV-UjVQIu5wVoqpH6ayiRPhlUWAD0lOP3WxSj6dXmGQZwry3TfpJ92yig;Good;5;0;4.14.0;2025-12-08 01:28:07;Hi... Terima kasih atas review dan rating yang diberikan. Kami akan terus melakukan perbaikan dan penyempurnaan aplikasi Mobile JKN untuk memberikan kemudahan bagi peserta dan calon peserta JKN. Jika ada kendala, Anda dapat menghubungi Care Center BPJS Kesehatan melalui nomor 165 (24 jam). Terima kasih.;2025-12-11 08:34:35;4.14.0;;;;;;;
11eeb3b6-2b4a-47ed-aa37-0b2dba3452a3;iksan Fauzi;https://play-lh.googleusercontent.com/a-/ALV-UjUr9kWNpkRVBebjGcz9S7JG3KmCoLGdPAZqPqBXeqRHg96lLwwg;terimakasih jkn mobile tutorial seputar bpjs kesehatan di channe senang berbagi Indonesia. bantu subscribe ya.;5;0;4.14.0;2025-12-08 01:24:36;Hi... Terima kasih atas review dan rating yang diberikan. Kami akan terus melakukan perbaikan dan penyempurnaan aplikasi Mobile JKN untuk memberikan kemudahan bagi peserta dan calon peserta JKN. Jika ada kendala, Anda dapat menghubungi Care Center BPJS Kesehatan melalui nomor 165 (24 jam). Terima kasih.;2025-12-11 08:34:37;4.14.0;;;;;;;
f77f6dcf-f87c-4ca3-b831-4547ddd3c49f;Jessica Aling;https://play-lh.googleusercontent.com/a-/ALV-UjWOZXhKQTH4QtL0q0s09JmPxWgCznvSMwyke3dO_eiyaYFK6r4;sangat membantuu❤❤;5;0;4.14.0;2025-12-08 01:15:18;Hi... Terima kasih atas review dan rating yang diberikan. Kami akan terus melakukan perbaikan dan penyempurnaan aplikasi Mobile JKN untuk memberikan kemudahan bagi peserta dan calon peserta JKN. Jika ada kendala, Anda dapat menghubungi Care Center BPJS Kesehatan melalui nomor 165 (24 jam). Terima kasih.;2025-12-11 08:34:41;4.14.0;;;;;;;
5b431dc9-e659-47b5-8bff-4d5fa05ddf35;Rafasya Alfariq;https://play-lh.googleusercontent.com/a-/ALV-UjWI7EIwNeFOwyrreo8ZfmPHkBf_P31lxHNuziZyX_4WHIckaVE;membantu;5;0;;2025-12-08 01:09:29;Hi... Terima kasih atas review dan rating yang diberikan. Kami akan terus melakukan perbaikan dan penyempurnaan aplikasi Mobile JKN untuk memberikan kemudahan bagi peserta dan calon peserta JKN. Jika ada kendala, Anda dapat menghubungi Care Center BPJS Kesehatan melalui nomor 165 (24 jam). Terima kasih.;2025-12-11 08:35:31;;;;;;;;
59341743-a760-493b-9ec0-f676db97e4f9;DEDE HARI;https://play-lh.googleusercontent.com/a-/ALV-UjVu57j2sGnh3ZFgcxHn6psvdJxxY3RzHI114OjoQupIaR0eYxEl;buat apa ada aplikasi kalo misalnya cara masuknya aja susah banget;1;0;4.14.0;2025-12-08 01:00:18;"Mohon maaf atas ketidaknyamanannya. Jika Anda sudah memiliki user Pengguna Mobile JKN, dapat langsung masuk/login dengan menginput NIK KTP dan password yang sudah didaftarkan. atau lakukan registrasi Pengguna Mobile JKN terlebih dahulu (jika belum terdaftar user Mobile JKN) dengan memilih ""Daftar"". Terima kasih.";2025-12-11 08:36:58;4.14.0;;;;;;;
9405f09f-84ef-43d7-87e1-f548c51fb834;Ahmad Asepulloh;https://play-lh.googleusercontent.com/a/ACg8ocLCeoR1QLhy834L4zRexXlhfpGzWn_tbaTj8OSaEnnkT7LAJA=mo;good job;5;0;4.14.0;2025-12-08 00:51:12;Hi... Terima kasih atas review dan rating yang diberikan. Kami akan terus melakukan perbaikan dan penyempurnaan aplikasi Mobile JKN untuk memberikan kemudahan bagi peserta dan calon peserta JKN. Jika ada kendala, Anda dapat menghubungi Care Center BPJS Kesehatan melalui nomor 165 (24 jam). Terima kasih.;2025-12-11 08:35:47;4.14.0;;;;;;;
a3ddccb3-4bb0-41a1-bb14-6939d147e0de;Dami 123;https://play-lh.googleusercontent.com/a/ACg8ocK3MAOgRxn322ap8QQ89m97LB93c15pKorwG9FlutdyOqW_3A=mo;bagus;5;0;4.14.0;2025-12-08 00:45:43;Hi... Terima kasih atas review dan rating yang diberikan. Kami akan terus melakukan perbaikan dan penyempurnaan aplikasi Mobile JKN untuk memberikan kemudahan bagi peserta dan calon peserta JKN. Jika ada kendala, Anda dapat menghubungi Care Center BPJS Kesehatan melalui nomor 165 (24 jam). Terima kasih.;2025-12-11 08:35:49;4.14.0;;;;;;;
43de080a-c830-429b-aba5-63da09e01dff;Mukhamad Jamiin;https://play-lh.googleusercontent.com/a-/ALV-UjXhZUoUhB7y7f376h0yqQkm3jcXF6tOUGOp9HUsTRXki__MJ_s-;lebih mudah tidak perlu ke kantor;5;0;4.13.1;2025-12-08 00:31:22;Hi... Terima kasih atas review dan rating yang diberikan. Kami akan terus melakukan perbaikan dan penyempurnaan aplikasi Mobile JKN untuk memberikan kemudahan bagi peserta dan calon peserta JKN. Jika ada kendala, Anda dapat menghubungi Care Center BPJS Kesehatan melalui nomor 165 (24 jam). Terima kasih.;2025-12-11 08:35:54;4.13.1;;;;;;;
5f205132-8005-4f0e-ad18-3667adc80b13;Nur Rahmi;https://play-lh.googleusercontent.com/a/ACg8ocLm04lI2PrGiUuabsQwoJkEHZN4CDrcQ8Rgj-O4zwgKM37bew=mo;kok skrng sy tdk bisa mengakses akun jkn sy? sy mau memperbaiki sandi sy tapi, tiap kali aplikasinya di buka selalu eror. Tolong bantu penanganan nya;4;0;4.14.0;2025-12-08 00:23:58;"Mohon maaf atas ketidaknyamanannya. Jika Anda sudah memiliki user Pengguna Mobile JKN, dapat langsung masuk/login dengan menginput NIK KTP dan password yang sudah didaftarkan. atau lakukan registrasi Pengguna Mobile JKN terlebih dahulu (jika belum terdaftar user Mobile JKN) dengan memilih ""Daftar"". Terima kasih.";2025-12-11 08:37:05;4.14.0;;;;;;;
d8c1f0fe-2c24-4b36-8bfa-c5d8a3dbbdc8;Heri Setiawan;https://play-lh.googleusercontent.com/a/ACg8ocI1u_BdNuKnFYQGGrlONv1kGr5c0uTT-4tPlvzsdP8SeyTGHQ=mo;lemot banget, loading aja luama;3;0;4.14.0;2025-12-08 00:18:02;Mohon maaf atas ketidaknyamanannya. Terkait kendala yang dialami, Anda dapat menyampaikan kendala dengan melampirkan tangkapan layar/video dengan device lain ke alamat email : carecenter@bpjs-kesehatan.go.id untuk kemudahan proses tindak lanjut. Terima kasih.;2025-12-11 08:37:17;4.14.0;;;;;;;
d64a8564-571d-45a8-92d7-a32ba64cfbb9;Dial Plamboyan;https://play-lh.googleusercontent.com/a/ACg8ocLyjK5UhN0bG18ST6X9o-FtHXdDa3y-tFVtlffovBZrkXezCA=mo;ini gimna ya..skrng aplikasi GK bsa d screenshot...smentra log in cuma bsa d 1 akun 1 KK..JD ketika hp d bawa kerja smentra yg brobat orng rumah JD susah..;2;0;4.14.0;2025-12-08 00:17:34;Mohon maaf atas ketidaknyamanannya. Update terbaru bertujuan untuk memberikan keamanan dan kenyamanan Peserta. Jika terjadi kendala, Anda dapat menyampaikan laporan melalui email ke carecenter@bpjs-kesehatan.go.id. Terima kasih.;2025-12-11 08:36:44;4.14.0;;;;;;;
b3b57606-4e25-40fa-b95d-2f5e07b0191e;Risky Valeron;https://play-lh.googleusercontent.com/a-/ALV-UjXn4un7PgCc5u6pLv_lEHFKGFUujoIH021T3rVOpWm4zqeU7sm2;App Sampah, untuk melakukan verifikasi SMS butuh waktu yang sangat lama, Kalau belum siap beralih ke digital ga usah maksain;1;0;4.12.0;2025-12-08 00:12:58;Mohon maaf atas ketidaknyamanannya. Pastikan jaringan baik dan No HP yang terdaftar adalah no HP prabayar yang aktif dengan pulsa yang mencukupi agar kode OTP dapat masuk.Terima kasih.;2024-10-07 02:14:32;4.12.0;;;;;;;
08d23b83-5e99-4b47-85a3-735fda86eebd;Martha arum;https://play-lh.googleusercontent.com/a/ACg8ocLy7NZTJTLHvmEAHDc8QPI97utJIYxJ7WC7EL5N9K3kdyOG9A=mo;dulu bagus ..sangat membantu memudahkan untuk ambil antrian,tapi sekrg kok susah bgt .. ada apa? akhir2 ini sulit banget buat daftar nomer antrian;4;0;4.14.0;2025-12-08 00:08:12;Hi... Terima kasih atas review dan rating yang diberikan. Kami akan terus melakukan perbaikan dan penyempurnaan aplikasi Mobile JKN untuk memberikan kemudahan bagi peserta dan calon peserta JKN. Jika ada kendala, Anda dapat menghubungi Care Center BPJS Kesehatan melalui nomor 165 (24 jam). Terima kasih.;2025-12-11 08:36:24;4.14.0;;;;;;;
3ee033e5-27c7-4eee-8769-c2bd44f35dee;Srii Rejeki;https://play-lh.googleusercontent.com/a/ACg8ocLSXmfIZLL90kTqznLnWybxepmoVpNLua_kQVdehHLhjfzbmw=mo;sudah punya akun,tp pas mau diaktifin lagi gabisa gagal terus,pdhl sandi no nik sudsh benar;2;0;;2025-12-07 23:40:02;Mohon maaf atas ketidaknyamanannya. Untuk kenyamanan dan keamanan dalam mendapatkan informasi dan menyampaikan pengaduan terkait program JKN-KIS, mohon dapat menyampaikan data identitas Anda melalui Care Center 165 (24 Jam) atau fitur “Pengaduan Layanan JKN” pada Mobile JKN. Terima kasih.;2025-12-11 08:36:22;;;;;;;;
d45e147a-919b-4361-a8f3-91c839a27ed4;Muhamad Rizki;https://play-lh.googleusercontent.com/a/ACg8ocLWC-ZkcT3VRgyFUtfEEo8sNtfi60Tg8_OrRUhXdn3y1oomZg=mo;Bagus;5;0;4.13.1;2025-12-07 23:31:02;Hi... Terima kasih atas review dan rating yang diberikan. Kami akan terus melakukan perbaikan dan penyempurnaan aplikasi Mobile JKN untuk memberikan kemudahan bagi peserta dan calon peserta JKN. Jika ada kendala, Anda dapat menghubungi Care Center BPJS Kesehatan melalui nomor 165 (24 jam). Terima kasih.;2025-12-11 08:37:32;4.13.1;;;;;;;
d50365de-6bb4-470e-91dd-a7ed760ef863;Ryan Kechild Donge;https://play-lh.googleusercontent.com/a-/ALV-UjUTcaPBipy7eQknRcdGAecV25hSlcMMl32YZyHf6dn4NW0Gnuw;mau ambil antrian harus isi skrining dulu, mana lgh 9 step😭😭;2;0;;2025-12-07 23:15:57;Mohon maaf atas ketidaknyamanannya. Untuk kenyamanan dan keamanan dalam mendapatkan informasi dan menyampaikan pengaduan terkait program JKN-KIS, mohon dapat menyampaikan data identitas Anda melalui Care Center 165 (24 Jam) atau fitur “Pengaduan Layanan JKN” pada Mobile JKN. Terima kasih.;2025-12-11 08:38:45;;;;;;;;
aa1c2390-9258-4a75-9678-a6b2c2fda3fc;Yusuf alfarizki;https://play-lh.googleusercontent.com/a-/ALV-UjXFt7L7N43sCv7mR6-7V5nHVDcEYhSQWlFZ0qCO7PuiWBei6go;suka eror buat daftar faskes;1;0;4.14.0;2025-12-07 22:59:07;Mohon maaf atas ketidaknyamanannya. Terkait kendala yang dialami, Anda dapat menyampaikan kendala dengan melampirkan tangkapan layar/video dengan device lain ke alamat email : carecenter@bpjs-kesehatan.go.id untuk kemudahan proses tindak lanjut. Terima kasih.;2025-12-11 08:38:46;4.14.0;;;;;;;
0032c8bd-33a2-49da-aa0b-864a51744ec4;Cse. Ricky;https://play-lh.googleusercontent.com/a-/ALV-UjUeXf-xPeuZO8orq6pNfSHX8ANlF6WTQ-6azJ1JzA3JxiOYlhqE;terbaik sangat memuaskan;5;0;4.14.0;2025-12-07 22:57:10;Hi... Terima kasih atas review dan rating yang diberikan. Kami akan terus melakukan perbaikan dan penyempurnaan aplikasi Mobile JKN untuk memberikan kemudahan bagi peserta dan calon peserta JKN. Jika ada kendala, Anda dapat menghubungi Care Center BPJS Kesehatan melalui nomor 165 (24 jam). Terima kasih.;2025-12-11 08:37:40;4.14.0;;;;;;;
8c2096dc-db9f-4fc1-bb15-ac3c6852630e;agus setiawan;https://play-lh.googleusercontent.com/a/ACg8ocJBjp7Mnjp7mRO_1v57xYj4gGZzz6SwRMu_Enh3J2kRjNwOyjc=mo;seringkali logout sendiri dan loginnya tombol masuknya tidak fungsi.;1;0;;2025-12-07 22:38:07;"Mohon maaf atas ketidaknyamanannya. Jika Anda sudah memiliki user Pengguna Mobile JKN, dapat langsung masuk/login dengan menginput NIK KTP dan password yang sudah didaftarkan. atau lakukan registrasi Pengguna Mobile JKN terlebih dahulu (jika belum terdaftar user Mobile JKN) dengan memilih ""Daftar"". Terima kasih.";2025-12-11 08:38:10;;;;;;;;
bfe61480-9b24-4320-8b88-449cf7b4d14d;Indah Pesona;https://play-lh.googleusercontent.com/a-/ALV-UjUaJLUaZ47BRZcnq0yeCiXDHTzzX51BbxNVSZTLrY0toCiw9bU;baguss;5;0;;2025-12-07 22:34:15;Hi... Terima kasih atas review dan rating yang diberikan. Kami akan terus melakukan perbaikan dan penyempurnaan aplikasi Mobile JKN untuk memberikan kemudahan bagi peserta dan calon peserta JKN. Jika ada kendala, Anda dapat menghubungi Care Center BPJS Kesehatan melalui nomor 165 (24 jam). Terima kasih.;2025-12-11 08:37:42;;;;;;;;
9de89179-430f-41c5-baed-6b79d5e748bd;Khofifatul Umairoh;https://play-lh.googleusercontent.com/a/ACg8ocKPiHH2jQZItDNRpSfyGQIZWdc0s8qQoOI8GAezpPZ8ESOL_w=mo;error parahm..masa nggak bisa log in terus...membagongkan...bikin pusing...bukan bikin mudah;1;0;4.14.0;2025-12-07 22:01:30;"Mohon maaf atas ketidaknyamanannya. Jika Anda sudah memiliki user Pengguna Mobile JKN, dapat langsung masuk/login dengan menginput NIK KTP dan password yang sudah didaftarkan. atau lakukan registrasi Pengguna Mobile JKN terlebih dahulu (jika belum terdaftar user Mobile JKN) dengan memilih ""Daftar"". Terima kasih.";2025-12-11 08:37:58;4.14.0;;;;;;;
ee149e48-2980-4de6-902c-20668cae4c79;Deni Mahreza;https://play-lh.googleusercontent.com/a-/ALV-UjVQRoEKva1dcZl6eSRlc9YdvRJtPZiHTR2lEIsKV0Kk25U5cTU;Sangat membantu, menu nya udah cukup banyak. Gak perlu ambil antrean offline lagi, mau ngubah kelas juga tinggal pencet, gak perlu dateng ke kantor asal tunggakan bulan berjalan sudah dibayar.;5;0;4.14.0;2025-12-07 19:39:08;Hi... Terima kasih atas review dan rating yang diberikan. Kami akan terus melakukan perbaikan dan penyempurnaan aplikasi Mobile JKN untuk memberikan kemudahan bagi peserta dan calon peserta JKN. Jika ada kendala, Anda dapat menghubungi Care Center BPJS Kesehatan melalui nomor 165 (24 jam). Terima kasih.;2025-12-11 08:37:45;4.14.0;;;;;;;
fc4464ce-6f5d-420d-8d96-0c0cb45662aa;syarifuddin sau;https://play-lh.googleusercontent.com/a/ACg8ocLLzx6glS1b_j6Umim5Q5JV3MPpRkTunSgIFPmIIQnpDT_blA=mo;Aplikasinya bagus,praktis dan bermanfaat.. sangat membantu;5;0;4.13.1;2025-12-07 19:32:46;Hi... Terima kasih atas review dan rating yang diberikan. Kami akan terus melakukan perbaikan dan penyempurnaan aplikasi Mobile JKN untuk memberikan kemudahan bagi peserta dan calon peserta JKN. Jika ada kendala, Anda dapat menghubungi Care Center BPJS Kesehatan melalui nomor 165 (24 jam). Terima kasih.;2025-12-11 08:40:08;4.13.1;;;;;;;
07274618-bdb0-45c3-b62b-3c8d75c420ac;Yunitanovita;https://play-lh.googleusercontent.com/a/ACg8ocJTYeyZOWesoEqz6TQZQlksSy8206Pmfdza-3EihjNIVBNXew=mo;sangat memudahkan para pengguna BPJS;5;0;4.14.0;2025-12-07 17:54:12;Hi... Terima kasih atas review dan rating yang diberikan. Kami akan terus melakukan perbaikan dan penyempurnaan aplikasi Mobile JKN untuk memberikan kemudahan bagi peserta dan calon peserta JKN. Jika ada kendala, Anda dapat menghubungi Care Center BPJS Kesehatan melalui nomor 165 (24 jam). Terima kasih.;2025-12-11 08:40:10;4.14.0;;;;;;;
1bb6aed2-5811-4a2d-9003-c2eeafeed47a;Saprudin Gagah;https://play-lh.googleusercontent.com/a/ACg8ocIqICmHQ2GeA-8ErhQFkUS6BLJ_cUA1oOM4bzCDnN-J252FoYI=mo;sangat membantu dalam segala hal tentang kesehatan;5;0;4.14.0;2025-12-07 17:33:32;Hi... Terima kasih atas review dan rating yang diberikan. Kami akan terus melakukan perbaikan dan penyempurnaan aplikasi Mobile JKN untuk memberikan kemudahan bagi peserta dan calon peserta JKN. Jika ada kendala, Anda dapat menghubungi Care Center BPJS Kesehatan melalui nomor 165 (24 jam). Terima kasih.;2025-12-11 08:40:55;4.14.0;;;;;;;
81e9952e-fc56-40e3-b9c5-1b433aab324f;Tami Hayati;https://play-lh.googleusercontent.com/a/ACg8ocLqT6xJwM2cE1zREP03-aXt2FUfEWfnD6FNZhqK7hvcs-H_nA=mo;Puas dengan penanganan BPJS kesehatan, lebih cepat lewat Pandawa,atau aplikasi JKN... status kepesertaan anak saya bisa aktif lagi, Alhamdulilah terimakasih Pandawa dan Mobile JKN,KLO bisa jangan nunggu satu bulan setelah pindah fakes..;5;0;4.14.0;2025-12-07 16:50:10;Hi... Terima kasih atas review dan rating yang diberikan. Kami akan terus melakukan perbaikan dan penyempurnaan aplikasi Mobile JKN untuk memberikan kemudahan bagi peserta dan calon peserta JKN. Jika ada kendala, Anda dapat menghubungi Care Center BPJS Kesehatan melalui nomor 165 (24 jam). Terima kasih.;2025-12-11 08:40:16;4.14.0;;;;;;;
769f06c0-05d9-4342-a6d6-18c24db928ca;Ammar Syaqif;https://play-lh.googleusercontent.com/a/ACg8ocK9ME5AVZtcnNaMnQMJORRh2HOuspA3kBIOrWAfTxpFnmOjpA=mo;mau masuk akun susah bngt dikenakan udh masuk akun 3 skrg bikin akun kudu 1 nik.giliran mau masuk nik 1 nya Mlah GK bisa.. tlong donk permudah Kasin jg yg GK punya hp buat mintak tolong masuk JKN JD GK bisa ..buat dftr online..;3;0;;2025-12-07 16:04:12;Jika telah melakukan login lebih dari 3 NIK dari KK yang berbeda pada satu (1) perangkat yang sama, maka untuk dapat login lakukan login dengan device lainnya atau 3 NIK yang tertera tersebut dapat melakukan login ke device peserta yang bersangkutan. Jika terkendala, dapat menghubungi Care Center kami di nomor 165 (24 jam). Terima kasih.;2025-12-11 08:40:51;;;;;;;;
771876b1-cb70-4f4f-b0c7-b54d8128b721;Tutut widi Lestari;https://play-lh.googleusercontent.com/a-/ALV-UjWQyF7zKxcf8S0MFry1KOh1VELYDyAENj55IvZQ_ZASNBsAXfWP;akun saya buat login tidak bisa min karena udah login dengan akun yang berbeda 3 kali;1;0;4.6.0;2025-12-07 16:02:25;Jika telah melakukan login lebih dari 3 NIK dari KK yang berbeda pada satu (1) perangkat yang sama, maka untuk dapat login lakukan login dengan device lainnya atau 3 NIK yang tertera tersebut dapat melakukan login ke device peserta yang bersangkutan. Jika terkendala, dapat menghubungi Care Center kami di nomor 165 (24 jam). Terima kasih.;2025-12-11 08:41:02;4.6.0;;;;;;;
2b26c317-6feb-4214-ba78-6214188adac8;Hasan Asyari;https://play-lh.googleusercontent.com/a/ACg8ocKe7maSoizB3SnjIW3xy3jEp7K7bI-atmfvUqw1R6x4D5f5tw=mo;data terkunci susah buka;5;0;4.14.0;2025-12-07 15:30:08;"Mohon maaf atas ketidaknyamanannya. Jika Anda sudah memiliki user Pengguna Mobile JKN, dapat langsung masuk/login dengan menginput NIK KTP dan password yang sudah didaftarkan. atau lakukan registrasi Pengguna Mobile JKN terlebih dahulu (jika belum terdaftar user Mobile JKN) dengan memilih ""Daftar"". Terima kasih.";2025-12-11 08:41:01;4.14.0;;;;;;;
fbd3b332-48e8-4737-9fb0-80e0cbf6918d;HARDIANTI BM;https://play-lh.googleusercontent.com/a-/ALV-UjUD9llHNIX07HWbDv4ZoDYfIqEZiuHMJcEdbwTogE1nESmCJ7I;Mempersulit;1;0;;2025-12-07 15:24:52;"Mohon maaf atas ketidaknyamanannya. Jika Anda sudah memiliki user Pengguna Mobile JKN, dapat langsung masuk/login dengan menginput NIK KTP dan password yang sudah didaftarkan. atau lakukan registrasi Pengguna Mobile JKN terlebih dahulu (jika belum terdaftar user Mobile JKN) dengan memilih ""Daftar"". Terima kasih.";2025-12-11 08:39:51;;;;;;;;
e890f983-6aa9-4631-8ce1-5ad8ad35aa70;The Great Bond;https://play-lh.googleusercontent.com/a-/ALV-UjW-2S25k9yA1UhiNoq7cqe2Fkbew0Q2gOOjJW5Lc5Vb71RKRRs;mantap;5;0;4.14.0;2025-12-07 14:13:15;Hi... Terima kasih atas review dan rating yang diberikan. Kami akan terus melakukan perbaikan dan penyempurnaan aplikasi Mobile JKN untuk memberikan kemudahan bagi peserta dan calon peserta JKN. Jika ada kendala, Anda dapat menghubungi Care Center BPJS Kesehatan melalui nomor 165 (24 jam). Terima kasih.;2025-12-11 08:40:23;4.14.0;;;;;;;
1ad12f65-2ac4-43af-bc5a-356942722c98;Ridia Angraini;https://play-lh.googleusercontent.com/a-/ALV-UjWvr-wkUMtvjH_bm4Hqbh4wTaiA4EztBwoSgdVKoCUiaQgkZ0Q;aplikasi gak bermutu,sangat2 tidak membantu;1;0;;2025-12-07 14:12:09;"Mohon maaf atas ketidaknyamanannya. Jika Anda sudah memiliki user Pengguna Mobile JKN, dapat langsung masuk/login dengan menginput NIK KTP dan password yang sudah didaftarkan. atau lakukan registrasi Pengguna Mobile JKN terlebih dahulu (jika belum terdaftar user Mobile JKN) dengan memilih ""Daftar"". Terima kasih.";2025-12-11 08:40:27;;;;;;;;
63851377-1e28-4c3b-9692-53a0f2dc626c;Sahru Din;https://play-lh.googleusercontent.com/a/ACg8ocJp-50uagHKX6WAESN8THhuNLpVbgpIVKwq2zUhPiHlfQxO7Q=mo;apk udah bagus dan sangat memudahkan cuma kendala untuk verifikasi nomor via sms lamanya minta ampun, kedepannya tolong di perbaiki lagi;5;0;4.14.0;2025-12-07 13:34:43;Mohon maaf atas ketidaknyamanannya. Jika Anda memilih metode verifikasi menggunakan nomor HP pastikan jaringan baik dan nomor HP yang terdaftar adalah nomor HP prabayar yang aktif dengan pulsa yang mencukupi agar kode OTP dapat masuk. Terima kasih.;2025-12-11 08:42:34;4.14.0;;;;;;;
2fac5e9c-1657-4c95-9b82-fca2247c6fbf;Dwi Ernaa;https://play-lh.googleusercontent.com/a-/ALV-UjUW3VE2geGUmbzO7pI65_bFlJyM3X9GjScDFN465M2mpcyrU545;dr bulan lalu log out sendiri, masuk lagi Captcha nya gak keluar cuma muter aja, gimana dong 😭;1;0;4.14.0;2025-12-07 13:22:48;Mohon maaf atas ketidaknyamanannya. Terkait kendala yang dialami, Anda dapat menyampaikan kendala dengan melampirkan tangkapan layar/video dengan device lain ke alamat email : carecenter@bpjs-kesehatan.go.id untuk kemudahan proses tindak lanjut. Terima kasih.;2025-12-11 08:42:35;4.14.0;;;;;;;
1de8b154-2090-49b3-bf7d-be4cad16bcc6;Prikles Sitorus;https://play-lh.googleusercontent.com/a-/ALV-UjVCGczqfuqCksV_G_1Gp2_uTCuQ4TpiXpS1W32uaB10rYU3-Hi1;Sangat Membatu;5;0;;2025-12-07 13:11:50;Hi... Terima kasih atas review dan rating yang diberikan. Kami akan terus melakukan perbaikan dan penyempurnaan aplikasi Mobile JKN untuk memberikan kemudahan bagi peserta dan calon peserta JKN. Jika ada kendala, Anda dapat menghubungi Care Center BPJS Kesehatan melalui nomor 165 (24 jam). Terima kasih.;2025-12-11 08:42:42;;;;;;;;
f8e8bbcf-402d-430c-8860-4be67c3b4476;Rock star;https://play-lh.googleusercontent.com/a/ACg8ocLHLaUjBc-z2c4zJU5n2NryYvOJ9hLGCDArCuPeY0O6l1TeBCjz=mo;gak jelas tiba-tiba bpjs saya di non-aktifkan padahal saya dari golongan tidak mampu, sementara tetangga² saya yang punya duit masih pada aktif bpjsnya, kocak² kecewa berat sih... padahal saya udah seneng bisa punya bpjs, kalo sakit udah gak perlu mikirin biaya apapun, eh tiba-tiba di non aktifkan tanpa alasan yang jelas!!;1;0;4.14.0;2025-12-07 12:57:48;Mohon maaf atas ketidaknyamanannya. Untuk kenyamanan dan keamanan dalam mendapatkan informasi dan menyampaikan pengaduan terkait program JKN-KIS, mohon dapat menyampaikan data identitas Anda melalui Care Center 165 (24 Jam) atau fitur “Pengaduan Layanan JKN” pada Mobile JKN. Terima kasih.;2025-12-11 08:43:10;4.14.0;;;;;;;
26949896-4980-4d03-a3ea-b60ac3690366;Ahmad Syukron Jailani Wahyu H Amt;https://play-lh.googleusercontent.com/a-/ALV-UjXirlNu99_ULLwDKCVWnTZc9S1fArNzOBBfCIY9EKGyyyxiOIpz;sy akan menggunakan aplikasi ini juga ok.;5;0;4.14.0;2025-12-07 12:54:44;Hi... Terima kasih atas review dan rating yang diberikan. Kami akan terus melakukan perbaikan dan penyempurnaan aplikasi Mobile JKN untuk memberikan kemudahan bagi peserta dan calon peserta JKN. Jika ada kendala, Anda dapat menghubungi Care Center BPJS Kesehatan melalui nomor 165 (24 jam). Terima kasih.;2025-12-11 08:43:08;4.14.0;;;;;;;
90f70e59-6fd7-4668-826a-9110169def6a;Arsi Kendari;https://play-lh.googleusercontent.com/a/ACg8ocLpo4OatYLPJZec_Krxoc5GD8rBK18jO-6QiXci_9xZufR9bg=mo;sang a ton me Bantu until kesehatan;5;0;;2025-12-07 12:49:44;Hi... Terima kasih atas review dan rating yang diberikan. Kami akan terus melakukan perbaikan dan penyempurnaan aplikasi Mobile JKN untuk memberikan kemudahan bagi peserta dan calon peserta JKN. Jika ada kendala, Anda dapat menghubungi Care Center BPJS Kesehatan melalui nomor 165 (24 jam). Terima kasih.;2025-12-11 08:43:17;;;;;;;;
91fddc45-fb22-4fc4-a82d-c113cb8a40bd;Nelson simanjuntak Nelson;https://play-lh.googleusercontent.com/a-/ALV-UjX_yYaxSV0gU7WqEZmdWzIqeBF6ylNrHRHgL3HNjEOGznLSt0o;sangat membantu;5;0;4.14.0;2025-12-07 12:44:27;Hi... Terima kasih atas review dan rating yang diberikan. Kami akan terus melakukan perbaikan dan penyempurnaan aplikasi Mobile JKN untuk memberikan kemudahan bagi peserta dan calon peserta JKN. Jika ada kendala, Anda dapat menghubungi Care Center BPJS Kesehatan melalui nomor 165 (24 jam). Terima kasih.;2025-12-11 08:42:55;4.14.0;;;;;;;
a12e2b54-5a69-4cac-8f97-012815931777;Maryani yani;https://play-lh.googleusercontent.com/a/ACg8ocIAyoRuNcXByRaMH6sRngPsORitVlE0_HYBHtSt53ruKzCbKA=mo;membantu bgt buat keluarga kecil kita.trimakasih pemeritahan indonesia;5;0;4.12.0;2025-12-07 12:32:25;Hi... Terima kasih atas review dan rating yang diberikan. Kami akan terus melakukan perbaikan dan penyempurnaan aplikasi Mobile JKN untuk memberikan kemudahan bagi peserta dan calon peserta JKN. Jika ada kendala, Anda dapat menghubungi Care Center BPJS Kesehatan melalui nomor 165 (24 jam). Terima kasih.;2025-12-11 08:43:19;4.12.0;;;;;;;
bf44a859-f395-40ee-8fa9-418e7b472995;Muhamad Alin Nuroni;https://play-lh.googleusercontent.com/a-/ALV-UjUKH-vXlntn_OiJF98TRkO2LcTBpN0o_0w13nw3uzeL_ypLv0cE;is the best 👍;5;0;;2025-12-07 11:52:00;Hi... Terima kasih atas review dan rating yang diberikan. Kami akan terus melakukan perbaikan dan penyempurnaan aplikasi Mobile JKN untuk memberikan kemudahan bagi peserta dan calon peserta JKN. Jika ada kendala, Anda dapat menghubungi Care Center BPJS Kesehatan melalui nomor 165 (24 jam). Terima kasih.;2025-12-11 08:43:30;;;;;;;;
25ff70b8-60ad-43fc-9e68-15063f2063f4;Yunita Nurhayati;https://play-lh.googleusercontent.com/a-/ALV-UjUJ0uVlZ8dq4UgNexE_ZITMxwhiacrzOx8317wQJ0aBPAYVuSoy;busuk ! aplikasi dari pemerintah kenapa selalu begini ! di suruh online tapi pas udah online dipersulit, sebelumnya tiba2 disuruh perifikasi apalah katanya ada maslah padahal di pake juga jarang, sekarang sering log out sendiri harus masuk ulang berkali2 mending klo simple. orang lagi sakit di ajak bermain masalah sama aplikasi gaje. mending kek sebelumnya pake aplikasi masing2 rumah sakit, gak pernah tuh ada masalah ngaco2 kek gini. pada becus gak sih ini masa kalah sama swasta, memalukan.;1;0;4.14.0;2025-12-07 11:46:28;"Mohon maaf atas ketidaknyamanannya. Jika Anda sudah memiliki user Pengguna Mobile JKN, dapat langsung masuk/login dengan menginput NIK KTP dan password yang sudah didaftarkan. atau lakukan registrasi Pengguna Mobile JKN terlebih dahulu (jika belum terdaftar user Mobile JKN) dengan memilih ""Daftar"". Terima kasih.";2025-12-11 08:41:59;4.14.0;;;;;;;
77fe3575-38bc-4647-a416-d83f7adb4223;Sistyani Tia;https://play-lh.googleusercontent.com/a-/ALV-UjV08oyLZzVgd5njjZHLl-g_stg9feqTB8LTWX1xGFLzdzjhsSQ2;berulang kali masuk kembali ke aplikasi tidak bisa. berulang kali minta kode Verifikasi, tapi tidak dikirim kirim. bagaimana ini? sedangkan pembayaran BPJS tiap bulan dipotong dari perusahaan. kartu tidak ada. aplikasi tidak dapat digunakan. sangat merugikan.;1;0;4.14.0;2025-12-07 11:36:55;Mohon maaf atas ketidaknyamanannya. Jika Anda memilih metode verifikasi menggunakan nomor HP pastikan jaringan baik dan nomor HP yang terdaftar adalah nomor HP prabayar yang aktif dengan pulsa yang mencukupi agar kode OTP dapat masuk. Terima kasih.;2025-12-11 08:44:40;4.14.0;;;;;;;
88c96591-39a8-4ed0-a4e4-26d18b437c1d;Rizka Kurniawan;https://play-lh.googleusercontent.com/a-/ALV-UjUR0f5flyHjrXwWGaT7Vot0fkurcjiZh9NZ6BE7qQZjbgRg2i0;"setalah up date peserta d aplikasi header masih muncul status "" anggota keluarga non aktif "",padahal sdh aktif semuanya,tolong segera d perbaiki";3;0;4.14.0;2025-12-07 11:12:17;Mohon maaf atas ketidaknyamanannya. Untuk kenyamanan dan keamanan dalam mendapatkan informasi dan menyampaikan pengaduan terkait program JKN-KIS, mohon dapat menyampaikan data identitas Anda melalui Care Center 165 (24 Jam) atau fitur “Pengaduan Layanan JKN” pada Mobile JKN. Terima kasih.;2025-12-11 08:43:41;4.14.0;;;;;;;
f591ab55-129c-4b04-90ad-99c9af6f6ff3;putri;https://play-lh.googleusercontent.com/a/ACg8ocKR09m1eqPG8gDxcNaQ2dAhd-blwZTA_aaiTZSICkMufZP1VA=mo;tolong solusinya, bagaimana jika akun JKn tidak bisa login karena perangkat saya sudah digunakan untuk login oleh lebih dari 3 NIK yang berbeda, terima kasih:);4;0;;2025-12-07 11:06:47;Jika telah melakukan login lebih dari 3 NIK dari KK yang berbeda pada satu (1) perangkat yang sama, maka untuk dapat login lakukan login dengan device lainnya atau 3 NIK yang tertera tersebut dapat melakukan login ke device peserta yang bersangkutan. Jika terkendala, dapat menghubungi Care Center kami di nomor 165 (24 jam). Terima kasih.;2025-12-11 08:45:52;;;;;;;;
5a461471-57f3-416e-85c8-ea00e70f1036;Jabeng Class;https://play-lh.googleusercontent.com/a-/ALV-UjURhpqNbOx9Ia84y-YhY_fJDSEOhYFg6FhEkUuJ80m74PP5nUQ;mau login susah...padahal NIk sudah benar,trus gmn?aplikasi gak jelas;1;0;;2025-12-07 11:04:31;Mohon maaf atas ketidaknyamanannya. Terkait kendala tersebut, mohon agar dapat memastikan kombinasi kata sandi yang dimasukkan. Jika masih terdapat kesalahan, dapat kami sarankan agar Bapak/Ibu memilih menu “Lupa Kata Sandi”. Selanjutnya masukkan Nomor Induk Kependudukan dan Captcha. Terima kasih.;2025-12-11 08:44:21;;;;;;;;
b98d7766-e854-4471-8704-338d44a984ff;Rajab rajab;https://play-lh.googleusercontent.com/a/ACg8ocKUzoCeWCU8xZJofQGybPf1oQ7AQ901zF-JyUpjxWLZYL9PVA=mo;sangat sulit untuk login;2;0;4.14.0;2025-12-07 10:08:06;"Mohon maaf atas ketidaknyamanannya. Jika Anda sudah memiliki user Pengguna Mobile JKN, dapat langsung masuk/login dengan menginput NIK KTP dan password yang sudah didaftarkan. atau lakukan registrasi Pengguna Mobile JKN terlebih dahulu (jika belum terdaftar user Mobile JKN) dengan memilih ""Daftar"". Terima kasih.";2025-12-11 08:45:11;4.14.0;;;;;;;
b5d6b56a-e1c8-453a-a7d5-74d18eb1439a;Oday 123;https://play-lh.googleusercontent.com/a-/ALV-UjWZFd0iHPxzDGjNrDAtSE4ej0-2YIKATKQc37AjM0XLpEDsGzg;GK bisa login;1;0;;2025-12-07 09:35:09;"Mohon maaf atas ketidaknyamanannya. Jika Anda sudah memiliki user Pengguna Mobile JKN, dapat langsung masuk/login dengan menginput NIK KTP dan password yang sudah didaftarkan. atau lakukan registrasi Pengguna Mobile JKN terlebih dahulu (jika belum terdaftar user Mobile JKN) dengan memilih ""Daftar"". Terima kasih.";2025-12-11 08:45:12;;;;;;;;
47b55803-89b7-442c-a0aa-e23dd517c04f;Kelvin Valentino;https://play-lh.googleusercontent.com/a-/ALV-UjVZ7Dd7twLdu3HCWMjlma9qlRrDN2rS2uF3WrTVc9WUJC0UprE;Tolong dong kalau setiap update jangan tbtb ke logout sendiri,kasian yang lupa sama paswordnya;1;0;4.14.0;2025-12-07 09:28:59;"Mohon maaf atas ketidaknyamanannya. Jika Anda sudah memiliki user Pengguna Mobile JKN, dapat langsung masuk/login dengan menginput NIK KTP dan password yang sudah didaftarkan. atau lakukan registrasi Pengguna Mobile JKN terlebih dahulu (jika belum terdaftar user Mobile JKN) dengan memilih ""Daftar"". Terima kasih.";2025-12-11 08:45:16;4.14.0;;;;;;;
82b8cae7-cc76-47ef-ba1d-91ecae4b38ed;zuhdi kurnia;https://play-lh.googleusercontent.com/a/ACg8ocJyL2EbEnTmjeGTRtsLo2j7o3J1zK45KQi0nDCG4629N3ZMAg=mo;ok;4;0;4.14.0;2025-12-07 09:15:34;Hi... Terima kasih atas review dan rating yang diberikan. Kami akan terus melakukan perbaikan dan penyempurnaan aplikasi Mobile JKN untuk memberikan kemudahan bagi peserta dan calon peserta JKN. Jika ada kendala, Anda dapat menghubungi Care Center BPJS Kesehatan melalui nomor 165 (24 jam). Terima kasih.;2025-12-11 08:45:34;4.14.0;;;;;;;
02993a29-7bb4-4a30-9d9d-5c48eeca3f80;edy hissto;https://play-lh.googleusercontent.com/a-/ALV-UjVDrZBdsQEs3wqw_3K0xISxPzlRKE--weRxPST4M7OF-2bAPw0;Simpel;5;0;4.14.0;2025-12-07 08:51:20;Hi... Terima kasih atas review dan rating yang diberikan. Kami akan terus melakukan perbaikan dan penyempurnaan aplikasi Mobile JKN untuk memberikan kemudahan bagi peserta dan calon peserta JKN. Jika ada kendala, Anda dapat menghubungi Care Center BPJS Kesehatan melalui nomor 165 (24 jam). Terima kasih.;2025-12-11 08:45:29;4.14.0;;;;;;;
acc988b1-6bfc-42a6-82af-6d28591a5962;Yeni Paru;https://play-lh.googleusercontent.com/a/ACg8ocJbeLrVrINr6m2iVlL9UzhK-LdXpnteW1k6MeaxGZpAmcyioA=mo;ini mau login susah banget data yang terdaftar sudah saya masukin password sudah benar nik kependudukan SDH benar tapi pas mau masuk salah bingung lama lama;2;0;4.14.0;2025-12-07 08:47:34;Mohon maaf atas ketidaknyamanannya. Terkait kendala tersebut, mohon agar dapat memastikan kombinasi kata sandi yang dimasukkan. Jika masih terdapat kesalahan, dapat kami sarankan agar Bapak/Ibu memilih menu “Lupa Kata Sandi”. Selanjutnya masukkan Nomor Induk Kependudukan dan Captcha. Terima kasih.;2025-12-11 08:44:07;4.14.0;;;;;;;
8fbc99d1-c0d1-4399-813d-03c10cfd0ae8;alif akbar;https://play-lh.googleusercontent.com/a/ACg8ocIoQs45Xw0Y6kOq9x9Fm2fZqmk3Icu_oGH_P50UlplLoqEMSg=mo;saya mau verifikasi udh beberapa hari beberapa kali..mau minta otf permintaan anda belum dapat di proses terus gimana ini saya mau daftar online...;1;0;4.14.0;2025-12-07 08:39:15;Mohon maaf atas ketidaknyamanannya. Terkait kendala yang dialami, Anda dapat menyampaikan kendala dengan melampirkan tangkapan layar/video dengan device lain ke alamat email : carecenter@bpjs-kesehatan.go.id untuk kemudahan proses tindak lanjut. Terima kasih.;2025-12-11 08:46:45;4.14.0;;;;;;;
4d35f545-90fe-4104-b8d5-cfb50c3b0bb6;Jawirianto02@gmail.com Jawir;https://play-lh.googleusercontent.com/a/ACg8ocJME8UNJFSwUJQRKwz4GavASVGtNqqbE02emZzHRsF6pECQKw=mo;mudah pengoperasian nya;5;0;4.14.0;2025-12-07 08:37:43;Hi... Terima kasih atas review dan rating yang diberikan. Kami akan terus melakukan perbaikan dan penyempurnaan aplikasi Mobile JKN untuk memberikan kemudahan bagi peserta dan calon peserta JKN. Jika ada kendala, Anda dapat menghubungi Care Center BPJS Kesehatan melalui nomor 165 (24 jam). Terima kasih.;2025-12-11 08:46:45;4.14.0;;;;;;;
3e9dfc4d-48a4-4b5e-a8c3-7eb4bbc5556d;Penjelajah Alam Indonesia;https://play-lh.googleusercontent.com/a-/ALV-UjXJmtHpuqwtKWUC8m9o4503NxIEFcLOszggP5ovJLz_wx8xqLI;ganti faskes lebih gampang;5;0;4.14.0;2025-12-07 08:34:04;Hi... Terima kasih atas review dan rating yang diberikan. Kami akan terus melakukan perbaikan dan penyempurnaan aplikasi Mobile JKN untuk memberikan kemudahan bagi peserta dan calon peserta JKN. Jika ada kendala, Anda dapat menghubungi Care Center BPJS Kesehatan melalui nomor 165 (24 jam). Terima kasih.;2025-12-11 08:46:51;4.14.0;;;;;;;
6e7f1517-acd5-44b9-8894-a87f4b8ab6c6;Syaf rizal;https://play-lh.googleusercontent.com/a/ACg8ocICfDRnNVYe9oGZp9mWJZFTvd99OQMSUJPmLFc75h-bguDeSg=mo;sangat membantu;5;0;;2025-12-07 08:22:02;Hi... Terima kasih atas review dan rating yang diberikan. Kami akan terus melakukan perbaikan dan penyempurnaan aplikasi Mobile JKN untuk memberikan kemudahan bagi peserta dan calon peserta JKN. Jika ada kendala, Anda dapat menghubungi Care Center BPJS Kesehatan melalui nomor 165 (24 jam). Terima kasih.;2025-12-11 08:46:52;;;;;;;;
0634cad7-8d6f-4f5d-b1cf-d8fb353bfc4f;Al Bana;https://play-lh.googleusercontent.com/a-/ALV-UjUoZQ4XCfJUTNmgqhgPboDBbfn5rRwm1rg0N7Tx3c48J5IoXswF;aplikasi sangat membantu;5;0;4.14.0;2025-12-07 08:21:15;Hi... Terima kasih atas review dan rating yang diberikan. Kami akan terus melakukan perbaikan dan penyempurnaan aplikasi Mobile JKN untuk memberikan kemudahan bagi peserta dan calon peserta JKN. Jika ada kendala, Anda dapat menghubungi Care Center BPJS Kesehatan melalui nomor 165 (24 jam). Terima kasih.;2025-12-11 08:47:18;4.14.0;;;;;;;
972a1844-dda0-42f4-8eff-f870e392db80;AGUNG PLM;https://play-lh.googleusercontent.com/a/ACg8ocIBML2E9LKRT94Z2qQf1y49wt2rrRhU5akwywir6dn9WaHHkRk=mo;best;5;0;4.14.0;2025-12-07 08:09:47;Hi... Terima kasih atas review dan rating yang diberikan. Kami akan terus melakukan perbaikan dan penyempurnaan aplikasi Mobile JKN untuk memberikan kemudahan bagi peserta dan calon peserta JKN. Jika ada kendala, Anda dapat menghubungi Care Center BPJS Kesehatan melalui nomor 165 (24 jam). Terima kasih.;2025-12-11 08:47:17;4.14.0;;;;;;;
605bdf3a-790a-4af2-90de-561c4d4c5542;Jajat Ojat;https://play-lh.googleusercontent.com/a/ACg8ocIolaGmPPslDSrMb1sdhw2yftLFUeOjPMCqgxcIhemD_UBGKg=mo;sangat membantu;5;0;4.14.0;2025-12-07 07:44:51;Hi... Terima kasih atas review dan rating yang diberikan. Kami akan terus melakukan perbaikan dan penyempurnaan aplikasi Mobile JKN untuk memberikan kemudahan bagi peserta dan calon peserta JKN. Jika ada kendala, Anda dapat menghubungi Care Center BPJS Kesehatan melalui nomor 165 (24 jam). Terima kasih.;2025-12-11 08:47:06;4.14.0;;;;;;;
cbabc70a-c603-4d16-905a-d2a2b986230b;Desta Pratama;https://play-lh.googleusercontent.com/a-/ALV-UjWh_Dht91PZJjoaZkiavyvBQnSNAo5hf8JMZOI0eImZY8LeZJg;mantap;3;0;4.14.0;2025-12-07 07:33:57;Hi... Terima kasih atas review dan rating yang diberikan. Kami akan terus melakukan perbaikan dan penyempurnaan aplikasi Mobile JKN untuk memberikan kemudahan bagi peserta dan calon peserta JKN. Jika ada kendala, Anda dapat menghubungi Care Center BPJS Kesehatan melalui nomor 165 (24 jam). Terima kasih.;2025-12-11 08:47:08;4.14.0;;;;;;;
24370819-868c-4814-8c20-1e4d1977a587;KAK LISTRIK;https://play-lh.googleusercontent.com/a-/ALV-UjX_qkZZJ7_0XzyPv5jTcNWRrq-Kjt3S7mf9236jzKrmG_8TeK6g;mudah;5;0;4.14.0;2025-12-07 07:25:45;Hi... Terima kasih atas review dan rating yang diberikan. Kami akan terus melakukan perbaikan dan penyempurnaan aplikasi Mobile JKN untuk memberikan kemudahan bagi peserta dan calon peserta JKN. Jika ada kendala, Anda dapat menghubungi Care Center BPJS Kesehatan melalui nomor 165 (24 jam). Terima kasih.;2025-12-11 08:47:11;4.14.0;;;;;;;
d241610b-8e5f-41c1-8e6c-8a02990920dc;Iwan kite;https://play-lh.googleusercontent.com/a-/ALV-UjW0IH3rKdZhemkzGSf0kQWTnXuyRjHBHcc5xIr5FEknYFljyUc;sangat tidak memuaskan aplikasi ini;1;0;;2025-12-07 07:22:22;"Mohon maaf atas ketidaknyamanannya. Jika Anda sudah memiliki user Pengguna Mobile JKN, dapat langsung masuk/login dengan menginput NIK KTP dan password yang sudah didaftarkan. atau lakukan registrasi Pengguna Mobile JKN terlebih dahulu (jika belum terdaftar user Mobile JKN) dengan memilih ""Daftar"". Terima kasih.";2025-12-11 08:46:21;;;;;;;;
ffd2c9e2-538c-4332-aec9-1467a02e9303;Aneng Mutmainah;https://play-lh.googleusercontent.com/a-/ALV-UjWb2aDMMEnqoFF6W4mhz4XYiMF20CWR4up5GboF_frhdIE0bWw;Sangat membantu;5;0;;2025-12-07 07:16:23;Hi... Terima kasih atas review dan rating yang diberikan. Kami akan terus melakukan perbaikan dan penyempurnaan aplikasi Mobile JKN untuk memberikan kemudahan bagi peserta dan calon peserta JKN. Jika ada kendala, Anda dapat menghubungi Care Center BPJS Kesehatan melalui nomor 165 (24 jam). Terima kasih.;2025-12-11 08:47:29;;;;;;;;
217c4512-f936-4ffe-a285-9c7e7a11cc76;alimah Limah;https://play-lh.googleusercontent.com/a/ACg8ocLI2ILBBC2mj8tdTXdaFVZ86or0jPHtWWZJFRef4wyP3jg1AA=mo;good;5;0;4.14.0;2025-12-07 07:01:18;Hi... Terima kasih atas review dan rating yang diberikan. Kami akan terus melakukan perbaikan dan penyempurnaan aplikasi Mobile JKN untuk memberikan kemudahan bagi peserta dan calon peserta JKN. Jika ada kendala, Anda dapat menghubungi Care Center BPJS Kesehatan melalui nomor 165 (24 jam). Terima kasih.;2025-12-11 08:47:31;4.14.0;;;;;;;
6bca98bb-d78f-434b-a452-4e13f8cdd9b7;Putri Tunggal;https://play-lh.googleusercontent.com/a/ACg8ocLvyDEQ-J3sOccbnYUVFs_W2jXqg2Pe1IduBPFQNuL_vZ-HXuY=mo;udah pernah terdaftar,udah pernah dipake,,dan bisa bisanya log out sendiri,tp saat coba mau digunakan masuk dan masukan no NIK, tertulis no NIK tidak terdaftar,ya ampun payah sekali,entah gimana caranya masuk lagi;3;0;4.14.0;2025-12-07 06:54:20;"Mohon maaf atas ketidaknyamanannya. Jika Anda sudah memiliki user Pengguna Mobile JKN, dapat langsung masuk/login dengan menginput NIK KTP dan password yang sudah didaftarkan. atau lakukan registrasi Pengguna Mobile JKN terlebih dahulu (jika belum terdaftar user Mobile JKN) dengan memilih ""Daftar"". Terima kasih.";2025-12-11 08:48:09;4.14.0;;;;;;;
e4a2364f-b374-4c05-ba6b-15101f1ea2ab;Reza Alfariji;https://play-lh.googleusercontent.com/a-/ALV-UjXfTaldMx59J71q6sA-MpecYnMTQeOuSH_NFSxZGEr6Yt2bgSI;antab;5;0;4.14.0;2025-12-07 06:34:52;Hi... Terima kasih atas review dan rating yang diberikan. Kami akan terus melakukan perbaikan dan penyempurnaan aplikasi Mobile JKN untuk memberikan kemudahan bagi peserta dan calon peserta JKN. Jika ada kendala, Anda dapat menghubungi Care Center BPJS Kesehatan melalui nomor 165 (24 jam). Terima kasih.;2025-12-11 08:47:36;4.14.0;;;;;;;
a8107110-1eb8-4881-845b-388b866bc622;Marman Arman;https://play-lh.googleusercontent.com/a/ACg8ocI_GQtsREDNm3mNWrVPQOkU8kQlMKVrZTpA84bd95iJxF2FdQ=mo;bisa lebih mudah dalam berobat;5;0;;2025-12-07 06:13:38;Hi... Terima kasih atas review dan rating yang diberikan. Kami akan terus melakukan perbaikan dan penyempurnaan aplikasi Mobile JKN untuk memberikan kemudahan bagi peserta dan calon peserta JKN. Jika ada kendala, Anda dapat menghubungi Care Center BPJS Kesehatan melalui nomor 165 (24 jam). Terima kasih.;2025-12-11 08:47:41;;;;;;;;
e98fef95-afc1-4fe2-83b0-66e7964782e1;ayu utami;https://play-lh.googleusercontent.com/a/ACg8ocIL0FnxZddcfg-NChwt4bw8yB6Y0zZa1Ca91NxDIc_eO4SJcA=mo;sumpah min ini gjls bgt aku lupa sndi tpi PAS disuruh lewat SMS malah ga keluar trs gjls bgt;1;0;4.14.0;2025-12-07 06:10:25;Mohon maaf atas ketidaknyamanannya. Jika Anda memilih metode verifikasi menggunakan nomor HP pastikan jaringan baik dan nomor HP yang terdaftar adalah nomor HP prabayar yang aktif dengan pulsa yang mencukupi agar kode OTP dapat masuk. Terima kasih.;2025-12-11 08:48:25;4.14.0;;;;;;;
588a075f-598e-4093-b838-f1b43bf5ee91;Bagus Rochman S;https://play-lh.googleusercontent.com/a/ACg8ocL215QgbpNyPTg3CI8QoZDPds2fNoz-ubGHMTY1CLJsjvMEI-s=mo;mobile jkn sangat bagus sekali sangat membantu kami;5;0;4.14.0;2025-12-07 06:02:06;Hi... Terima kasih atas review dan rating yang diberikan. Kami akan terus melakukan perbaikan dan penyempurnaan aplikasi Mobile JKN untuk memberikan kemudahan bagi peserta dan calon peserta JKN. Jika ada kendala, Anda dapat menghubungi Care Center BPJS Kesehatan melalui nomor 165 (24 jam). Terima kasih.;2025-12-11 08:48:28;4.14.0;;;;;;;
006d671c-aab6-4f99-9f3c-e64ced2a65d5;warmono cah porjo;https://play-lh.googleusercontent.com/a-/ALV-UjU_2yKHSE0dTzTTUuEZvoPjNRn74HL4XiP75vMB6yK-dLKdxd3B;memudahkan pelayanan;5;0;;2025-12-07 05:50:27;Hi... Terima kasih atas review dan rating yang diberikan. Kami akan terus melakukan perbaikan dan penyempurnaan aplikasi Mobile JKN untuk memberikan kemudahan bagi peserta dan calon peserta JKN. Jika ada kendala, Anda dapat menghubungi Care Center BPJS Kesehatan melalui nomor 165 (24 jam). Terima kasih.;2025-12-11 08:47:47;;;;;;;;
a8107110-1eb8-4881-845b-388b866bc622;Marman Arman;https://play-lh.googleusercontent.com/a/ACg8ocI_GQtsREDNm3mNWrVPQOkU8kQlMKVrZTpA84bd95iJxF2FdQ=mo;membantu;5;0;;2025-12-07 06:13:38;Hi... Terima kasih atas review dan rating yang diberikan. Kami akan terus melakukan perbaikan dan penyempurnaan aplikasi Mobile JKN untuk memberikan kemudahan bagi peserta dan calon peserta JKN. Jika ada kendala, Anda dapat menghubungi Care Center BPJS Kesehatan melalui nomor 165 (24 jam). Terima kasih.;2025-12-11 08:47:41;;;;;;;;
e98fef95-afc1-4fe2-83b0-66e7964782e1;ayu utami;https://play-lh.googleusercontent.com/a/ACg8ocIL0FnxZddcfg-NChwt4bw8yB6Y0zZa1Ca91NxDIc_eO4SJcA=mo;miris lupa sandi, ingin meriset sandi, no telpon dan email benar tidak pernah di tukar, namun saat ingin riset bisa2nya sistem bilang salah terus, angka yg pakai **91 itu pdhal sudah betul nomor nyaaa, gimna si aplikasi nya mempersulit doang;1;0;4.14.0;2025-12-07 06:10:25;Mohon maaf atas ketidaknyamanannya. Jika Anda memilih metode verifikasi menggunakan nomor HP pastikan jaringan baik dan nomor HP yang terdaftar adalah nomor HP prabayar yang aktif dengan pulsa yang mencukupi agar kode OTP dapat masuk. Terima kasih.;2025-12-11 08:48:25;4.14.0;;;;;;;
588a075f-598e-4093-b838-f1b43bf5ee91;Bagus Rochman S;https://play-lh.googleusercontent.com/a/ACg8ocL215QgbpNyPTg3CI8QoZDPds2fNoz-ubGHMTY1CLJsjvMEI-s=mo;aplikasi jelek sering log out sendiri;1;0;4.14.0;2025-12-07 06:02:06;Hi... Terima kasih atas review dan rating yang diberikan. Kami akan terus melakukan perbaikan dan penyempurnaan aplikasi Mobile JKN untuk memberikan kemudahan bagi peserta dan calon peserta JKN. Jika ada kendala, Anda dapat menghubungi Care Center BPJS Kesehatan melalui nomor 165 (24 jam). Terima kasih.;2025-12-11 08:48:28;4.14.0;;;;;;;
006d671c-aab6-4f99-9f3c-e64ced2a65d5;warmono cah porjo;https://play-lh.googleusercontent.com/a-/ALV-UjU_2yKHSE0dTzTTUuEZvoPjNRn74HL4XiP75vMB6yK-dLKdxd3B;aplikasi aneh , tiba² logout , skrg semua pendaftaran harus online , sedangkan aplikasinya butut , lagi daftar tiba² logout atau ga ngelag , aplikasi lemootttttttt;2;0;;2025-12-07 05:50:27;Hi... Terima kasih atas review dan rating yang diberikan. Kami akan terus melakukan perbaikan dan penyempurnaan aplikasi Mobile JKN untuk memberikan kemudahan bagi peserta dan calon peserta JKN. Jika ada kendala, Anda dapat menghubungi Care Center BPJS Kesehatan melalui nomor 165 (24 jam). Terima kasih.;2025-12-11 08:47:47;;;;;;;;
fc484aa8-57c1-4224-9207-0449855a73f5;Winarto Zaky;https://play-lh.googleusercontent.com/a-/ALV-UjUVhtc_BZY35SM80r13FiPZBqIwqFoJB338M60oU6ITHpnDM0-w;sangat mudah kita tidak perlu jauh jauh kekantor BPJS cukup dirumah sudah bisa ngurus perpindahan faskes, sangat bermanfaat terimakasih;5;0;4.14.0;2025-12-07 05:49:00;Hi... Terima kasih atas review dan rating yang diberikan. Kami akan terus melakukan perbaikan dan penyempurnaan aplikasi Mobile JKN untuk memberikan kemudahan bagi peserta dan calon peserta JKN. Jika ada kendala, Anda dapat menghubungi Care Center BPJS Kesehatan melalui nomor 165 (24 jam). Terima kasih.;2025-12-11 08:47:49;4.14.0;;;;;;;
5aa55021-bba5-4a79-b53d-e43569725e2d;Hairul Anwar;https://play-lh.googleusercontent.com/a/ACg8ocIjgA3WIZH4rdpGogJbx8PDATdheqVbXyD79EvJnog7FjkLiQ=mo;baru download mudah -mudahan sesuai dengan baik dan bijak;5;0;4.14.0;2025-12-07 05:28:51;Hi... Terima kasih atas review dan rating yang diberikan. Kami akan terus melakukan perbaikan dan penyempurnaan aplikasi Mobile JKN untuk memberikan kemudahan bagi peserta dan calon peserta JKN. Jika ada kendala, Anda dapat menghubungi Care Center BPJS Kesehatan melalui nomor 165 (24 jam). Terima kasih.;2025-12-11 08:48:42;4.14.0;;;;;;;
2570b4ed-6a57-49e5-9d13-ef1845256d58;Taufik_Abdurrohman Sumedang;https://play-lh.googleusercontent.com/a-/ALV-UjUhZyFcrA-wRdk8EHYmyrz5eMa3PocZAoSkG3XjTfcPgWhpzQ5D;bayar tagihan hanya beranggotakan 2Orang, knp jdi beranggotakan 4Orang? ga sesuai niih BPJS sma datanya;3;0;4.14.0;2025-12-07 05:13:56;Hi... Terima kasih atas review dan rating yang diberikan. Kami akan terus melakukan perbaikan dan penyempurnaan aplikasi Mobile JKN untuk memberikan kemudahan bagi peserta dan calon peserta JKN. Jika ada kendala, Anda dapat menghubungi Care Center BPJS Kesehatan melalui nomor 165 (24 jam). Terima kasih.;2025-12-11 08:48:44;4.14.0;;;;;;;
290d318f-3942-49cd-bd5a-81bc47efbf9f;imam sanjaya;https://play-lh.googleusercontent.com/a-/ALV-UjW2wgM1dMjyYuP2PPXH6ZCPpkjjSC44L6T5L20GYtC-Hx57PgA;sekali terimakasih JKN mobile;5;0;4.14.0;2025-12-07 05:08:46;Hi... Terima kasih atas review dan rating yang diberikan. Kami akan terus melakukan perbaikan dan penyempurnaan aplikasi Mobile JKN untuk memberikan kemudahan bagi peserta dan calon peserta JKN. Jika ada kendala, Anda dapat menghubungi Care Center BPJS Kesehatan melalui nomor 165 (24 jam). Terima kasih.;2025-12-11 08:48:48;4.14.0;;;;;;;
560c51f3-c834-4073-a2e9-834d11729665;Nasmar Umar;https://play-lh.googleusercontent.com/a-/ALV-UjUZtB1QH9jqsJvr-gbPNsYz2YIrGkfTsSbixHRPi-yncJ3KZY7E;membantu untuk mengetahui informasi sekila bpjs;4;0;4.14.0;2025-12-07 05:07:31;Hi... Terima kasih atas review dan rating yang diberikan. Kami akan terus melakukan perbaikan dan penyempurnaan aplikasi Mobile JKN untuk memberikan kemudahan bagi peserta dan calon peserta JKN. Jika ada kendala, Anda dapat menghubungi Care Center BPJS Kesehatan melalui nomor 165 (24 jam). Terima kasih.;2025-12-11 08:48:52;4.14.0;;;;;;;
daff4099-d1f0-405f-aaff-5cd85652ed4b;ika navi;https://play-lh.googleusercontent.com/a-/ALV-UjUuOtUChybqoZkwcLtw0ipLkFxEtQ7ciKVVJOl_D_Or9VKKExKW;ok juga;5;0;4.14.0;2025-12-07 05:06:09;Hi... Terima kasih atas review dan rating yang diberikan. Kami akan terus melakukan perbaikan dan penyempurnaan aplikasi Mobile JKN untuk memberikan kemudahan bagi peserta dan calon peserta JKN. Jika ada kendala, Anda dapat menghubungi Care Center BPJS Kesehatan melalui nomor 165 (24 jam). Terima kasih.;2025-12-11 08:48:55;4.14.0;;;;;;;
718880e3-3afd-4b33-b9d1-995f9fcc39e0;Sis Ka;https://play-lh.googleusercontent.com/a/ACg8ocKU1tAUqNgrK1pQ4tNzFXvXN5lpHdMX5m-uCQnpshTLUhyEWw=mo;mudah cepat ramah;5;0;;2025-12-07 05:05:31;Hi... Terima kasih atas review dan rating yang diberikan. Kami akan terus melakukan perbaikan dan penyempurnaan aplikasi Mobile JKN untuk memberikan kemudahan bagi peserta dan calon peserta JKN. Jika ada kendala, Anda dapat menghubungi Care Center BPJS Kesehatan melalui nomor 165 (24 jam). Terima kasih.;2025-12-11 08:49:16;;;;;;;;
2f54afee-79f6-4299-94fe-61e72f95b1c1;Mimi _momo;https://play-lh.googleusercontent.com/a/ACg8ocIuIF5deTziqauWQFYPXtZ3gzPsTmklu90CrcuCEH-COwJO3g=mo;sangat membantu;5;0;;2025-12-07 04:45:43;Hi... Terima kasih atas review dan rating yang diberikan. Kami akan terus melakukan perbaikan dan penyempurnaan aplikasi Mobile JKN untuk memberikan kemudahan bagi peserta dan calon peserta JKN. Jika ada kendala, Anda dapat menghubungi Care Center BPJS Kesehatan melalui nomor 165 (24 jam). Terima kasih.;2025-12-11 08:49:11;;;;;;;;
cbf0239b-bdf4-4d27-88c2-7268657c4ecc;ade masyhuri;https://play-lh.googleusercontent.com/a-/ALV-UjX89OL_5zZwzQZhnzr5dCINFM8rADyaeNPwKO8DBEHL4oSR0UE;saya tidak bisa login di akun saya sendri,ada apa dengan jkn,saya sudah melakukan pengisian nik KTP dan no telp yg terdaftar,namun mentok di logo chaptcha tidak mau muncul;1;0;4.14.0;2025-12-07 04:21:24;Hi... Terima kasih atas review dan rating yang diberikan. Kami akan terus melakukan perbaikan dan penyempurnaan aplikasi Mobile JKN untuk memberikan kemudahan bagi peserta dan calon peserta JKN. Jika ada kendala, Anda dapat menghubungi Care Center BPJS Kesehatan melalui nomor 165 (24 jam). Terima kasih.;2025-12-11 08:49:10;4.14.0;;;;;;;
e882b949-aff3-4dae-9646-f3b84ea6dcb0;Erwan Pgk;https://play-lh.googleusercontent.com/a/ACg8ocLnUcacsIy6aLZ_jNP5sfKVY-UY7NExIXBmTuJ_IejCmqrqYA=mo;aplikasi yg sangat bagus sangat membantu;5;0;4.14.0;2025-12-07 04:20:28;Hi... Terima kasih atas review dan rating yang diberikan. Kami akan terus melakukan perbaikan dan penyempurnaan aplikasi Mobile JKN untuk memberikan kemudahan bagi peserta dan calon peserta JKN. Jika ada kendala, Anda dapat menghubungi Care Center BPJS Kesehatan melalui nomor 165 (24 jam). Terima kasih.;2025-12-11 08:49:08;4.14.0;;;;;;;
014e9fe5-007c-4c37-9c72-0078bc8ba60e;o'onk haryanto;https://play-lh.googleusercontent.com/a-/ALV-UjWZCUrCoPWdwbwrr9KiTCGXFitF7ZqW8UjxC4MEFXWQUWeTKb3hfg;aplikasi tolol....code virifikasi sampai berkali kali gak di kirim,sistem tolol...pak prabowo atau mentri yg berwenang tolong sistem ini di perbaiki;1;0;4.14.0;2025-12-07 03:58:13;Hi... Terima kasih atas review dan rating yang diberikan. Kami akan terus melakukan perbaikan dan penyempurnaan aplikasi Mobile JKN untuk memberikan kemudahan bagi peserta dan calon peserta JKN. Jika ada kendala, Anda dapat menghubungi Care Center BPJS Kesehatan melalui nomor 165 (24 jam). Terima kasih.;2025-12-11 08:49:19;4.14.0;;;;;;;
ee7e3152-c2dd-4221-884a-303d8a0289f5;Max Win;https://play-lh.googleusercontent.com/a/ACg8ocLWKaatg9fNNoJ2k2lPpANZAr7tWlTA4vSDCjq-eGCvO8LUrQ=mo;saat verifikasi otp, selalu gagal;1;0;;2025-12-07 03:51:44;Hi... Terima kasih atas review dan rating yang diberikan. Kami akan terus melakukan perbaikan dan penyempurnaan aplikasi Mobile JKN untuk memberikan kemudahan bagi peserta dan calon peserta JKN. Jika ada kendala, Anda dapat menghubungi Care Center BPJS Kesehatan melalui nomor 165 (24 jam). Terima kasih.;2025-12-11 08:49:28;;;;;;;;
f94e7039-d994-4179-a109-f4aec0086ca8;Ridho music;https://play-lh.googleusercontent.com/a-/ALV-UjVaA1cyrGP6a5hpWJ-qUPzM2hBsCV1d3bq-oDCnawmOXGZC4oo;bagus sangat bermanfaat;5;0;4.14.0;2025-12-07 03:51:04;Hi... Terima kasih atas review dan rating yang diberikan. Kami akan terus melakukan perbaikan dan penyempurnaan aplikasi Mobile JKN untuk memberikan kemudahan bagi peserta dan calon peserta JKN. Jika ada kendala, Anda dapat menghubungi Care Center BPJS Kesehatan melalui nomor 165 (24 jam). Terima kasih.;2025-12-11 08:49:27;4.14.0;;;;;;;
a3550405-3d97-4f0d-9d4d-bc33aae22952;Aldrich Mozes;https://play-lh.googleusercontent.com/a-/ALV-UjWfUejYYidmD_tqwYVKLUNN74HGKz2lHH3ErGgS2gO5tzvNrGo1;sangant membantu kami yang sangat membutuhkan bantuan kesehatan;5;0;4.14.0;2025-12-07 03:51:02;Hi... Terima kasih atas review dan rating yang diberikan. Kami akan terus melakukan perbaikan dan penyempurnaan aplikasi Mobile JKN untuk memberikan kemudahan bagi peserta dan calon peserta JKN. Jika ada kendala, Anda dapat menghubungi Care Center BPJS Kesehatan melalui nomor 165 (24 jam). Terima kasih.;2025-12-11 08:49:30;4.14.0;;;;;;;
9dbd4334-bb80-4c1f-b745-77e6157d0754;Elena Azura Amaranth;https://play-lh.googleusercontent.com/a/ACg8ocJr_L4hkIKmpPwkpOxEINQp9R4P9mM3SFsP9FomuYgADXK-xg=mo;cepat dan tepat,memudahkan untuk ambil no. antrian saat mau berobat. terima kasihh;5;0;;2025-12-07 03:50:21;Mohon maaf atas ketidaknyamanannya. Jika Anda memilih metode verifikasi menggunakan nomor HP pastikan jaringan baik dan nomor HP yang terdaftar adalah nomor HP prabayar yang aktif dengan pulsa yang mencukupi agar kode OTP dapat masuk. Terima kasih.;2025-12-11 08:50:15;;;;;;;;
320f1952-a872-4cfa-8a77-5b817190e0b6;Octaviananda Ilham;https://play-lh.googleusercontent.com/a-/ALV-UjXNQaoigziHuW75obrrDpjtPIgrqo_iQ-6Sst6Ia2FHChPv259V;download jkn karena kaget liat tunggakan sampe 800 rb dichat wa sama pihak bpjs padahal user cuma saya sendiri . pas udah daftar jkn ternyata 450rb . ga ngerti kenapa bisa miss kayak gini, customer service nya makan gaji buta . BTW yg chat di wa pihak BPJS cabang Prabumulih Sumatera selatan;5;0;4.14.0;2025-12-07 03:34:39;Hi... Terima kasih atas review dan rating yang diberikan. Kami akan terus melakukan perbaikan dan penyempurnaan aplikasi Mobile JKN untuk memberikan kemudahan bagi peserta dan calon peserta JKN. Jika ada kendala, Anda dapat menghubungi Care Center BPJS Kesehatan melalui nomor 165 (24 jam). Terima kasih.;2025-12-11 08:49:34;4.14.0;;;;;;;
f3b2d629-bbd2-413f-9fa6-e73d243c6ecb;Solikun Cikun;https://play-lh.googleusercontent.com/a/ACg8ocKLDBLL2K962TYJoBXFhnMTY1q0uqY-MrgGPYN_S-5zMmfv0w=mo;makin kesini makin susah diakses akunnya sering keluar sendiri dan klau loging pake nik sll gagal padahal demi mempermudah sdh saya aktifkan biometrik tp tetap sll logout sendiri , mhn diperbaiki lg jgn smakin dibuat ribet klu pake sms hars ada pulsa;5;0;4.12.0;2025-12-07 02:44:32;Hi... Terima kasih atas review dan rating yang diberikan. Kami akan terus melakukan perbaikan dan penyempurnaan aplikasi Mobile JKN untuk memberikan kemudahan bagi peserta dan calon peserta JKN. Jika ada kendala, Anda dapat menghubungi Care Center BPJS Kesehatan melalui nomor 165 (24 jam). Terima kasih.;2025-12-11 08:49:37;4.12.0;;;;;;;
344ce538-37a6-42ea-9564-56c4cbb2a26f;Aswin dwi Sasongko19;https://play-lh.googleusercontent.com/a-/ALV-UjU8T3hqnnKdafFyKgLnfFgcSPqqcqZBNXTghfGsF787rtwbsVlDeQ;memuaskan;5;0;4.14.0;2025-12-07 02:41:25;Mohon maaf atas ketidaknyamanannya. Jika Anda memilih metode verifikasi menggunakan nomor HP pastikan jaringan baik dan nomor HP yang terdaftar adalah nomor HP prabayar yang aktif dengan pulsa yang mencukupi agar kode OTP dapat masuk. Terima kasih.;2025-12-11 08:50:19;4.14.0;;;;;;;
12391d02-8612-4cf6-80de-55dbcd3c938a;Kuswanto 04;https://play-lh.googleusercontent.com/a/ACg8ocLTwO6_ExWlkz64XCRf4gXF-vC4i3rE_xwbIrAxwfUxz8Fk1g=mo;saya tidak harus pergi ke kantor cabang krna jaraknya sangat jauh terimakasih telah memudahkan semuanya;5;0;;2025-12-07 02:40:17;Mohon maaf atas ketidaknyamanannya. Terkait kendala yang dialami, Anda dapat menyampaikan kendala dengan melampirkan tangkapan layar/video dengan device lain ke alamat email : carecenter@bpjs-kesehatan.go.id untuk kemudahan proses tindak lanjut. Terima kasih.;2025-12-11 08:50:21;;;;;;;;
a592cb94-fc5d-451d-a863-fcbf989125d2;Nurul Amaliah;https://play-lh.googleusercontent.com/a/ACg8ocJkotEHdSYR7GZIwLogrvj7HYCGBIXqAOhG2F4-VvpBYUzX8A=mo;sudah lebih baik;5;0;;2025-12-07 02:31:24;Mohon maaf atas ketidaknyamanannya. Terkait kendala yang dialami, Anda dapat menyampaikan kendala dengan melampirkan tangkapan layar/video dengan device lain ke alamat email : carecenter@bpjs-kesehatan.go.id untuk kemudahan proses tindak lanjut. Terima kasih.;2025-12-11 08:49:50;;;;;;;;
b600b107-cd04-4357-adf4-c343fc808085;hadi Yanto;https://play-lh.googleusercontent.com/a-/ALV-UjUTh1cQxh7XKGSlWzFIf3qHlBzIeJMK6QaC9E9KAJgbN-xPlcQ;bagus;5;0;4.14.0;2025-12-07 02:14:46;Hi... Terima kasih atas review dan rating yang diberikan. Kami akan terus melakukan perbaikan dan penyempurnaan aplikasi Mobile JKN untuk memberikan kemudahan bagi peserta dan calon peserta JKN. Jika ada kendala, Anda dapat menghubungi Care Center BPJS Kesehatan melalui nomor 165 (24 jam). Terima kasih.;2025-12-11 08:49:42;4.14.0;;;;;;;
dafbcf35-71b1-4c24-be08-56b49c3cbc22;Anyun Mas Bro;https://play-lh.googleusercontent.com/a-/ALV-UjUbj8maK9FganJrFtwV4Zjgg7hCNsc5UwQRJuCGX_WZH8x-1sw;nggak bisa login karena ketika mau log in captcha nya muter muter terus mohon diperbaiki;3;1;4.14.0;2025-12-07 02:05:43;"Mohon maaf atas ketidaknyamanannya. Jika Anda sudah memiliki user Pengguna Mobile JKN, dapat langsung masuk/login dengan menginput NIK KTP dan password yang sudah didaftarkan. atau lakukan registrasi Pengguna Mobile JKN terlebih dahulu (jika belum terdaftar user Mobile JKN) dengan memilih ""Daftar"". Terima kasih.";2025-12-11 08:51:03;4.14.0;;;;;;;
67fa44bf-c37e-492e-ba38-0725c8366037;Firmansyah Winata;https://play-lh.googleusercontent.com/a-/ALV-UjXSGYoBRPMgohVmpV2kqtEy3wrXcLfES2LsU3is9m3tt6Ls7jJW;logout terus ,verifikasi kode harus ada pulsa tolol;1;0;4.14.0;2025-12-07 01:29:56;Hi... Terima kasih atas review dan rating yang diberikan. Kami akan terus melakukan perbaikan dan penyempurnaan aplikasi Mobile JKN untuk memberikan kemudahan bagi peserta dan calon peserta JKN. Jika ada kendala, Anda dapat menghubungi Care Center BPJS Kesehatan melalui nomor 165 (24 jam). Terima kasih.;2025-12-11 08:51:19;4.14.0;;;;;;;
9cd7d7f6-c030-4f15-97df-1e274e1b5853;Rio Muhary;https://play-lh.googleusercontent.com/a-/ALV-UjWyhnavRvDuIM9WUnAfh8pPqMBZSlCPXAPOvt-ZKVx6Hg12T71m;terbaik;5;1;4.14.0;2025-12-07 01:17:22;Mohon maaf atas ketidaknyamanannya. Update terbaru bertujuan untuk memberikan keamanan dan kenyamanan Peserta. Jika terjadi kendala, Anda dapat menyampaikan laporan melalui email ke carecenter@bpjs-kesehatan.go.id. Terima kasih.;2025-12-11 08:51:13;4.14.0;;;;;;;
d0e995ad-dc14-4497-9209-53128b8eaf71;Tinton Suprapto;https://play-lh.googleusercontent.com/a-/ALV-UjUEDsiIpPFNemd-TO7QYMLmlR_I4prFVrn1FyLNHJp1GMtkjks;kenapa ingin pindah faskes ajh itu harus nunggu 1 mingguan baru bisa berobat di faskes yg baru . sedangkan sya ingin brobat langsung , di faskes lama itu dari segi pelayanan dokter tdk puas dn obat yg di kasih ny pun seperti itu² ajh . mangka ny sya mau pindah faskes siapa tau bisa ada perubahan lbih baik dgn sakit saya .;2;0;4.14.0;2025-12-07 01:16:56;Hi... Terima kasih atas review dan rating yang diberikan. Kami akan terus melakukan perbaikan dan penyempurnaan aplikasi Mobile JKN untuk memberikan kemudahan bagi peserta dan calon peserta JKN. Jika ada kendala, Anda dapat menghubungi Care Center BPJS Kesehatan melalui nomor 165 (24 jam). Terima kasih.;2025-12-11 08:51:36;4.14.0;;;;;;;
7fc9d744-6868-4976-be66-e63a44d11d49;Arief Satria;https://play-lh.googleusercontent.com/a-/ALV-UjXJRu-BEzAsnZpUbT1b38stecRL55W5MmnAP7ya829f9TY4JdT9;Bagus;5;0;4.14.0;2025-12-07 01:03:42;Hi... Terima kasih atas review dan rating yang diberikan. Kami akan terus melakukan perbaikan dan penyempurnaan aplikasi Mobile JKN untuk memberikan kemudahan bagi peserta dan calon peserta JKN. Jika ada kendala, Anda dapat menghubungi Care Center BPJS Kesehatan melalui nomor 165 (24 jam). Terima kasih.;2025-12-11 08:51:26;4.14.0;;;;;;;
474bea94-2b53-4cd4-9325-a7f5e0c7dd64;mamah Alikhsan;https://play-lh.googleusercontent.com/a-/ALV-UjVnPn1m_yb48k5OAlnFEBmGy9neMbYOIhfTSNLLxOtzQp8TUgA;aplikasi aneh;1;0;;2025-12-07 00:18:10;Hi... Terima kasih atas review dan rating yang diberikan. Kami akan terus melakukan perbaikan dan penyempurnaan aplikasi Mobile JKN untuk memberikan kemudahan bagi peserta dan calon peserta JKN. Jika ada kendala, Anda dapat menghubungi Care Center BPJS Kesehatan melalui nomor 165 (24 jam). Terima kasih.;2025-12-11 08:51:40;;;;;;;;
8941a9fb-3c0a-4b6f-8a85-8025273fb9b6;Yudha Agustina;https://play-lh.googleusercontent.com/a-/ALV-UjX61QB83Zg6ZNfQz9CsNp4EG7Rm1VwDSfTLY5qsTDjIcJIwZ0wEkw;kasihan para duta jkn, tnp difasilitasi apa - apa dan mrk hny malah mndapat job tambahan, ngurus aplikasi yg tiada akhir kendala nya + aplikasi malah membuat pengantar pasien tmbh pusing.;1;0;4.14.0;2025-12-07 00:13:40;Hi... Terima kasih atas review dan rating yang diberikan. Kami akan terus melakukan perbaikan dan penyempurnaan aplikasi Mobile JKN untuk memberikan kemudahan bagi peserta dan calon peserta JKN. Jika ada kendala, Anda dapat menghubungi Care Center BPJS Kesehatan melalui nomor 165 (24 jam). Terima kasih.;2025-12-11 08:51:43;4.14.0;;;;;;;
e6504be7-105c-447f-a676-feae3c241b8d;Aang Santoso;https://play-lh.googleusercontent.com/a/ACg8ocKcV71vzfI5vNKRLAuCdDT-493FgY_q_o4BIKL1KLutf2biHg=mo;tolong kalian perbaiki sistem aplikasi kalian daftar aja susah nya minta ampun. parah kalian tu;1;1;4.14.0;2025-12-06 23:24:46;"Mohon maaf atas ketidaknyamanannya. Jika Anda sudah memiliki user Pengguna Mobile JKN, dapat langsung masuk/login dengan menginput NIK KTP dan password yang sudah didaftarkan. atau lakukan registrasi Pengguna Mobile JKN terlebih dahulu (jika belum terdaftar user Mobile JKN) dengan memilih ""Daftar"". Terima kasih.";2025-12-11 08:51:45;4.14.0;;;;;;;
b295b80c-055f-4339-a16b-34eef347ea56;fiki Chanel;https://play-lh.googleusercontent.com/a-/ALV-UjW25x8_VE4vqGiD6WXl95lHDNdcnjMvKG4Rrsdb8XvheQDN9Y2F;sangat bermanfaat;5;0;4.14.0;2025-12-06 23:24:43;Hi... Terima kasih atas review dan rating yang diberikan. Kami akan terus melakukan perbaikan dan penyempurnaan aplikasi Mobile JKN untuk memberikan kemudahan bagi peserta dan calon peserta JKN. Jika ada kendala, Anda dapat menghubungi Care Center BPJS Kesehatan melalui nomor 165 (24 jam). Terima kasih.;2025-12-11 08:51:33;4.14.0;;;;;;;
098cbd78-71bd-4ef3-bd20-01142c8d7202;Mamah Hani;https://play-lh.googleusercontent.com/a-/ALV-UjUR3PNCfMrpUS9UrOAMrsavI1bfDz9f8AU2n15ayGqc87yt3--5;Sangat membantu dalam prosese pengobatan.;5;1;4.14.0;2025-12-06 23:20:22;"Mohon maaf atas ketidaknyamanannya. Jika Anda sudah memiliki user Pengguna Mobile JKN, dapat langsung masuk/login dengan menginput NIK KTP dan password yang sudah didaftarkan. atau lakukan registrasi Pengguna Mobile JKN terlebih dahulu (jika belum terdaftar user Mobile JKN) dengan memilih ""Daftar"". Terima kasih.";2025-12-11 08:50:52;4.14.0;;;;;;;
48c4769d-a286-4754-96c2-3acc5b0d9a9a;Wong Malang;https://play-lh.googleusercontent.com/a-/ALV-UjV2hb4pfUVk44XP_oBE90A83H-J5XB9aMymoNYjsvNx6Nr6hkA;aplikasi aneh ,,, tau tau long out sediri , kaya longin gampang ,,apa gunanya ada pembaruan , klu cuman nyusahin;1;1;4.14.0;2025-12-06 23:19:31;Mohon maaf atas ketidaknyamanannya. Terkait kendala tersebut, mohon agar dapat memastikan kombinasi kata sandi yang dimasukkan. Jika masih terdapat kesalahan, dapat kami sarankan agar Bapak/Ibu memilih menu “Lupa Kata Sandi”. Selanjutnya masukkan Nomor Induk Kependudukan dan Captcha. Terima kasih.;2025-12-11 08:53:00;4.14.0;;;;;;;
8b3f79ed-b42b-4e20-adf0-8432019a27fa;Ayyu Tatto;https://play-lh.googleusercontent.com/a-/ALV-UjVf37iYWaX0VWd32eyJdwVhPbSa82Mxhr0HHZbbDBU9hWuiHcY;bagus;5;0;4.14.0;2025-12-06 22:21:56;;;4.14.0;;;;;;;
01519408-6a03-429f-b76e-ac9cedaa14c3;Wafa Alfatih;https://play-lh.googleusercontent.com/a/ACg8ocIwQ35gq4oqDPtT8J9Pf3VqMoHUr3L0vJ8ZbTjzeJLaJ7PY_g=mo;baik;5;0;;2025-12-06 22:21:39;Hi... Terima kasih atas review dan rating yang diberikan. Kami akan terus melakukan perbaikan dan penyempurnaan aplikasi Mobile JKN untuk memberikan kemudahan bagi peserta dan calon peserta JKN. Jika ada kendala, Anda dapat menghubungi Care Center BPJS Kesehatan melalui nomor 165 (24 jam). Terima kasih.;2025-12-11 08:52:30;;;;;;;;
aa5e390f-d2de-4a5c-8c81-7ddc135acc79;Arifin Fadilah;https://play-lh.googleusercontent.com/a/ACg8ocIzr6Du6wPskLKi9_w7Act3g3nqFzRDitE6slBd6SxKAkZ4JA=mo;semoga langgeng;5;0;;2025-12-06 17:53:58;Hi... Terima kasih atas review dan rating yang diberikan. Kami akan terus melakukan perbaikan dan penyempurnaan aplikasi Mobile JKN untuk memberikan kemudahan bagi peserta dan calon peserta JKN. Jika ada kendala, Anda dapat menghubungi Care Center BPJS Kesehatan melalui nomor 165 (24 jam). Terima kasih.;2025-12-11 08:53:06;;;;;;;;
d065a2c9-97bd-4f7e-9aaf-b3113806771b;Ridho Piliang;https://play-lh.googleusercontent.com/a/ACg8ocKqChvL1MmsKUYlBDIg3fNsc1UCLe_wcBcyUjWAFqqDyu6JaA=mo;"Bulan kemaren di liat tagihan gak muncul"",eh pas di buka bulan ini jadi nunggak 2 bulan,aplikasinya eror gak jelas,,akhirnya kartu gak bisa di pake buat rawat jln,bln skrang udh di bayar tagihan nya,eehhh masih muncul tagihan nya,tp kartu bisa di buka,gak beres kaya gini mh aplikasi nya gak akurat";4;0;4.14.0;2025-12-06 15:44:36;Hi... Terima kasih atas review dan rating yang diberikan. Kami akan terus melakukan perbaikan dan penyempurnaan aplikasi Mobile JKN untuk memberikan kemudahan bagi peserta dan calon peserta JKN. Jika ada kendala, Anda dapat menghubungi Care Center BPJS Kesehatan melalui nomor 165 (24 jam). Terima kasih.;2025-12-11 08:52:26;4.14.0;;;;;;;
2805f9d2-d28f-411d-9dc1-839bd92561fd;Dewi Sri Widowaty;https://play-lh.googleusercontent.com/a/ACg8ocJLXDxcXvKWpx5zODTJ8MBwqOPgSUtQohNAt6NJTgcYlZ9ivg=mo;semoga selalu lancar cepat dan terintegrasi;5;0;;2025-12-06 15:00:59;Hi... Terima kasih atas review dan rating yang diberikan. Kami akan terus melakukan perbaikan dan penyempurnaan aplikasi Mobile JKN untuk memberikan kemudahan bagi peserta dan calon peserta JKN. Jika ada kendala, Anda dapat menghubungi Care Center BPJS Kesehatan melalui nomor 165 (24 jam). Terima kasih.;2025-12-11 08:52:09;;;;;;;;
7306e119-54f5-4164-bd6f-016f7b6d5c9a;Calon Mempelai Pria;https://play-lh.googleusercontent.com/a-/ALV-UjX_r4yPP-sDh6sBT5dAIbLQSPCxENKboIIEdm-sPqLY0dAimDOD;luar biasa;5;0;;2025-12-06 14:41:54;Mohon maaf atas ketidaknyamanannya. Untuk kenyamanan dan keamanan dalam mendapatkan informasi dan menyampaikan pengaduan terkait program JKN-KIS, mohon dapat menyampaikan data identitas Anda melalui Care Center 165 (24 Jam) atau fitur “Pengaduan Layanan JKN” pada Mobile JKN. Terima kasih.;2025-12-11 08:52:23;;;;;;;;
8562a19d-b7ca-4aeb-9836-cefdfdf18791;Viona Dwi;https://play-lh.googleusercontent.com/a/ACg8ocLyjmcYwJpzzKOfa6PuVs8V9qMqndplt9TgjgTeCvOpCNGspw=mo;Penting diaplikasi mohon diperhatikan dalam kolom pelayanan yang tersedia hanya bisa mengisi pesan dan kesan, tidak ada tempat untuk bertanya kepada dokter.Padahal saya ingin memastikan langsung kepada dokter yang sudah saya temui agar tidak terjadi kesalahan minum obat atau lainnya. Apakah ada cara lain untuk bisa menghubungi atau menanyakan hal tersebut, ya? mohon di update proses nya untuk kenyamanan pengguna jika ada solusi dalam update saya ubah rating dan bintang terima kasih;2;0;;2025-12-06 14:15:30;Hi... Terima kasih atas review dan rating yang diberikan. Kami akan terus melakukan perbaikan dan penyempurnaan aplikasi Mobile JKN untuk memberikan kemudahan bagi peserta dan calon peserta JKN. Jika ada kendala, Anda dapat menghubungi Care Center BPJS Kesehatan melalui nomor 165 (24 jam). Terima kasih.;2025-12-11 08:52:24;;;;;;;;
84eb8ae1-2f2d-409c-82ac-7e465bfdb438;Firman Maulana;https://play-lh.googleusercontent.com/a/ACg8ocJta1nWx9a_plf5JKyLbVr3VNK7zUB-G076m8quabokMcCQPA=mo;pemakaiannya sangat mudah;4;0;4.14.0;2025-12-06 13:45:51;Hi... Terima kasih atas review dan rating yang diberikan. Kami akan terus melakukan perbaikan dan penyempurnaan aplikasi Mobile JKN untuk memberikan kemudahan bagi peserta dan calon peserta JKN. Jika ada kendala, Anda dapat menghubungi Care Center BPJS Kesehatan melalui nomor 165 (24 jam). Terima kasih.;2025-12-11 08:52:07;4.14.0;;;;;;;
1718a8f1-4f2e-4221-8512-330181318928;Zivani Vani;https://play-lh.googleusercontent.com/a/ACg8ocKf7If0xmykY7QcIJ33CzpwrHkh7E-wMDYhW9Hylmyn4dBUFw=mo;aplikasi jelek banget layanya gk sesui udah di isi dll ttp aja susah heran bikin kouta bangkrut . buang²paketan aja 1000x ttp aja susah iklan banyak kacau ini apk;1;0;;2025-12-06 13:34:07;Mohon maaf atas ketidaknyamanannya. Jika Anda memilih metode verifikasi menggunakan nomor HP pastikan jaringan baik dan nomor HP yang terdaftar adalah nomor HP prabayar yang aktif dengan pulsa yang mencukupi agar kode OTP dapat masuk. Terima kasih.;2025-12-12 06:58:10;;;;;;;;
18994224-19ac-4e2a-9fa0-3533a8234e0c;Muliana Husain;https://play-lh.googleusercontent.com/a-/ALV-UjVIOV0D494UgDM8-MWchEzvLEqmInwxDGWguAhzvxf1GTXMpxYB;terima kasih atas layanan yang memuaskan;5;0;4.14.0;2025-12-06 13:03:59;Hi... Terima kasih atas review dan rating yang diberikan. Kami akan terus melakukan perbaikan dan penyempurnaan aplikasi Mobile JKN untuk memberikan kemudahan bagi peserta dan calon peserta JKN. Jika ada kendala, Anda dapat menghubungi Care Center BPJS Kesehatan melalui nomor 165 (24 jam). Terima kasih.;2025-12-11 08:53:18;4.14.0;;;;;;;
1f6b1593-5cf9-4090-85f4-640ee6b3623a;ade el;https://play-lh.googleusercontent.com/a-/ALV-UjVFggFxRD9toJtQ16auGOz66mmY9X_e7ehgcIHGG7dtROylz7rV;Alhamdulillah selalu Update, katanya;5;0;4.14.0;2025-12-06 12:52:01;Hi... Terima kasih atas review dan rating yang diberikan. Kami akan terus melakukan perbaikan dan penyempurnaan aplikasi Mobile JKN untuk memberikan kemudahan bagi peserta dan calon peserta JKN. Jika ada kendala, Anda dapat menghubungi Care Center BPJS Kesehatan melalui nomor 165 (24 jam). Terima kasih.;2025-12-11 08:53:20;4.14.0;;;;;;;
c8b47971-a96e-4900-9f3f-ec66956b07a8;Suroso Suroso;https://play-lh.googleusercontent.com/a/ACg8ocLlO2cQNs-Yc_fxCCcjJDl8lYIOf40cl_MeYf_gUAiYzgKgQQ=mo;yang bener dong bikin aplikasi, pastikan semua fiturnya berjalan dengan baik...masa fitur lupa kata sandi gakbisa2 tinggal kirim kode verifikasi lewat SMS...coba lagi coba lagi mulu KOCAK;1;0;4.14.0;2025-12-06 12:46:40;Hi... Terima kasih atas review dan rating yang diberikan. Kami akan terus melakukan perbaikan dan penyempurnaan aplikasi Mobile JKN untuk memberikan kemudahan bagi peserta dan calon peserta JKN. Jika ada kendala, Anda dapat menghubungi Care Center BPJS Kesehatan melalui nomor 165 (24 jam). Terima kasih.;2025-12-11 08:53:24;4.14.0;;;;;;;
709f2554-febe-4e0b-8d98-4e52b43a1a09;Cintakita Cinta;https://play-lh.googleusercontent.com/a/ACg8ocKT7FRYRQZXKLCPfVFn8Qy4d5ESd9yuwBvri3cEsdP4Bf4ed4I=mo;Semakin Mantap;5;0;4.14.0;2025-12-06 12:37:20;Hi... Terima kasih atas review dan rating yang diberikan. Kami akan terus melakukan perbaikan dan penyempurnaan aplikasi Mobile JKN untuk memberikan kemudahan bagi peserta dan calon peserta JKN. Jika ada kendala, Anda dapat menghubungi Care Center BPJS Kesehatan melalui nomor 165 (24 jam). Terima kasih.;2025-12-11 08:53:35;4.14.0;;;;;;;
f586a4c9-f0a6-4ebe-85d4-a9fa0e5c4992;Dadan Hamdani;https://play-lh.googleusercontent.com/a-/ALV-UjUN1TrnMCs2EvrQKkLzvf8HUQOqMJAYM7mXVFNu42v-nI26zHo;Ini lagi eror ke apa ya.... Dia punya kode capcha gak boleh berhenti.... Pusing saja jadi susah nak log in...;2;0;4.14.0;2025-12-06 12:34:21;Hi... Terima kasih atas review dan rating yang diberikan. Kami akan terus melakukan perbaikan dan penyempurnaan aplikasi Mobile JKN untuk memberikan kemudahan bagi peserta dan calon peserta JKN. Jika ada kendala, Anda dapat menghubungi Care Center BPJS Kesehatan melalui nomor 165 (24 jam). Terima kasih.;2025-12-11 08:53:48;4.14.0;;;;;;;
45073560-3268-45d9-b241-8a7d923317e6;Iqbal Firmansyah;https://play-lh.googleusercontent.com/a-/ALV-UjVoBhXjeK2hm6bObfSr7ZuXOB9oUXz4L9bb3xQh5dyiw-7oXJk;sangat memudahkan;5;0;4.14.0;2025-12-06 12:08:05;Hi... Terima kasih atas review dan rating yang diberikan. Kami akan terus melakukan perbaikan dan penyempurnaan aplikasi Mobile JKN untuk memberikan kemudahan bagi peserta dan calon peserta JKN. Jika ada kendala, Anda dapat menghubungi Care Center BPJS Kesehatan melalui nomor 165 (24 jam). Terima kasih.;2025-12-11 08:53:42;4.14.0;;;;;;;
7788bb6f-02a7-4ec2-9caf-a31a40278d13;Arief Budi Utomo;https://play-lh.googleusercontent.com/a/ACg8ocLBVZWBkrTqw-cLxRAz4U9JSl4a5miazNS1v-Z1tMtq05t-Zg=mo;"Hasil skrining nya bener"" ngawur,ngelantur kalo cuma hasil survei ga bisa dijadiin patokan pasti. hadeh ada"" aja tolong diperbaiki";1;0;4.14.0;2025-12-06 12:03:28;Mohon maaf atas ketidaknyamanannya. Jika Anda memilih metode verifikasi menggunakan nomor HP pastikan jaringan baik dan nomor HP yang terdaftar adalah nomor HP prabayar yang aktif dengan pulsa yang mencukupi agar kode OTP dapat masuk. Terima kasih.;2025-12-12 06:58:14;4.14.0;;;;;;;
676af6f6-0901-42ad-b0df-65402d651d1d;Nyonya Yudha;https://play-lh.googleusercontent.com/a/ACg8ocIyLWeRlfOICR-lPBRmrzRZz3i5bV59GdzuOasCwY2C-2DZMA=mo;terimakasih sdh memberikan pelayanan;5;0;4.14.0;2025-12-06 11:43:56;Hi... Terima kasih atas review dan rating yang diberikan. Kami akan terus melakukan perbaikan dan penyempurnaan aplikasi Mobile JKN untuk memberikan kemudahan bagi peserta dan calon peserta JKN. Jika ada kendala, Anda dapat menghubungi Care Center BPJS Kesehatan melalui nomor 165 (24 jam). Terima kasih.;2025-12-11 08:53:43;4.14.0;;;;;;;
e151e250-3dfc-4777-a8c3-dd230776560d;siti nafisah;https://play-lh.googleusercontent.com/a/ACg8ocKjk394SAbVptHSdcqTiOuLcI1_8-6DcNgzR7rx5HPerY0IXg=mo;ok;5;0;4.14.0;2025-12-06 11:39:27;"Mohon maaf atas ketidaknyamanannya. Jika Anda sudah memiliki user Pengguna Mobile JKN, dapat langsung masuk/login dengan menginput NIK KTP dan password yang sudah didaftarkan. atau lakukan registrasi Pengguna Mobile JKN terlebih dahulu (jika belum terdaftar user Mobile JKN) dengan memilih ""Daftar"". Terima kasih.";2025-12-12 06:58:24;4.14.0;;;;;;;
ac5a6458-784b-4705-88d3-4faa91c07ab4;Roni;https://play-lh.googleusercontent.com/a/ACg8ocJNesSF9MoNfEd_VjFi0R1ptH5d1T-hi3Sb0oioZmezkfpXvw=mo;aplikasi gk jelas gk bisa dibuka;2;0;4.14.0;2025-12-06 11:29:38;Hi... Terima kasih atas review dan rating yang diberikan. Kami akan terus melakukan perbaikan dan penyempurnaan aplikasi Mobile JKN untuk memberikan kemudahan bagi peserta dan calon peserta JKN. Jika ada kendala, Anda dapat menghubungi Care Center BPJS Kesehatan melalui nomor 165 (24 jam). Terima kasih.;2025-12-12 06:58:59;4.14.0;;;;;;;
281b004e-2f93-4694-93e9-d39ed03ef2ed;Arie Romant;https://play-lh.googleusercontent.com/a-/ALV-UjXAEsnruT5n5SVt3JMRgzK_0jrLYZbNXLircsR89Dn8iTYNLeM;terbantu sekali. terima kasih;5;0;4.14.0;2025-12-06 11:10:15;"Mohon maaf atas ketidaknyamanannya. Jika Anda sudah memiliki user Pengguna Mobile JKN, dapat langsung masuk/login dengan menginput NIK KTP dan password yang sudah didaftarkan. atau lakukan registrasi Pengguna Mobile JKN terlebih dahulu (jika belum terdaftar user Mobile JKN) dengan memilih ""Daftar"". Terima kasih.";2025-12-12 06:58:35;4.14.0;;;;;;;
00b9732b-f5ce-44ea-9824-fc6ab084461d;Ismail Marzuki;https://play-lh.googleusercontent.com/a-/ALV-UjW1eS6DeizmN8o8aaONNHykfKrnccS4PdAxu7LPN1-YrBbbnHE7;sangat membantu dan bermanfaan sekali😊;5;0;4.14.0;2025-12-06 11:03:14;Hi... Terima kasih atas review dan rating yang diberikan. Kami akan terus melakukan perbaikan dan penyempurnaan aplikasi Mobile JKN untuk memberikan kemudahan bagi peserta dan calon peserta JKN. Jika ada kendala, Anda dapat menghubungi Care Center BPJS Kesehatan melalui nomor 165 (24 jam). Terima kasih.;2025-12-12 06:58:56;4.14.0;;;;;;;
b938c98c-b397-4f48-bb8d-557332060ff0;Haaa Aaaa;https://play-lh.googleusercontent.com/a-/ALV-UjU4N0UsHqB2fi4BkCLcy1l327SRJOOzHADIjew4jnUEkx3FWerUsw;saya kecewa, cs nya gaji buta apaya komplen belum selesai apakah mendengar, ganti vendornya aja;1;0;4.14.0;2025-12-06 10:44:59;"Mohon maaf atas ketidaknyamanannya. Jika Anda sudah memiliki user Pengguna Mobile JKN, dapat langsung masuk/login dengan menginput NIK KTP dan password yang sudah didaftarkan. atau lakukan registrasi Pengguna Mobile JKN terlebih dahulu (jika belum terdaftar user Mobile JKN) dengan memilih ""Daftar"". Terima kasih.";2025-12-12 06:58:37;4.14.0;;;;;;;
608cd142-84a0-40aa-96d0-1b31507725d5;Al- Muhaimin;https://play-lh.googleusercontent.com/a/ACg8ocJDHspe3sm6lYpRTURn_hyfSQCRVLKjPreCarelZFFynEis3A=mo;gimana sih setiap bulan logout terus mau masuk aja susah udah bener NIK nya sama password nya juga gimana sihhh niat gak sihhh;1;0;4.14.0;2025-12-06 10:36:21;Hi... Terima kasih atas review dan rating yang diberikan. Kami akan terus melakukan perbaikan dan penyempurnaan aplikasi Mobile JKN untuk memberikan kemudahan bagi peserta dan calon peserta JKN. Jika ada kendala, Anda dapat menghubungi Care Center BPJS Kesehatan melalui nomor 165 (24 jam). Terima kasih.;2025-12-12 06:58:53;4.14.0;;;;;;;
173f251d-1016-436d-8254-49123a5d2ccc;Rahmat Sopandi;https://play-lh.googleusercontent.com/a-/ALV-UjXr9PmJOSJ8_GguNZzNv_zHphq7coWJ0bQEEpC4YMWPNl7q-akp;JKN mobile sangat membantu sekali 🥰;5;0;4.14.0;2025-12-06 10:31:08;Hi... Terima kasih atas review dan rating yang diberikan. Kami akan terus melakukan perbaikan dan penyempurnaan aplikasi Mobile JKN untuk memberikan kemudahan bagi peserta dan calon peserta JKN. Jika ada kendala, Anda dapat menghubungi Care Center BPJS Kesehatan melalui nomor 165 (24 jam). Terima kasih.;2025-12-12 06:58:54;4.14.0;;;;;;;
b6686294-09a6-464a-93cd-2b49ade1f460;yaya zahra;https://play-lh.googleusercontent.com/a/ACg8ocJgTktWO-79xyf1_akX3AS9Evo7EYsJYWan3hCl70m1bWq21A=mo;aplikasi ribet bikin susah .anggota keluarga cuma empat muncul tagihan tunggakan 6 orang....;1;0;4.14.0;2025-12-06 10:22:08;Hi... Terima kasih atas review dan rating yang diberikan. Kami akan terus melakukan perbaikan dan penyempurnaan aplikasi Mobile JKN untuk memberikan kemudahan bagi peserta dan calon peserta JKN. Jika ada kendala, Anda dapat menghubungi Care Center BPJS Kesehatan melalui nomor 165 (24 jam). Terima kasih.;2025-12-12 06:58:50;4.14.0;;;;;;;
52c77685-03d8-4e8b-8652-6d139c3bca72;Ahmad Khaerudin;https://play-lh.googleusercontent.com/a-/ALV-UjWbLPmgX0beaD1QS9W1wseRtJ0fsvGKLX-Hl0Pogd2x2ok4o0Sc;sulit sulit, tiba tiba logout sendiri, paling bener emang kalau aplikasi punya negara, busuk bangataaaaa;1;0;4.14.0;2025-12-06 10:10:18;Hi... Terima kasih atas review dan rating yang diberikan. Kami akan terus melakukan perbaikan dan penyempurnaan aplikasi Mobile JKN untuk memberikan kemudahan bagi peserta dan calon peserta JKN. Jika ada kendala, Anda dapat menghubungi Care Center BPJS Kesehatan melalui nomor 165 (24 jam). Terima kasih.;2025-12-12 06:58:46;4.14.0;;;;;;;
f1ccead4-880c-4ea4-961e-d6a02af5ff70;Ramadhana Syahputra;https://play-lh.googleusercontent.com/a-/ALV-UjUex9Ww8qLww5Ra9X3nch_22kj9SpWTOBUpJap_-T95-Zr1H9Eyvg;sangat bagus dan nyaman;5;0;4.14.0;2025-12-06 10:06:10;Hi... Terima kasih atas review dan rating yang diberikan. Kami akan terus melakukan perbaikan dan penyempurnaan aplikasi Mobile JKN untuk memberikan kemudahan bagi peserta dan calon peserta JKN. Jika ada kendala, Anda dapat menghubungi Care Center BPJS Kesehatan melalui nomor 165 (24 jam). Terima kasih.;2025-12-12 06:58:48;4.14.0;;;;;;;
7386aa4f-0b2a-4fb8-9464-0513a7e9e42d;jay;https://play-lh.googleusercontent.com/a/ACg8ocLRm23E1K06EPoBnlyzAkzFfWvWRbhmhaP5e_Kxf6r23C2hAg=mo;sangat puas dengan semuanya 🤗;5;0;;2025-12-06 09:58:08;Hi... Terima kasih atas review dan rating yang diberikan. Kami akan terus melakukan perbaikan dan penyempurnaan aplikasi Mobile JKN untuk memberikan kemudahan bagi peserta dan calon peserta JKN. Jika ada kendala, Anda dapat menghubungi Care Center BPJS Kesehatan melalui nomor 165 (24 jam). Terima kasih.;2025-12-12 06:59:10;;;;;;;;
194a74ba-cfe7-4fa2-8e98-2a97f2ca4bd6;Ala Adi Saputra;https://play-lh.googleusercontent.com/a/ACg8ocK36dZVEFqTXud8DcUkzBLwqWLI84QFh7y9_SbEIad75BT4ug=mo;tolong watermark NIK, Tgl, dan jam pada interface dihilangkan, dibuat polos putih saja. mengganggu bagi yang penglihatan kurang fokus.;2;0;4.14.0;2025-12-06 09:51:13;Hi... Terima kasih atas review dan rating yang diberikan. Kami akan terus melakukan perbaikan dan penyempurnaan aplikasi Mobile JKN untuk memberikan kemudahan bagi peserta dan calon peserta JKN. Jika ada kendala, Anda dapat menghubungi Care Center BPJS Kesehatan melalui nomor 165 (24 jam). Terima kasih.;2025-12-12 06:59:13;4.14.0;;;;;;;
fda047b5-9b22-478a-a313-dde77230069a;Sahida Azmi;https://play-lh.googleusercontent.com/a-/ALV-UjVpEc0KS7KcLh2mxyL2nYM9lbqPakxwUzwdIytip5yhQ0XsT_8;anjirrrr bpjs bahhlull, sistem macam apa yg kalo masuk aplikasi hrus daftar autodebet, ada keluarga yg ga punya atm blogg.. loll ente semua petugasnya;1;0;4.14.0;2025-12-06 09:50:23;"Mohon maaf atas ketidaknyamanannya. Jika Anda sudah memiliki user Pengguna Mobile JKN, dapat langsung masuk/login dengan menginput NIK KTP dan password yang sudah didaftarkan. atau lakukan registrasi Pengguna Mobile JKN terlebih dahulu (jika belum terdaftar user Mobile JKN) dengan memilih ""Daftar"". Terima kasih.";2025-12-12 07:00:01;4.14.0;;;;;;;
3add79d9-ca2d-40a0-8120-6fb1f1cb1a6b;yudi elfian;https://play-lh.googleusercontent.com/a/ACg8ocLwfS5u-9JTUO1LRvae9gVxAtRDCliUeHPibHBJpt2jakbCrw=mo;Alhamdulillah;5;0;;2025-12-06 09:43:59;Hi... Terima kasih atas review dan rating yang diberikan. Kami akan terus melakukan perbaikan dan penyempurnaan aplikasi Mobile JKN untuk memberikan kemudahan bagi peserta dan calon peserta JKN. Jika ada kendala, Anda dapat menghubungi Care Center BPJS Kesehatan melalui nomor 165 (24 jam). Terima kasih.;2025-12-12 06:59:16;;;;;;;;
c7dd28f0-8f56-4267-83e8-be046c62ebd5;Yamaha Bayu;https://play-lh.googleusercontent.com/a/ACg8ocKPvsBX_BrTl3OqpssiY47cg0VcwcUCeM37blfMcidFfkPMug=mo;mau masuk aplikasi, tapi chapta nya muter2 terus. udh berminggu-minggu ditunggu sama aja. gak bisa masuk. aplikasi ga beres . gimana saya mau bayar coba,?;2;0;4.14.0;2025-12-06 09:33:06;Hi... Terima kasih atas review dan rating yang diberikan. Kami akan terus melakukan perbaikan dan penyempurnaan aplikasi Mobile JKN untuk memberikan kemudahan bagi peserta dan calon peserta JKN. Jika ada kendala, Anda dapat menghubungi Care Center BPJS Kesehatan melalui nomor 165 (24 jam). Terima kasih.;2025-12-12 06:59:18;4.14.0;;;;;;;
2d4e3ba3-8264-4c49-acb6-2d7b5a0feb3a;Iskandar Dinata;https://play-lh.googleusercontent.com/a-/ALV-UjUbK95wxXYcPNa2T-rha-rY3FcdFwJhuqHl7JWQ8ohGqvuj2Zg;udah bener ga ada skrining di aplikasi, malah ada skrining. lebih baik ofline aja kalau skrining. trimakasih;3;0;4.14.0;2025-12-06 09:31:18;Hi... Terima kasih atas review dan rating yang diberikan. Kami akan terus melakukan perbaikan dan penyempurnaan aplikasi Mobile JKN untuk memberikan kemudahan bagi peserta dan calon peserta JKN. Jika ada kendala, Anda dapat menghubungi Care Center BPJS Kesehatan melalui nomor 165 (24 jam). Terima kasih.;2025-12-12 06:59:22;4.14.0;;;;;;;
9b3b20bc-4fb9-43fa-bf0c-8fb62594df91;Yusup Muhamd;https://play-lh.googleusercontent.com/a-/ALV-UjXmS5TK7QXjFw6Gdse5eL8ULGxDg9GSQNv-pgtIhEElPofnzLlo;terimakasih telah membantu adanya aplikasi mobile jkn ini sangat mudah saya untuk segala kebutuhan pembayaran BPJS;5;0;4.14.0;2025-12-06 09:26:23;Hi... Terima kasih atas review dan rating yang diberikan. Kami akan terus melakukan perbaikan dan penyempurnaan aplikasi Mobile JKN untuk memberikan kemudahan bagi peserta dan calon peserta JKN. Jika ada kendala, Anda dapat menghubungi Care Center BPJS Kesehatan melalui nomor 165 (24 jam). Terima kasih.;2025-12-12 06:59:25;4.14.0;;;;;;;
4b9e32a5-20f2-4fd8-8d07-0632755b8b1d;Riswan Fayha;https://play-lh.googleusercontent.com/a-/ALV-UjWELqHCf2St8-NVk1oUh8kbh6ad3APB-kEDiBO4qDtumAithnJD;aplikasi gak berguna.... menyusahkan rakyat Indonesia....sudah daptarnya susah ...tiba tiba log out sendiri..mau masuk lagi susahnya minta ampun.... sampai berhari-hari....gak bisa... keburu pasien'gak ketolong kalau paku aplikasi gak berguna ini., bukannya membantu aplikasi ini malah mempersulit..dirumah sakit minta aktif mobile JKN... giliran daptarnya dipersulit.... negara'konoha;1;0;4.14.0;2025-12-06 09:06:47;Hi... Terima kasih atas review dan rating yang diberikan. Kami akan terus melakukan perbaikan dan penyempurnaan aplikasi Mobile JKN untuk memberikan kemudahan bagi peserta dan calon peserta JKN. Jika ada kendala, Anda dapat menghubungi Care Center BPJS Kesehatan melalui nomor 165 (24 jam). Terima kasih.;2025-12-12 06:59:28;4.14.0;;;;;;;
712d0fd8-5347-4c05-9c7d-f14f745e1766;Resti Bengkulu;https://play-lh.googleusercontent.com/a/ACg8ocL71dFnjSpMEImFQGVw_hsXl_hnZc6XdkVU33jSPdjYESAw4w=mo;setelah di update malah ga bisa liat rujukan ke faskes tingkat lanjut;1;0;4.14.0;2025-12-06 08:54:15;Hi... Terima kasih atas review dan rating yang diberikan. Kami akan terus melakukan perbaikan dan penyempurnaan aplikasi Mobile JKN untuk memberikan kemudahan bagi peserta dan calon peserta JKN. Jika ada kendala, Anda dapat menghubungi Care Center BPJS Kesehatan melalui nomor 165 (24 jam). Terima kasih.;2025-12-12 07:00:45;4.14.0;;;;;;;
e6eb8573-d4c6-45d7-8ad3-5f55b9ae5fc4;Padri Yanto;https://play-lh.googleusercontent.com/a/ACg8ocJjDifuyIBYbWBmLNAfr6-u60j_ZsEfYcx-UanzylM7FBlVyA=mo;sangat terbaik untuk kesehatan;5;0;4.14.0;2025-12-06 08:16:58;Hi... Terima kasih atas review dan rating yang diberikan. Kami akan terus melakukan perbaikan dan penyempurnaan aplikasi Mobile JKN untuk memberikan kemudahan bagi peserta dan calon peserta JKN. Jika ada kendala, Anda dapat menghubungi Care Center BPJS Kesehatan melalui nomor 165 (24 jam). Terima kasih.;2025-12-12 07:00:46;4.14.0;;;;;;;
05c60e3a-c371-46f9-9fe4-74575973433d;Aisyah humayiroh Humayiroh;https://play-lh.googleusercontent.com/a/ACg8ocLutOq28k2XRexVnbnLDvBN8D1_9MAVwJAtsRgg8ONSXgn6bA=mo;maantapp;5;0;4.14.0;2025-12-06 08:14:44;Hi... Terima kasih atas review dan rating yang diberikan. Kami akan terus melakukan perbaikan dan penyempurnaan aplikasi Mobile JKN untuk memberikan kemudahan bagi peserta dan calon peserta JKN. Jika ada kendala, Anda dapat menghubungi Care Center BPJS Kesehatan melalui nomor 165 (24 jam). Terima kasih.;2025-12-12 07:00:42;4.14.0;;;;;;;
9650e15b-cc5e-44a2-b681-1a402e22bd33;I Putu Ardiana;https://play-lh.googleusercontent.com/a-/ALV-UjXwWHZWpTQUWdqIaLebngyhXL2kJOX0JKXfAQQtim6dvfbdICA;sering ke log out sendiri, skrg malah bilangnya belum ter daftar;1;0;4.14.0;2025-12-06 08:11:46;Mohon maaf atas ketidaknyamanannya. Terkait kendala tersebut, mohon agar dapat memastikan kombinasi kata sandi yang dimasukkan. Jika masih terdapat kesalahan, dapat kami sarankan agar Bapak/Ibu memilih menu “Lupa Kata Sandi”. Selanjutnya masukkan Nomor Induk Kependudukan dan Captcha. Terima kasih.;2025-12-12 07:00:57;4.14.0;;;;;;;
a47356d2-14c5-4e4f-9b23-02d3d5837fcb;Muhamad Darman17;https://play-lh.googleusercontent.com/a/ACg8ocLgeDTuxem3oVGFyypGeY677KZtKfhjkqtzLnClERqRUO0Q8w=mo;juooosss;5;0;4.14.0;2025-12-06 08:09:06;Hi... Terima kasih atas review dan rating yang diberikan. Kami akan terus melakukan perbaikan dan penyempurnaan aplikasi Mobile JKN untuk memberikan kemudahan bagi peserta dan calon peserta JKN. Jika ada kendala, Anda dapat menghubungi Care Center BPJS Kesehatan melalui nomor 165 (24 jam). Terima kasih.;2025-12-12 07:00:38;4.14.0;;;;;;;
a65022e8-0b8d-4459-8ba2-ecd89aa9e059;Arya Dodot;https://play-lh.googleusercontent.com/a-/ALV-UjVmZVN5jwsdcr0ENNfYHftokH4HXzQcvhqlrywq4pjpaVt4DaQ;bagus;4;0;4.14.0;2025-12-06 08:08:37;Hi... Terima kasih atas review dan rating yang diberikan. Kami akan terus melakukan perbaikan dan penyempurnaan aplikasi Mobile JKN untuk memberikan kemudahan bagi peserta dan calon peserta JKN. Jika ada kendala, Anda dapat menghubungi Care Center BPJS Kesehatan melalui nomor 165 (24 jam). Terima kasih.;2025-12-12 07:00:39;4.14.0;;;;;;;
fd6b21e6-7bb5-43af-af5c-b68c801cbde9;Yoyok Triwahono;https://play-lh.googleusercontent.com/a-/ALV-UjVXuF1CY-iyzSAfupnv_EI764sork2jPL_S8te4hDkgb-r_fVJE;sumpah jelek bgt. lupa password,gunain fitur lupas password tapi nunggu sms verifikasi sama sekali ga ada masuk. minta ulang harus nunggu lama tp tetep ga masuk.;2;0;4.14.0;2025-12-06 07:38:20;Hi... Terima kasih atas review dan rating yang diberikan. Kami akan terus melakukan perbaikan dan penyempurnaan aplikasi Mobile JKN untuk memberikan kemudahan bagi peserta dan calon peserta JKN. Jika ada kendala, Anda dapat menghubungi Care Center BPJS Kesehatan melalui nomor 165 (24 jam). Terima kasih.;2025-12-12 07:00:36;4.14.0;;;;;;;
653e988b-cc72-4744-a7b7-09b2d8c4530e;topan cahya;https://play-lh.googleusercontent.com/a-/ALV-UjXVT3luSw_72UluCZ_ZMMn4oxIjKPSwzj7k-_95dWqT_qSUZmhC;proses pindah faskes 1 cukup mudah, fiturnya lainnya juga lengkap;5;0;4.14.0;2025-12-06 07:35:55;"Mohon maaf atas ketidaknyamanannya. Jika Anda sudah memiliki user Pengguna Mobile JKN, dapat langsung masuk/login dengan menginput NIK KTP dan password yang sudah didaftarkan. atau lakukan registrasi Pengguna Mobile JKN terlebih dahulu (jika belum terdaftar user Mobile JKN) dengan memilih ""Daftar"". Terima kasih.";2025-12-12 07:00:22;4.14.0;;;;;;;
1ce0e48b-df6b-443c-b7ba-8a46f12f46d2;Kandar Dar;https://play-lh.googleusercontent.com/a/ACg8ocL7EdWFtcFvvobbZ6JtuNS3lHXEBH6c0cU9BuySCpVlp_VFIg=mo;sangat puas;5;0;4.14.0;2025-12-06 07:34:06;Hi... Terima kasih atas review dan rating yang diberikan. Kami akan terus melakukan perbaikan dan penyempurnaan aplikasi Mobile JKN untuk memberikan kemudahan bagi peserta dan calon peserta JKN. Jika ada kendala, Anda dapat menghubungi Care Center BPJS Kesehatan melalui nomor 165 (24 jam). Terima kasih.;2025-12-12 07:00:32;4.14.0;;;;;;;
3025be84-412b-42dd-affb-67ecb88cf252;Arip Prima;https://play-lh.googleusercontent.com/a/ACg8ocKO2vD02sQkR7_BPCOST9Q5LNTcrlIiOKlYKhFf4rSvmQsMmg=mo;bagus;4;0;4.14.0;2025-12-06 07:21:44;Hi... Terima kasih atas review dan rating yang diberikan. Kami akan terus melakukan perbaikan dan penyempurnaan aplikasi Mobile JKN untuk memberikan kemudahan bagi peserta dan calon peserta JKN. Jika ada kendala, Anda dapat menghubungi Care Center BPJS Kesehatan melalui nomor 165 (24 jam). Terima kasih.;2025-12-12 07:01:39;4.14.0;;;;;;;
0a6f783f-ca4a-4c72-b049-90e5f0c6fe81;Gunawan Gunawan;https://play-lh.googleusercontent.com/a-/ALV-UjVbv2KvOc3XCuwEa7VCZ_7brA7XCutO1NzdNePQ7OA3toyRVO9r;apk gk jelas, email udah bener tapi malah tertulis gk terdaftar;1;0;4.14.0;2025-12-06 07:21:05;Hi... Terima kasih atas review dan rating yang diberikan. Kami akan terus melakukan perbaikan dan penyempurnaan aplikasi Mobile JKN untuk memberikan kemudahan bagi peserta dan calon peserta JKN. Jika ada kendala, Anda dapat menghubungi Care Center BPJS Kesehatan melalui nomor 165 (24 jam). Terima kasih.;2025-12-12 07:01:38;4.14.0;;;;;;;
0d146db3-a24c-4ac0-a83b-701b005ee0f1;Isma Elchan;https://play-lh.googleusercontent.com/a/ACg8ocInZrI8FlpC5UlIuRTHgEX0zUjbjsKRjCHeEvhBVs_ABQ4iiQ=mo;sangat membantu masyarakat, trima Kash Jkn;5;0;4.14.0;2025-12-06 07:08:33;Hi... Terima kasih atas review dan rating yang diberikan. Kami akan terus melakukan perbaikan dan penyempurnaan aplikasi Mobile JKN untuk memberikan kemudahan bagi peserta dan calon peserta JKN. Jika ada kendala, Anda dapat menghubungi Care Center BPJS Kesehatan melalui nomor 165 (24 jam). Terima kasih.;2025-12-12 07:01:38;4.14.0;;;;;;;
722ff779-7dac-4646-b885-11f51fb4f0e7;Sumarti Id;https://play-lh.googleusercontent.com/a-/ALV-UjUvZLAGp4K5tCDx6gl1Dy6GwyBoIA37_Js0KjGIRyGNzp2zLWsR;bagus;5;0;;2025-12-06 07:06:17;Mohon maaf atas ketidaknyamanannya. Jika Anda memilih metode verifikasi menggunakan nomor HP pastikan jaringan baik dan nomor HP yang terdaftar adalah nomor HP prabayar yang aktif dengan pulsa yang mencukupi agar kode OTP dapat masuk. Terima kasih.;2025-12-12 07:01:54;;;;;;;;
37925182-224c-42ae-af50-75716756149e;Hendra Kuya122;https://play-lh.googleusercontent.com/a/ACg8ocIU5PI6oQNi2QIMAT3Wckm7c_57vKsYCiXRGenKRBWqysvqrg=mo;kenapa susah kali login karena kode captcha nya lama kali keluar 😭😭;2;0;4.14.0;2025-12-06 06:12:12;Hi... Terima kasih atas review dan rating yang diberikan. Kami akan terus melakukan perbaikan dan penyempurnaan aplikasi Mobile JKN untuk memberikan kemudahan bagi peserta dan calon peserta JKN. Jika ada kendala, Anda dapat menghubungi Care Center BPJS Kesehatan melalui nomor 165 (24 jam). Terima kasih.;2025-12-12 07:01:33;4.14.0;;;;;;;
20759852-d777-4deb-9b1f-16b7a26fb85c;Ridwan Arifin;https://play-lh.googleusercontent.com/a-/ALV-UjWrZYkxlxQQ-RGKqPceZg_QhKMxERWZhHp4_ICKTezSIM3xgIE;sangat membantu krn pelayanan jd lbh mudah dan cepat;5;0;;2025-12-06 06:02:49;Hi... Terima kasih atas review dan rating yang diberikan. Kami akan terus melakukan perbaikan dan penyempurnaan aplikasi Mobile JKN untuk memberikan kemudahan bagi peserta dan calon peserta JKN. Jika ada kendala, Anda dapat menghubungi Care Center BPJS Kesehatan melalui nomor 165 (24 jam). Terima kasih.;2025-12-12 07:01:34;;;;;;;;
2e402e98-eefe-411c-9451-96366c357524;Iket Gusatiq;https://play-lh.googleusercontent.com/a-/ALV-UjVQ3igsvnybwI5F1-A2Q5VdfM_HGFTYOnRzk_t0VD0lyGR4Ym8;terimakasih...penggunaan aplikasi sangat mudah dan cepat...;5;0;4.14.0;2025-12-06 05:48:05;Hi... Terima kasih atas review dan rating yang diberikan. Kami akan terus melakukan perbaikan dan penyempurnaan aplikasi Mobile JKN untuk memberikan kemudahan bagi peserta dan calon peserta JKN. Jika ada kendala, Anda dapat menghubungi Care Center BPJS Kesehatan melalui nomor 165 (24 jam). Terima kasih.;2025-12-12 07:01:31;4.14.0;;;;;;;
ad62d585-fabf-4e91-98ea-ade583a96822;dodo setiyana;https://play-lh.googleusercontent.com/a-/ALV-UjUEcJy34ACrJsd42VnFlKX0fMV0GHZ6fcL7g1ODgdQfYqnmU0Lk;Tombol login/masuk ga bisa dipencet padahal udah ganti 2 device;2;0;4.14.0;2025-12-06 05:28:08;Hi... Terima kasih atas review dan rating yang diberikan. Kami akan terus melakukan perbaikan dan penyempurnaan aplikasi Mobile JKN untuk memberikan kemudahan bagi peserta dan calon peserta JKN. Jika ada kendala, Anda dapat menghubungi Care Center BPJS Kesehatan melalui nomor 165 (24 jam). Terima kasih.;2025-12-12 07:01:28;4.14.0;;;;;;;
8b78330b-e81b-41a2-bba5-3a404f67e4f7;Sri Andriani;https://play-lh.googleusercontent.com/a/ACg8ocJIkLykaBdKlJCl3C53Kda1KilTN2MTe9r_eZqqlbTGh6efFg=mo;saya lupa password trus di suruh kirim lewat sms otp, tetap ngga bisa, tolong diperbaiki!!!!;1;0;4.14.0;2025-12-06 05:14:06;Hi... Terima kasih atas review dan rating yang diberikan. Kami akan terus melakukan perbaikan dan penyempurnaan aplikasi Mobile JKN untuk memberikan kemudahan bagi peserta dan calon peserta JKN. Jika ada kendala, Anda dapat menghubungi Care Center BPJS Kesehatan melalui nomor 165 (24 jam). Terima kasih.;2025-12-12 07:01:31;4.14.0;;;;;;;
4d6ab4e6-010f-45c8-9842-56d39366cf3f;Robiyani Akhsan;https://play-lh.googleusercontent.com/a/ACg8ocL3JSByD0bf5cyTeSiWzRFA6SN6t144L7auy7jtDBlOXJypcA=mo;logout sendiri,,login lg susah...wadux;1;0;4.14.0;2025-12-06 05:02:39;Hi... Terima kasih atas review dan rating yang diberikan. Kami akan terus melakukan perbaikan dan penyempurnaan aplikasi Mobile JKN untuk memberikan kemudahan bagi peserta dan calon peserta JKN. Jika ada kendala, Anda dapat menghubungi Care Center BPJS Kesehatan melalui nomor 165 (24 jam). Terima kasih.;2025-12-12 07:03:24;4.14.0;;;;;;;
efe55ec1-4779-46bd-ae3a-3e6b0b6a5a77;Ahmet Supriadi;https://play-lh.googleusercontent.com/a-/ALV-UjW71GoCiNZ2ySxyBp2J8xGUUoQWkHbf9LGVJPEU6Pp_2MwFWRU;udah cukup membaik;5;0;4.14.0;2025-12-06 04:42:19;Hi... Terima kasih atas review dan rating yang diberikan. Kami akan terus melakukan perbaikan dan penyempurnaan aplikasi Mobile JKN untuk memberikan kemudahan bagi peserta dan calon peserta JKN. Jika ada kendala, Anda dapat menghubungi Care Center BPJS Kesehatan melalui nomor 165 (24 jam). Terima kasih.;2025-12-12 07:03:26;4.14.0;;;;;;;
8f2aec83-741c-4479-9a83-7e2a8ba5a301;Nawang Suci;https://play-lh.googleusercontent.com/a/ACg8ocJZKpHQcAsLqPAwqAG5TvcomoTj8q0MMROq1Dqn41B2OjtbvA=mo;untuk saat ini bagus, karena dari berita orang-orang yang sulit verifikasi, saya sekali verifikasi langsung acc;5;0;;2025-12-06 04:34:54;Hi... Terima kasih atas review dan rating yang diberikan. Kami akan terus melakukan perbaikan dan penyempurnaan aplikasi Mobile JKN untuk memberikan kemudahan bagi peserta dan calon peserta JKN. Jika ada kendala, Anda dapat menghubungi Care Center BPJS Kesehatan melalui nomor 165 (24 jam). Terima kasih.;2025-12-12 07:03:28;;;;;;;;
0b519157-f948-41f4-82ff-2517353511f0;Ramot marbun Lumban gaol;https://play-lh.googleusercontent.com/a/ACg8ocJb9H4S0lOvvsqfqdsnhxkefi1L2QetTDBQIvnIkabXN8Mh3A=mo;beberapa kali sudah pernah pake mobile jkn tapi kenapa setelah di update suruh daftar lagi setelah sudah daftar gak masuk² tapi ada pemberitahuan mobile jkn anda sudah terdaftar silahkan login tapi ko gak bisa masuk juga... ini gimana!;1;0;4.14.0;2025-12-06 04:18:28;Hi... Terima kasih atas review dan rating yang diberikan. Kami akan terus melakukan perbaikan dan penyempurnaan aplikasi Mobile JKN untuk memberikan kemudahan bagi peserta dan calon peserta JKN. Jika ada kendala, Anda dapat menghubungi Care Center BPJS Kesehatan melalui nomor 165 (24 jam). Terima kasih.;2025-12-12 07:03:31;4.14.0;;;;;;;
f8bd79b9-a3c9-4d0f-95ac-ae4125c038c9;ari santo;https://play-lh.googleusercontent.com/a-/ALV-UjUU08co4gynpR2C-_p0Xo8MSXclG47DluLF7kgGq_uvGHN_uChy;sengaja saya beri ulasan saya udah lama paki bpjs tp gk bisa d gunakan percuma bisa d gunakan d persuli prosesnya berbelit belit tp kalau bayar pribadi langsung d tangani. buat kalian saran saya jgn pakai bpjs mending nabung semasa sehat. dari pd di sumbabgin gk jls k bpjs;1;0;4.14.0;2025-12-06 04:17:17;Mohon maaf atas ketidaknyamanannya. Update terbaru bertujuan untuk memberikan keamanan dan kenyamanan Peserta. Jika terjadi kendala, Anda dapat menyampaikan laporan melalui email ke carecenter@bpjs-kesehatan.go.id. Terima kasih.;2025-12-12 07:05:25;4.14.0;;;;;;;
4408a8cf-7ebc-46db-8fe2-9a8eb9b309ae;Warsini Colecole;https://play-lh.googleusercontent.com/a/ACg8ocJFUQu1un5xfcxqV8iiw14M8CL_wFgAeRbdtGpRq_aOKhTn8Q=mo;oke;5;0;4.14.0;2025-12-06 04:14:42;"Mohon maaf atas ketidaknyamanannya. Jika Anda sudah memiliki user Pengguna Mobile JKN, dapat langsung masuk/login dengan menginput NIK KTP dan password yang sudah didaftarkan. atau lakukan registrasi Pengguna Mobile JKN terlebih dahulu (jika belum terdaftar user Mobile JKN) dengan memilih ""Daftar"". Terima kasih.";2025-12-12 07:05:34;4.14.0;;;;;;;
0e6ae468-964a-4cc1-8e78-b91df1ba40b7;M_Anton Rahman;https://play-lh.googleusercontent.com/a/ACg8ocJOX0tPbSHiXXALhZv3VRJdvgAaps5MoU2j1MZ13ItSJ_J9ng=mo;kenapa di Info Riwayat Pelayanan tidak disertakan nama dokter yang menangani pasien, saran saya disertakan nama dokternya juga.;5;0;4.14.0;2025-12-06 04:02:11;Hi... Terima kasih atas review dan rating yang diberikan. Kami akan terus melakukan perbaikan dan penyempurnaan aplikasi Mobile JKN untuk memberikan kemudahan bagi peserta dan calon peserta JKN. Jika ada kendala, Anda dapat menghubungi Care Center BPJS Kesehatan melalui nomor 165 (24 jam). Terima kasih.;2025-12-12 07:03:37;4.14.0;;;;;;;
5af138b9-765f-40c5-9215-f69440f3808b;Said Afaathaarang;https://play-lh.googleusercontent.com/a/ACg8ocLW7kucwz6g9Ee_QenEj64GE4_qAsizKfnw8wVDADhi9u85bQ=mo;mau masuk login harus pake SMS kode otp.. sudah dimasukkan nomor tidak terkirim kirim kodenya sampai berkali kali sampai pulsa habis.. operator 165 nya pun sudah ditelp pura2 budeg smp 3x masih pura2 budek cuma ngabisin pulsa doang;1;0;4.14.0;2025-12-06 03:55:18;Hi... Terima kasih atas review dan rating yang diberikan. Kami akan terus melakukan perbaikan dan penyempurnaan aplikasi Mobile JKN untuk memberikan kemudahan bagi peserta dan calon peserta JKN. Jika ada kendala, Anda dapat menghubungi Care Center BPJS Kesehatan melalui nomor 165 (24 jam). Terima kasih.;2025-12-12 07:03:38;4.14.0;;;;;;;
7afef09a-359c-4f06-87f5-51f3808029e6;Ayuk Budi;https://play-lh.googleusercontent.com/a/ACg8ocLT2sRoUzVoC33xBe8Go4870MmiABgrHBooWSr41oLkZdORyw=mo;aplikasi gaak bisa di download cuk;1;0;4.14.0;2025-12-06 03:50:46;Hi... Terima kasih atas review dan rating yang diberikan. Kami akan terus melakukan perbaikan dan penyempurnaan aplikasi Mobile JKN untuk memberikan kemudahan bagi peserta dan calon peserta JKN. Jika ada kendala, Anda dapat menghubungi Care Center BPJS Kesehatan melalui nomor 165 (24 jam). Terima kasih.;2025-12-12 07:03:40;4.14.0;;;;;;;
4817d6ce-e90e-4dc4-9438-b6cb966b456d;Kang Dar88;https://play-lh.googleusercontent.com/a-/ALV-UjVK2PF52_Tsy8MmFm4GbW_BwsF5kKVrBe7OQBkZA6QBvwWTtQ;aplikasinya bagus;5;0;4.14.0;2025-12-06 03:46:49;Hi... Terima kasih atas review dan rating yang diberikan. Kami akan terus melakukan perbaikan dan penyempurnaan aplikasi Mobile JKN untuk memberikan kemudahan bagi peserta dan calon peserta JKN. Jika ada kendala, Anda dapat menghubungi Care Center BPJS Kesehatan melalui nomor 165 (24 jam). Terima kasih.;2025-12-12 07:08:16;4.14.0;;;;;;;
db6dad38-50e1-4dd5-82e4-415a7b9b783c;dwi astuti;https://play-lh.googleusercontent.com/a-/ALV-UjXxRjjJedRkPeMsQGbDIsSWvkOCsyQQxUvelFg2BejhGp1TpAk;mudah digunakan;5;0;4.14.0;2025-12-06 03:45:29;Hi... Terima kasih atas review dan rating yang diberikan. Kami akan terus melakukan perbaikan dan penyempurnaan aplikasi Mobile JKN untuk memberikan kemudahan bagi peserta dan calon peserta JKN. Jika ada kendala, Anda dapat menghubungi Care Center BPJS Kesehatan melalui nomor 165 (24 jam). Terima kasih.;2025-12-12 07:08:17;4.14.0;;;;;;;
d36001e4-fe00-4c52-85af-9df1a219b2f9;Mila Handayani;https://play-lh.googleusercontent.com/a/ACg8ocIwmenliMw1vIhN3RMsPp1wvNkzydDorJ8IjMDf9Xfoxr_PUw=mo;bagus;5;0;;2025-12-06 03:23:37;Hi... Terima kasih atas review dan rating yang diberikan. Kami akan terus melakukan perbaikan dan penyempurnaan aplikasi Mobile JKN untuk memberikan kemudahan bagi peserta dan calon peserta JKN. Jika ada kendala, Anda dapat menghubungi Care Center BPJS Kesehatan melalui nomor 165 (24 jam). Terima kasih.;2025-12-12 07:08:05;;;;;;;;
134eb473-526f-4cb8-8adc-0d73400b20a7;Nandang Official;https://play-lh.googleusercontent.com/a/ACg8ocLDir6bASQ2SP2dFVurHaWiadZdwIXQcHsgIyoEI3vDuYfW3Q=mo;mudah diakses;5;0;4.14.0;2025-12-06 03:13:42;"Mohon maaf atas ketidaknyamanannya. Jika Anda sudah memiliki user Pengguna Mobile JKN, dapat langsung masuk/login dengan menginput NIK KTP dan password yang sudah didaftarkan. atau lakukan registrasi Pengguna Mobile JKN terlebih dahulu (jika belum terdaftar user Mobile JKN) dengan memilih ""Daftar"". Terima kasih.";2025-12-12 07:05:45;4.14.0;;;;;;;
f4cb8714-6a4b-4a52-a61c-7e7138520b33;ahmad fauzan;https://play-lh.googleusercontent.com/a-/ALV-UjUogPy2g4H6viddh5ZZNfotPRJeXRgDBPNRDAwb2BvybbjMNGw;apk jkn nya sangat mudah di gunakan dan di mengerti..terimakasih;5;0;4.14.0;2025-12-06 02:47:31;Hi... Terima kasih atas review dan rating yang diberikan. Kami akan terus melakukan perbaikan dan penyempurnaan aplikasi Mobile JKN untuk memberikan kemudahan bagi peserta dan calon peserta JKN. Jika ada kendala, Anda dapat menghubungi Care Center BPJS Kesehatan melalui nomor 165 (24 jam). Terima kasih.;2025-12-12 07:08:03;4.14.0;;;;;;;
99ff942a-2b29-42db-b2fd-8ccab0e516cf;Indah Rahyono;https://play-lh.googleusercontent.com/a/ACg8ocJlOkGyJTKKe9qRH0I704JlVvY-D3jrzEWpaLI1d9BKPTZ_XsQ=mo;sangat membantu tp kalo updet dipersulit ,harus tebak2an kalo ngisi captifa, harusnya dipermudah jangan dibikin susah;3;0;4.14.0;2025-12-06 02:45:08;Hi... Terima kasih atas review dan rating yang diberikan. Kami akan terus melakukan perbaikan dan penyempurnaan aplikasi Mobile JKN untuk memberikan kemudahan bagi peserta dan calon peserta JKN. Jika ada kendala, Anda dapat menghubungi Care Center BPJS Kesehatan melalui nomor 165 (24 jam). Terima kasih.;2025-12-12 07:08:01;4.14.0;;;;;;;
ca05b5e2-e618-4427-ac2b-b0ff95112849;desrimansyah ali;https://play-lh.googleusercontent.com/a-/ALV-UjWUPIq2NESORE1WeQWZGOfsm3OwP3_I8siHZvaJNFg_C4vUyM4-;mudah prosesnya;5;0;4.14.0;2025-12-06 02:27:30;Hi... Terima kasih atas review dan rating yang diberikan. Kami akan terus melakukan perbaikan dan penyempurnaan aplikasi Mobile JKN untuk memberikan kemudahan bagi peserta dan calon peserta JKN. Jika ada kendala, Anda dapat menghubungi Care Center BPJS Kesehatan melalui nomor 165 (24 jam). Terima kasih.;2025-12-12 07:08:00;4.14.0;;;;;;;
27ed84e3-bd66-4934-8b68-0b956509fd96;Muhammad Rifani Padli;https://play-lh.googleusercontent.com/a-/ALV-UjW0OyhZoOWxWBzmfNF_fQZCoM8we7R-fCDATvxtnZqpUs5vdeU;Aplikasinya bermanfaat. Terimakasih.;5;0;;2025-12-06 02:27:11;Hi... Terima kasih atas review dan rating yang diberikan. Kami akan terus melakukan perbaikan dan penyempurnaan aplikasi Mobile JKN untuk memberikan kemudahan bagi peserta dan calon peserta JKN. Jika ada kendala, Anda dapat menghubungi Care Center BPJS Kesehatan melalui nomor 165 (24 jam). Terima kasih.;2025-12-12 07:08:41;;;;;;;;
f8cb15a4-4bce-406d-bcac-8a5dc9c40f07;Ratih Sulastri;https://play-lh.googleusercontent.com/a/ACg8ocIpeestvm9HiE74zQiVZc9B-dmrpciHFmfMkyE3eafLWbN8Zg=mo;9-6-2025. Aplikasinya bagian pembatalan antrian periksa tidak bisa di ketik alasan pembatalan, jadi tidak bisa dibatalkan pendaftaran periksanya. Tlg diperbaiki aplikasinya yg bagian tsbt, biar bisa digunakan. Trmksh 24-10-2025 Beberapa waktu lalu saat memakai aplikasi, sudah bisa di ketik alasan pembatalan. Trmksh;5;0;4.14.0;2025-12-06 02:16:52;Hi... Terima kasih atas review dan rating yang diberikan. Kami akan terus melakukan perbaikan dan penyempurnaan aplikasi Mobile JKN untuk memberikan kemudahan bagi peserta dan calon peserta JKN. Jika ada kendala, Anda dapat menghubungi Care Center BPJS Kesehatan melalui nomor 165 (24 jam). Terima kasih.;2025-12-12 07:07:58;4.14.0;;;;;;;
cc2b89c8-26db-4873-8dc1-82a8ad6b1b20;herusus 1977;https://play-lh.googleusercontent.com/a/ACg8ocKJpf3OGACk7RiNJrxCPHgG4ILX42vCQ4OizXtRgfb4Pmfsfg=mo;saya senang jadi peserta BPJS kesehatan;5;0;4.14.0;2025-12-06 02:14:02;Hi... Terima kasih atas review dan rating yang diberikan. Kami akan terus melakukan perbaikan dan penyempurnaan aplikasi Mobile JKN untuk memberikan kemudahan bagi peserta dan calon peserta JKN. Jika ada kendala, Anda dapat menghubungi Care Center BPJS Kesehatan melalui nomor 165 (24 jam). Terima kasih.;2025-12-12 07:08:48;4.14.0;;;;;;;
018c8731-89fe-40ab-8ccf-11eb09d678f2;Jamal Warang;https://play-lh.googleusercontent.com/a/ACg8ocL8YQE8A7cQQSJa0rKoFXqmr9pBP6hEn5esKKTVe7OSc0GeuA=mo;kenapa harus login lagi gan? udah gitu gagal terus pas logi,padahal nik dan password sudah benar;3;0;4.14.0;2025-12-06 02:11:19;Hi... Terima kasih atas review dan rating yang diberikan. Kami akan terus melakukan perbaikan dan penyempurnaan aplikasi Mobile JKN untuk memberikan kemudahan bagi peserta dan calon peserta JKN. Jika ada kendala, Anda dapat menghubungi Care Center BPJS Kesehatan melalui nomor 165 (24 jam). Terima kasih.;2025-12-12 07:08:49;4.14.0;;;;;;;
55748168-ad13-4dcc-8fa4-e99dda3b7f99;Syaqiran;https://play-lh.googleusercontent.com/a-/ALV-UjV1LjE5rn2RyjBcgpTJmHT62snK9ZCM59s6csVGUMNWOCti5iyR;bagus sekali;5;0;4.14.0;2025-12-06 02:08:36;"Mohon maaf atas ketidaknyamanannya. Jika Anda sudah memiliki user Pengguna Mobile JKN, dapat langsung masuk/login dengan menginput NIK KTP dan password yang sudah didaftarkan. atau lakukan registrasi Pengguna Mobile JKN terlebih dahulu (jika belum terdaftar user Mobile JKN) dengan memilih ""Daftar"". Terima kasih.";2025-12-12 07:09:32;4.14.0;;;;;;;
998f9803-a89e-45a5-a9e5-82e7398a5bc0;Nana Diana;https://play-lh.googleusercontent.com/a-/ALV-UjVvVlhZ816s7XdS3fsl9kZ8MjwWye9tgxlWk8nvd9XN10sm7Ks;daftar harus selfie senyum kalo orang stroke gimana bisa senyum min;1;0;4.14.0;2025-12-06 02:07:54;"Mohon maaf atas ketidaknyamanannya. Jika Anda sudah memiliki user Pengguna Mobile JKN, dapat langsung masuk/login dengan menginput NIK KTP dan password yang sudah didaftarkan. atau lakukan registrasi Pengguna Mobile JKN terlebih dahulu (jika belum terdaftar user Mobile JKN) dengan memilih ""Daftar"". Terima kasih.";2025-12-12 07:09:29;4.14.0;;;;;;;
a7b79c6c-bce9-4619-881d-271ebf68431c;miftah hasuna;https://play-lh.googleusercontent.com/a-/ALV-UjWikQL_hCT6KOKFZqeOhVh_Os7lwh9nRDkrOOyKI67P4HwRAsQH;mantap mantap joss;5;0;;2025-12-06 02:02:40;Mohon maaf atas ketidaknyamanannya. Jika Anda memilih metode verifikasi menggunakan nomor HP pastikan jaringan baik dan nomor HP yang terdaftar adalah nomor HP prabayar yang aktif dengan pulsa yang mencukupi agar kode OTP dapat masuk. Terima kasih.;2025-12-12 07:09:55;;;;;;;;
4c703a23-5f69-4ce2-94a6-1cbd7dddbbe7;Muhamad Halil;https://play-lh.googleusercontent.com/a/ACg8ocLzIqM7iopDrgjs5jV3kx2qbywPncLJzpIsOsgkLFm2q4h56A=mo;sangat membantu dan mempermudah;5;0;;2025-12-06 01:55:51;Hi... Terima kasih atas review dan rating yang diberikan. Kami akan terus melakukan perbaikan dan penyempurnaan aplikasi Mobile JKN untuk memberikan kemudahan bagi peserta dan calon peserta JKN. Jika ada kendala, Anda dapat menghubungi Care Center BPJS Kesehatan melalui nomor 165 (24 jam). Terima kasih.;2025-12-12 07:09:10;;;;;;;;
d379fe53-f590-4700-a96d-2cef224f635a;brayat nugroho;https://play-lh.googleusercontent.com/a-/ALV-UjV1ae3vCilJaOEkn3HARpTxI7AjcqSnH4y0SBxXPnnDHCVAHDc;bagus sangat membantu perubahan data bisa langsung lewat aplikasi;5;0;4.14.0;2025-12-06 01:47:51;Hi... Terima kasih atas review dan rating yang diberikan. Kami akan terus melakukan perbaikan dan penyempurnaan aplikasi Mobile JKN untuk memberikan kemudahan bagi peserta dan calon peserta JKN. Jika ada kendala, Anda dapat menghubungi Care Center BPJS Kesehatan melalui nomor 165 (24 jam). Terima kasih.;2025-12-12 07:09:11;4.14.0;;;;;;;
7084a7cc-fc52-448b-8523-39a99abe58c4;Rakadi Kadi;https://play-lh.googleusercontent.com/a/ACg8ocLSVjmDTcRExa9MFis7QgEp6wjkAahd40fiGnJ0J4gUbFmTEg=mo;ok, mudah di gunakan dan dipahami;5;0;;2025-12-06 01:38:15;Hi... Terima kasih atas review dan rating yang diberikan. Kami akan terus melakukan perbaikan dan penyempurnaan aplikasi Mobile JKN untuk memberikan kemudahan bagi peserta dan calon peserta JKN. Jika ada kendala, Anda dapat menghubungi Care Center BPJS Kesehatan melalui nomor 165 (24 jam). Terima kasih.;2025-12-12 07:09:14;;;;;;;;
88ba5df6-21e8-4b9f-90be-7041a0f6be5f;Nurmala Sari;https://play-lh.googleusercontent.com/a/ACg8ocIHjJZASzsy8jRuugb7y8Z9UyRv_OU_Li4GzDI6dXRLUEh-pSs=mo;good aps;5;0;4.14.0;2025-12-06 01:33:25;Hi... Terima kasih atas review dan rating yang diberikan. Kami akan terus melakukan perbaikan dan penyempurnaan aplikasi Mobile JKN untuk memberikan kemudahan bagi peserta dan calon peserta JKN. Jika ada kendala, Anda dapat menghubungi Care Center BPJS Kesehatan melalui nomor 165 (24 jam). Terima kasih.;2025-12-12 07:09:18;4.14.0;;;;;;;
4d8ce94a-97b6-40f9-886b-637905a8dbf0;Rohman Mashuri;https://play-lh.googleusercontent.com/a/ACg8ocLgnOGxy51P1eMnlpfbJ4rGEsCnArqmm7oTC8zcSVSPV1aHwA=mo;habis diperbarui suruh login lagi,loginnya susah banget masuknya..;3;0;;2025-12-06 01:31:30;Hi... Terima kasih atas review dan rating yang diberikan. Kami akan terus melakukan perbaikan dan penyempurnaan aplikasi Mobile JKN untuk memberikan kemudahan bagi peserta dan calon peserta JKN. Jika ada kendala, Anda dapat menghubungi Care Center BPJS Kesehatan melalui nomor 165 (24 jam). Terima kasih.;2025-12-12 07:09:19;;;;;;;;
02e9fb4f-51ad-4d12-9c98-0258627e589c;Adra bin Nasrullah;https://play-lh.googleusercontent.com/a-/ALV-UjUGtjaQczxzpMk8Yzdf1h6KXBiwEn8IhQlseE9ck0cWAQ3slupM;ribet harus pake pulsa ngirim otp juga NYUSAHIN;1;0;4.14.0;2025-12-06 01:30:36;Hi... Terima kasih atas review dan rating yang diberikan. Kami akan terus melakukan perbaikan dan penyempurnaan aplikasi Mobile JKN untuk memberikan kemudahan bagi peserta dan calon peserta JKN. Jika ada kendala, Anda dapat menghubungi Care Center BPJS Kesehatan melalui nomor 165 (24 jam). Terima kasih.;2025-12-12 07:10:58;4.14.0;;;;;;;
a0ba3537-ed0b-4953-b471-1cb201ffa54b;Tri Mansah;https://play-lh.googleusercontent.com/a-/ALV-UjWZ55pSDsPMG9LaO2FHL_hBltbdkz0mGGvhJXHZ9duV6liWojQ;mantap;5;0;4.9.0;2025-12-06 01:15:10;Hi... Terima kasih atas review dan rating yang diberikan. Kami akan terus melakukan perbaikan dan penyempurnaan aplikasi Mobile JKN untuk memberikan kemudahan bagi peserta dan calon peserta JKN. Jika ada kendala, Anda dapat menghubungi Care Center BPJS Kesehatan melalui nomor 165 (24 jam). Terima kasih.;2025-12-12 07:11:02;4.9.0;;;;;;;
64785a79-a2f1-4c60-8dfc-3cd705d3c82e;Andreas Bagus;https://play-lh.googleusercontent.com/a/ACg8ocL-o-Yt5pZrFlExK0_CRCtocPK3EjSdxFUEGSBnalvm5rJOBg=mo;mantap;5;0;4.14.0;2025-12-06 00:55:06;Hi... Terima kasih atas review dan rating yang diberikan. Kami akan terus melakukan perbaikan dan penyempurnaan aplikasi Mobile JKN untuk memberikan kemudahan bagi peserta dan calon peserta JKN. Jika ada kendala, Anda dapat menghubungi Care Center BPJS Kesehatan melalui nomor 165 (24 jam). Terima kasih.;2025-12-12 07:11:04;4.14.0;;;;;;;
4259c1ab-d511-46e4-a402-f9156c96c5aa;Nur Naina;https://play-lh.googleusercontent.com/a/ACg8ocIGPBEkZT8vv_9fvZoG8joAnLvAnR8wkEm2lWDxhk9-S_XiQw=mo;good;5;0;4.14.0;2025-12-06 00:39:55;Mohon maaf atas ketidaknyamanannya. Terkait kendala yang dialami, Anda dapat menyampaikan kendala dengan melampirkan tangkapan layar/video dengan device lain ke alamat email : carecenter@bpjs-kesehatan.go.id untuk kemudahan proses tindak lanjut. Terima kasih.;2025-12-12 07:10:39;4.14.0;;;;;;;
4056bf55-7808-48b1-a688-e58715b30970;Om Cunk;https://play-lh.googleusercontent.com/a/ACg8ocK51yD8GDXANbgyCXL2AX6l1N8MlZPKdP98Zvddr7eg7KL40A=mo;mantpas;5;0;4.14.0;2025-12-06 00:34:45;Hi... Terima kasih atas review dan rating yang diberikan. Kami akan terus melakukan perbaikan dan penyempurnaan aplikasi Mobile JKN untuk memberikan kemudahan bagi peserta dan calon peserta JKN. Jika ada kendala, Anda dapat menghubungi Care Center BPJS Kesehatan melalui nomor 165 (24 jam). Terima kasih.;2025-12-12 07:11:13;4.14.0;;;;;;;
b6bab5d8-5f32-49ed-843a-df8d11a4061b;Vera Trimawati;https://play-lh.googleusercontent.com/a-/ALV-UjX2siVg9IIXWRdTRl6uI2ePlwshUTfqwR_IziyaGVbaKqbQmbGz;pelayanan mudah dan cepat;5;0;4.14.0;2025-12-06 00:34:05;Hi... Terima kasih atas review dan rating yang diberikan. Kami akan terus melakukan perbaikan dan penyempurnaan aplikasi Mobile JKN untuk memberikan kemudahan bagi peserta dan calon peserta JKN. Jika ada kendala, Anda dapat menghubungi Care Center BPJS Kesehatan melalui nomor 165 (24 jam). Terima kasih.;2025-12-12 07:11:13;4.14.0;;;;;;;
a2a6492f-9807-43e0-9f22-83ff13c3ffd8;Patrica Cipinang;https://play-lh.googleusercontent.com/a/ACg8ocKr87lX_PW96oCyz3AZpA3vDA3qDz9prjfq3kigMmiQqK_wNA=mo;kadang banyak susahnya di buka;4;0;;2025-12-06 00:26:20;Jika telah melakukan login lebih dari 3 NIK dari KK yang berbeda pada satu (1) perangkat yang sama, maka untuk dapat login lakukan login dengan device lainnya atau 3 NIK yang tertera tersebut dapat melakukan login ke device peserta yang bersangkutan. Jika terkendala, dapat menghubungi Care Center kami di nomor 165 (24 jam). Terima kasih.;2025-12-12 07:10:24;;;;;;;;
4d95d08e-1b0d-41d1-bc36-d41db8649ebd;MIBAH AM;https://play-lh.googleusercontent.com/a/ACg8ocLT3f8O8m68pd87rXA7X3Qp5QPnriz9oDUrxYS8sFWuPTwifA=mo;mantap;5;0;;2025-12-06 00:03:43;Hi... Terima kasih atas review dan rating yang diberikan. Kami akan terus melakukan perbaikan dan penyempurnaan aplikasi Mobile JKN untuk memberikan kemudahan bagi peserta dan calon peserta JKN. Jika ada kendala, Anda dapat menghubungi Care Center BPJS Kesehatan melalui nomor 165 (24 jam). Terima kasih.;2025-12-12 07:11:16;;;;;;;;
c356dca4-e623-48ee-81d7-6dfa8acdd320;Sutrisno Fauzan;https://play-lh.googleusercontent.com/a-/ALV-UjUmwT4PbPZ9G7qdWH3sqmxLJCwn6TPAjMFf3nGmNi-GLcKAAzI;"pling gk suka klo log out sendiri, mau masuk lagi susahnya minta ampun, captcha cuma loading mulu pdhal jaringan aman"" saja.";1;0;4.14.0;2025-12-05 23:41:48;Hi... Terima kasih atas review dan rating yang diberikan. Kami akan terus melakukan perbaikan dan penyempurnaan aplikasi Mobile JKN untuk memberikan kemudahan bagi peserta dan calon peserta JKN. Jika ada kendala, Anda dapat menghubungi Care Center BPJS Kesehatan melalui nomor 165 (24 jam). Terima kasih.;2025-12-12 07:12:38;4.14.0;;;;;;;
7bcd7499-0e0d-4c9f-ad1a-fd0205786f0a;Linda;https://play-lh.googleusercontent.com/a-/ALV-UjVWRXJ590MjreHYbEtu3E1j8lPAUNIC7ZZNJWvwEc3FDJMJRcwa;saya mau login ulang tidak bisa, karena kode otp tidak masuk terus. tidak bisa minta bantuan ke operator aplikasi. di pertimbangkan lagi untuk bikin aplikasi, soalnya saya sudah 2 hari berusaha tidak pernah berhasil.;1;0;4.14.0;2025-12-05 23:37:12;Mohon maaf atas ketidaknyamanannya. Update terbaru bertujuan untuk memberikan keamanan dan kenyamanan Peserta. Jika terjadi kendala, Anda dapat menyampaikan laporan melalui email ke carecenter@bpjs-kesehatan.go.id. Terima kasih.;2025-12-12 07:13:05;4.14.0;;;;;;;
70548dc2-20fa-4422-b415-5fb8e6bda222;Mutimatus zahro Mutim;https://play-lh.googleusercontent.com/a/ACg8ocKNZEI_mVzTb7ULLCOqjAq-AEmvgLPuZFBC7NG3J0HR33ES1g=mo;gajelas, logout sendiri giliran login lagi ga bisa anehh;1;0;4.14.0;2025-12-05 23:34:40;"Mohon maaf atas ketidaknyamanannya. Jika Anda sudah memiliki user Pengguna Mobile JKN, dapat langsung masuk/login dengan menginput NIK KTP dan password yang sudah didaftarkan. atau lakukan registrasi Pengguna Mobile JKN terlebih dahulu (jika belum terdaftar user Mobile JKN) dengan memilih ""Daftar"". Terima kasih.";2025-12-12 07:13:00;4.14.0;;;;;;;
2e343438-ac53-4e15-96f4-99644bc27016;Tofik Afandi;https://play-lh.googleusercontent.com/a-/ALV-UjWpTDqaxrTSHK4jGfkvW2aJql6U9_2ks1uuCT_eRPIlPRdoFys;ini gimana sih orang mau berobat jadi susah malah harus login ulang. udah masukin semua nya bener tetep aja salah ga jelas bgt.;1;0;;2025-12-05 23:13:25;Mohon maaf atas ketidaknyamanannya. Kami akan terus melakukan perbaikan dan penyempurnaan aplikasi Mobile JKN untuk memberikan kemudahan bagi peserta dan calon peserta JKN. Jika ada kendala, Anda dapat menghubungi Care Center BPJS Kesehatan melalui nomor 165 (24 jam). Terima kasih.;2025-12-12 07:13:21;;;;;;;;
55e8c2c9-db85-41cf-a9bd-521be3305b6c;Arwan Syah;https://play-lh.googleusercontent.com/a/ACg8ocIfE4JOl54-dqZqjxaAUPphZZPdPYVi91h20dickV6TwJYrJg=mo;mantap;5;0;4.14.0;2025-12-05 23:08:10;Hi... Terima kasih atas review dan rating yang diberikan. Kami akan terus melakukan perbaikan dan penyempurnaan aplikasi Mobile JKN untuk memberikan kemudahan bagi peserta dan calon peserta JKN. Jika ada kendala, Anda dapat menghubungi Care Center BPJS Kesehatan melalui nomor 165 (24 jam). Terima kasih.;2025-12-12 07:12:43;4.14.0;;;;;;;
5ade7a3e-05a4-4225-95fd-1f525849cdf9;Ssh Calluler;https://play-lh.googleusercontent.com/a-/ALV-UjWYKrMOxAi9B4JSv6iJVu47nnXrJie7MaBhzrw_HpDB9Hw0y_8;pelayanan burum untuk ambil antrean gagal terus harus diulang beratus ratus kali baru bisa.. kalau belum diperbaiki belum tak kasih bintang 5;1;0;;2025-12-05 22:43:52;Hi... Terima kasih atas review dan rating yang diberikan. Kami akan terus melakukan perbaikan dan penyempurnaan aplikasi Mobile JKN untuk memberikan kemudahan bagi peserta dan calon peserta JKN. Jika ada kendala, Anda dapat menghubungi Care Center BPJS Kesehatan melalui nomor 165 (24 jam). Terima kasih.;2025-12-12 07:12:43;;;;;;;;
444e4229-df75-4766-b512-e3b23d4305e1;Warnalima;https://play-lh.googleusercontent.com/a-/ALV-UjX1CiAs2kKZOkZvgW7t1-PeTdwuB-wX8c4JnN93AqNFmGtOdj24;tolong di perbaiki server ke RS tidak tersambung udh cpk² bkin rujukan pas mau buat malah server terputus;5;0;4.14.0;2025-12-05 22:36:46;"Mohon maaf atas ketidaknyamanannya. Jika Anda sudah memiliki user Pengguna Mobile JKN, dapat langsung masuk/login dengan menginput NIK KTP dan password yang sudah didaftarkan. atau lakukan registrasi Pengguna Mobile JKN terlebih dahulu (jika belum terdaftar user Mobile JKN) dengan memilih ""Daftar"". Terima kasih.";2025-12-12 07:12:56;4.14.0;;;;;;;
4d789720-4c91-4f3c-b1f4-c513225745f8;Rizky Maulana;https://play-lh.googleusercontent.com/a-/ALV-UjX6Ar14oqLzAwnlDpAnRul2Rg7Zap-EcOvtl8ZzCWO947dOCD0k;ini apk m-banking apa kesehatan;1;0;4.14.0;2025-12-05 22:14:44;Mohon maaf atas ketidaknyamanannya. Update terbaru bertujuan untuk memberikan keamanan dan kenyamanan Peserta. Jika terjadi kendala, Anda dapat menyampaikan laporan melalui email ke carecenter@bpjs-kesehatan.go.id. Terima kasih.;2025-12-12 07:13:09;4.14.0;;;;;;;
9dbc456c-ca69-40e6-886b-2700e0ccbcb9;mikael soep;https://play-lh.googleusercontent.com/a-/ALV-UjXe-iCnYWK1F0LV5mZgCKEgtjo4O27LDgEtL9UThF4XPoKb3Xs;log out terus pas mau login eror, ga bisa kirim otp pdhl nomer sudah benar. ga bener bgt..;2;0;4.14.0;2025-12-05 21:46:35;"Mohon maaf atas ketidaknyamanannya. Jika Anda sudah memiliki user Pengguna Mobile JKN, dapat langsung masuk/login dengan menginput NIK KTP dan password yang sudah didaftarkan. atau lakukan registrasi Pengguna Mobile JKN terlebih dahulu (jika belum terdaftar user Mobile JKN) dengan memilih ""Daftar"". Terima kasih.";2025-12-12 07:12:53;4.14.0;;;;;;;
4ef359d3-1edd-485b-9111-19b9dee6f3d7;Usi Fausi;https://play-lh.googleusercontent.com/a-/ALV-UjX4-FfC5HTlifb03La7Mhk1dy1ykBRfWsezTkvT-dWlbWAaY-4;aplikasi yg bukan memudahkan malah mempersulit penggunanya apalagi buat lansia,sering logout sendiri;1;0;4.14.0;2025-12-05 20:21:39;Hi... Terima kasih atas review dan rating yang diberikan. Kami akan terus melakukan perbaikan dan penyempurnaan aplikasi Mobile JKN untuk memberikan kemudahan bagi peserta dan calon peserta JKN. Jika ada kendala, Anda dapat menghubungi Care Center BPJS Kesehatan melalui nomor 165 (24 jam). Terima kasih.;2025-12-12 07:12:47;4.14.0;;;;;;;
9cbc0a64-4bb1-4d2f-83d8-572a04390bab;Zul Hansyah;https://play-lh.googleusercontent.com/a/ACg8ocIqR3KBoPGdJEbfBlJbTVefPGFJp5-1gftYgSPgaU05zzjnwg=mo;kenapa sekarang buat daftar antrean aja susah . harus sudah skirining medis dan harus daftar pasien baru tapi gagal terus ,harusnya semakin update semakin mudah kan;1;0;;2025-12-05 19:33:31;Hi... Terima kasih atas review dan rating yang diberikan. Kami akan terus melakukan perbaikan dan penyempurnaan aplikasi Mobile JKN untuk memberikan kemudahan bagi peserta dan calon peserta JKN. Jika ada kendala, Anda dapat menghubungi Care Center BPJS Kesehatan melalui nomor 165 (24 jam). Terima kasih.;2025-12-12 07:18:13;;;;;;;;
2f9db15f-488a-4ed9-a104-ef21a0adf346;Esti Sukiswati;https://play-lh.googleusercontent.com/a/ACg8ocK1TTYrD_qpS0qH-G8KgryWId_LGLHvz-td-5hbFS3ARADaxQ=mo;mudah di kases;5;0;4.14.0;2025-12-05 17:49:36;"Mohon maaf atas ketidaknyamanannya. Jika Anda sudah memiliki user Pengguna Mobile JKN, dapat langsung masuk/login dengan menginput NIK KTP dan password yang sudah didaftarkan. atau lakukan registrasi Pengguna Mobile JKN terlebih dahulu (jika belum terdaftar user Mobile JKN) dengan memilih ""Daftar"". Terima kasih.";2025-12-12 07:18:41;4.14.0;;;;;;;
22e8a29c-a93d-4a24-ad7c-a35d34af7c10;Reva Ramadhan;https://play-lh.googleusercontent.com/a-/ALV-UjWN8J3Jd44Rtr68ISa6VZHr5wgK7bHQ6n5pDaL5cMEHGg0bCVNp;sangat memudahkan pengguna;5;0;;2025-12-05 17:47:48;"Mohon maaf atas ketidaknyamanannya. Jika Anda sudah memiliki user Pengguna Mobile JKN, dapat langsung masuk/login dengan menginput NIK KTP dan password yang sudah didaftarkan. atau lakukan registrasi Pengguna Mobile JKN terlebih dahulu (jika belum terdaftar user Mobile JKN) dengan memilih ""Daftar"". Terima kasih.";2025-12-12 07:18:47;;;;;;;;
0bea8ef7-6a75-439a-befb-0201afad7270;Farisa Rahmadani;https://play-lh.googleusercontent.com/a-/ALV-UjWfAq7YTqzPi5A5NyKzpinSskmK5_0nOKBxd1xSYDlLK3t6eTgU;bagsu;5;0;4.14.0;2025-12-05 16:32:45;Hi... Terima kasih atas review dan rating yang diberikan. Kami akan terus melakukan perbaikan dan penyempurnaan aplikasi Mobile JKN untuk memberikan kemudahan bagi peserta dan calon peserta JKN. Jika ada kendala, Anda dapat menghubungi Care Center BPJS Kesehatan melalui nomor 165 (24 jam). Terima kasih.;2025-12-12 07:18:20;4.14.0;;;;;;;
208deae4-3a32-4629-ac91-b7986683adec;Nilam Fatihah;https://play-lh.googleusercontent.com/a-/ALV-UjWGAek1lPgq71KtRfVEs93uILwFiZBbwD3tr5aBQeo41TCOJRog;kenapa harus verifikasi ulang terus ? padahal pembayaran BPJS lancar dipotong dari gaji, mohon diperbaiki layanan nya;1;0;4.14.0;2025-12-05 16:23:41;"Mohon maaf atas ketidaknyamanannya. Jika Anda sudah memiliki user Pengguna Mobile JKN, dapat langsung masuk/login dengan menginput NIK KTP dan password yang sudah didaftarkan. atau lakukan registrasi Pengguna Mobile JKN terlebih dahulu (jika belum terdaftar user Mobile JKN) dengan memilih ""Daftar"". Terima kasih.";2025-12-12 07:18:58;4.14.0;;;;;;;
8b19bb9b-ca08-4819-9089-379245206cb4;Nila Putri;https://play-lh.googleusercontent.com/a/ACg8ocJN5EZmsBU_pTSYXup-EesPxKXAcSLi6UjOcsDosS8oXa4Etw=mo;Sangat baik;5;0;4.14.0;2025-12-05 16:01:00;"Mohon maaf atas ketidaknyamanannya. Jika Anda sudah memiliki user Pengguna Mobile JKN, dapat langsung masuk/login dengan menginput NIK KTP dan password yang sudah didaftarkan. atau lakukan registrasi Pengguna Mobile JKN terlebih dahulu (jika belum terdaftar user Mobile JKN) dengan memilih ""Daftar"". Terima kasih.";2025-12-12 07:18:36;4.14.0;;;;;;;
b9d8135f-5a1e-447a-891c-2b7c989eb66c;Jajat Rizal;https://play-lh.googleusercontent.com/a/ACg8ocLVxJ0AIEu0xxcuuw6g0YF62KYHiRhb8azaTgatDZJWPs0-gw=mo;sangat membantu , mempermudah pasien good;5;0;;2025-12-05 15:54:49;Hi... Terima kasih atas review dan rating yang diberikan. Kami akan terus melakukan perbaikan dan penyempurnaan aplikasi Mobile JKN untuk memberikan kemudahan bagi peserta dan calon peserta JKN. Jika ada kendala, Anda dapat menghubungi Care Center BPJS Kesehatan melalui nomor 165 (24 jam). Terima kasih.;2025-12-12 07:18:26;;;;;;;;
a3af8b3d-7a1d-4871-805a-fd8027eb6807;Lutvi Febriyanti;https://play-lh.googleusercontent.com/a/ACg8ocJUSIcCJ45cSDHzKfRCbiKqyPwIc7GSv1AqGjCx94bdmsOC4w=mo;bagus;4;0;4.14.0;2025-12-05 15:46:29;Hi... Terima kasih atas review dan rating yang diberikan. Kami akan terus melakukan perbaikan dan penyempurnaan aplikasi Mobile JKN untuk memberikan kemudahan bagi peserta dan calon peserta JKN. Jika ada kendala, Anda dapat menghubungi Care Center BPJS Kesehatan melalui nomor 165 (24 jam). Terima kasih.;2025-12-12 07:18:28;4.14.0;;;;;;;
3a7afdd9-0a27-4c48-957a-21a571505646;Indra Wijaya;https://play-lh.googleusercontent.com/a-/ALV-UjV6h1yubSiN8CqR3osJ8-2cSaU8CgzvqVrGTP2A-nx6feZIHBOV;Mantap,tapi sayangnya terkadang ada beberap RS tidak memakai antrian di JKN;5;0;4.14.0;2025-12-05 15:01:46;Hi... Terima kasih atas review dan rating yang diberikan. Kami akan terus melakukan perbaikan dan penyempurnaan aplikasi Mobile JKN untuk memberikan kemudahan bagi peserta dan calon peserta JKN. Jika ada kendala, Anda dapat menghubungi Care Center BPJS Kesehatan melalui nomor 165 (24 jam). Terima kasih.;2025-12-12 07:18:32;4.14.0;;;;;;;
1d20ca07-c80f-4cdf-a9ea-4ff7d7dcd742;Aris Somay;https://play-lh.googleusercontent.com/a-/ALV-UjXHQ9aQg_Bl_A37lAldXHZna6omk00EuMDJ0whirlJOc06i-H8;aplikasi ini memberikan kemudahan bagi Saya dalam banyak hal tentang pelayanan dan fasilitas kesehatan .;5;0;4.14.0;2025-12-05 15:01:44;Hi... Terima kasih atas review dan rating yang diberikan. Kami akan terus melakukan perbaikan dan penyempurnaan aplikasi Mobile JKN untuk memberikan kemudahan bagi peserta dan calon peserta JKN. Jika ada kendala, Anda dapat menghubungi Care Center BPJS Kesehatan melalui nomor 165 (24 jam). Terima kasih.;2025-12-12 07:18:33;4.14.0;;;;;;;
3c9721ef-c4c3-4da3-8700-1ad3b54bf57a;Alvino Sport;https://play-lh.googleusercontent.com/a-/ALV-UjUSKznQxaIOAywbZ9vjr0nXGqStXuGtDpN4ItE5PH9W-L_dsSM;hai admin, kenapa ganti faskes tidak bisa dilakukan melalui aplikasi ini? ada perbaikan terus katanya. kapan ya bener lagi aplikasinya?;1;0;4.14.0;2025-12-05 14:48:29;Hi... Terima kasih atas review dan rating yang diberikan. Kami akan terus melakukan perbaikan dan penyempurnaan aplikasi Mobile JKN untuk memberikan kemudahan bagi peserta dan calon peserta JKN. Jika ada kendala, Anda dapat menghubungi Care Center BPJS Kesehatan melalui nomor 165 (24 jam). Terima kasih.;2025-12-12 07:31:20;4.14.0;;;;;;;
63f9ebbd-6c68-48b5-982b-b5e2c315d700;heri boncos;https://play-lh.googleusercontent.com/a/ACg8ocKDZ_SwEtg80nU8YTJDiIimHZLoyN0w7AYxKYOajXT9H7eqYg=mo;🙏;5;0;4.14.0;2025-12-05 14:44:41;Hi... Terima kasih atas review dan rating yang diberikan. Kami akan terus melakukan perbaikan dan penyempurnaan aplikasi Mobile JKN untuk memberikan kemudahan bagi peserta dan calon peserta JKN. Jika ada kendala, Anda dapat menghubungi Care Center BPJS Kesehatan melalui nomor 165 (24 jam). Terima kasih.;2025-12-12 07:31:20;4.14.0;;;;;;;
716f8666-034e-4f69-ab1e-45b1460cf3bd;Sri Untari;https://play-lh.googleusercontent.com/a/ACg8ocIBkMhACmPj8RfG2Bfpavq7sGKq-fD3mYZBTTgoRLa2wbfszg=mo;app nggak ngedukung screenshot LG. padahal booking RS buat bapak mertua. sy ga bisa nemenin. mertua ga bisa booking sendiri meskipun ada hp nya. tolong dong screenshot dibolehin lagi. biar kita yg ngurusin ortu yg lagi sakit ketika ga bisa nemenin yg gantiin jadi tau nmr antriannya. lebih ringkas juga ga perlu ngetik rawan salah nmr antrian juga.;1;0;4.14.0;2025-12-05 14:43:44;"Mohon maaf atas ketidaknyamanannya. Jika Anda sudah memiliki user Pengguna Mobile JKN, dapat langsung masuk/login dengan menginput NIK KTP dan password yang sudah didaftarkan. atau lakukan registrasi Pengguna Mobile JKN terlebih dahulu (jika belum terdaftar user Mobile JKN) dengan memilih ""Daftar"". Terima kasih.";2025-12-12 07:32:07;4.14.0;;;;;;;
ddb2ac07-5deb-44a3-a5b1-261b5fa47f58;Rohim Rohim;https://play-lh.googleusercontent.com/a/ACg8ocJgCmXF4JeRgmq517IRv6fHNuIgJp4jmW90iKSZzMZXKJXnhw=mo;sangat membantu dg sangat mudah;5;0;4.14.0;2025-12-05 14:28:16;Hi... Terima kasih atas review dan rating yang diberikan. Kami akan terus melakukan perbaikan dan penyempurnaan aplikasi Mobile JKN untuk memberikan kemudahan bagi peserta dan calon peserta JKN. Jika ada kendala, Anda dapat menghubungi Care Center BPJS Kesehatan melalui nomor 165 (24 jam). Terima kasih.;2025-12-12 07:31:27;4.14.0;;;;;;;
33d4efe7-fe90-427c-8db7-d86c823e4520;yunus sutanto;https://play-lh.googleusercontent.com/a-/ALV-UjVqSFBMjsVyT4z6clsA3OfDgDgQ1GjCxLZFj7SdoGcOvGMdr4Y;apk tolol sumpah,pas buka apk nya selalu offline padahal pakai wifi offline darimana coba apk bosokk!!!!;1;0;4.12.0;2025-12-05 14:25:21;Hi... Terima kasih atas review dan rating yang diberikan. Kami akan terus melakukan perbaikan dan penyempurnaan aplikasi Mobile JKN untuk memberikan kemudahan bagi peserta dan calon peserta JKN. Jika ada kendala, Anda dapat menghubungi Care Center BPJS Kesehatan melalui nomor 165 (24 jam). Terima kasih.;2025-12-12 07:31:32;4.12.0;;;;;;;
3a9bf573-1a4d-49ac-84bf-abb10e95cf99;Nur Hidayat;https://play-lh.googleusercontent.com/a-/ALV-UjVM3np-5-j9K9BM8HZ-x9j9TF3t2MPVqbQqDhZuBMKubuDAoOlM;sudah bayar lunas tapi status di beranda atas jkn masih berstatus tdk aktif, mohon diperbaiki lagi apk nya;2;0;4.14.0;2025-12-05 14:07:28;Hi... Terima kasih atas review dan rating yang diberikan. Kami akan terus melakukan perbaikan dan penyempurnaan aplikasi Mobile JKN untuk memberikan kemudahan bagi peserta dan calon peserta JKN. Jika ada kendala, Anda dapat menghubungi Care Center BPJS Kesehatan melalui nomor 165 (24 jam). Terima kasih.;2025-12-12 07:31:33;4.14.0;;;;;;;
577dc491-c7fd-48c3-b6e8-411239cac7f6;Nasmi Naila;https://play-lh.googleusercontent.com/a/ACg8ocKFqJjmF_7WsBmir4n5D2O8EOa4XaW3zDanruXZSUduKjlEuQ=mo;sangat membantu sekali trimakasih mobil JKN;5;0;4.14.0;2025-12-05 14:06:49;"Mohon maaf atas ketidaknyamanannya. Jika Anda sudah memiliki user Pengguna Mobile JKN, dapat langsung masuk/login dengan menginput NIK KTP dan password yang sudah didaftarkan. atau lakukan registrasi Pengguna Mobile JKN terlebih dahulu (jika belum terdaftar user Mobile JKN) dengan memilih ""Daftar"". Terima kasih.";2025-12-12 07:32:11;4.14.0;;;;;;;
e4f6ffea-3b93-4cb3-b961-64f2c9eafe5a;muhamad harun;https://play-lh.googleusercontent.com/a/ACg8ocKQwE5wtAqLU39mS7yTbwuPSzA4dzq50B-LFP7viU_vFY0pmg=mo;jos;4;0;4.14.0;2025-12-05 13:58:03;Hi... Terima kasih atas review dan rating yang diberikan. Kami akan terus melakukan perbaikan dan penyempurnaan aplikasi Mobile JKN untuk memberikan kemudahan bagi peserta dan calon peserta JKN. Jika ada kendala, Anda dapat menghubungi Care Center BPJS Kesehatan melalui nomor 165 (24 jam). Terima kasih.;2025-12-12 07:31:38;4.14.0;;;;;;;
d9e6b32e-2cbb-4147-af18-67594d445240;Usman syah;https://play-lh.googleusercontent.com/a-/ALV-UjWvW-0XMB2O_kmXi-oUOyCtTM5p9F18gE6goIm7RkuaXhxtZ1dM;luar biasa;5;0;4.14.0;2025-12-05 13:34:08;Hi... Terima kasih atas review dan rating yang diberikan. Kami akan terus melakukan perbaikan dan penyempurnaan aplikasi Mobile JKN untuk memberikan kemudahan bagi peserta dan calon peserta JKN. Jika ada kendala, Anda dapat menghubungi Care Center BPJS Kesehatan melalui nomor 165 (24 jam). Terima kasih.;2025-12-12 07:31:41;4.14.0;;;;;;;
12c6fef3-2f62-42ff-bfac-3a90f2f44981;Liza Adrianova;https://play-lh.googleusercontent.com/a/ACg8ocIGRgyJ2mYmFAalD-tJnsqcKVAPzFogDFA-czUQ3TWOh2s0og=mo;smoga kita sll sehat;5;0;;2025-12-05 13:30:49;"Mohon maaf atas ketidaknyamanannya. Jika Anda sudah memiliki user Pengguna Mobile JKN, dapat langsung masuk/login dengan menginput NIK KTP dan password yang sudah didaftarkan. atau lakukan registrasi Pengguna Mobile JKN terlebih dahulu (jika belum terdaftar user Mobile JKN) dengan memilih ""Daftar"". Terima kasih.";2025-12-12 07:32:26;;;;;;;;
1413eb3f-6016-4ab6-a10e-ef3987fc21b1;nemin aja;https://play-lh.googleusercontent.com/a/ACg8ocJu3RdmsAP65gyBnqar4VCbhQXtpewMd3oucU_iG-6eiwwEGw=mo;mantap;5;0;;2025-12-05 13:27:40;Hi... Terima kasih atas review dan rating yang diberikan. Kami akan terus melakukan perbaikan dan penyempurnaan aplikasi Mobile JKN untuk memberikan kemudahan bagi peserta dan calon peserta JKN. Jika ada kendala, Anda dapat menghubungi Care Center BPJS Kesehatan melalui nomor 165 (24 jam). Terima kasih.;2025-12-12 07:32:56;;;;;;;;
c783ff71-7977-430a-b7f7-5aa5c692669d;Agus Supriyadi;https://play-lh.googleusercontent.com/a/ACg8ocIqxcJzKzzTNQbTd2Gzwwww6i2GyIppyUrEfyEL85NsGht5bQ=mo;update nya nyusahin pengguna, mau login capta nya loading terus;1;0;4.14.0;2025-12-05 12:47:39;Hi... Terima kasih atas review dan rating yang diberikan. Kami akan terus melakukan perbaikan dan penyempurnaan aplikasi Mobile JKN untuk memberikan kemudahan bagi peserta dan calon peserta JKN. Jika ada kendala, Anda dapat menghubungi Care Center BPJS Kesehatan melalui nomor 165 (24 jam). Terima kasih.;2025-12-12 07:32:56;4.14.0;;;;;;;
387e05ee-1160-47d7-91bd-d97d709d4c87;Budi Tjahjono;https://play-lh.googleusercontent.com/a/ACg8ocLRpEebbNMKqqQ2XFmxMBGGCCe6XbAEVUPbHWAfENxGiKDnMg=mo;jos banget;5;0;;2025-12-05 12:25:26;Hi... Terima kasih atas review dan rating yang diberikan. Kami akan terus melakukan perbaikan dan penyempurnaan aplikasi Mobile JKN untuk memberikan kemudahan bagi peserta dan calon peserta JKN. Jika ada kendala, Anda dapat menghubungi Care Center BPJS Kesehatan melalui nomor 165 (24 jam). Terima kasih.;2025-12-12 07:32:52;;;;;;;;
59bce97e-7cfb-4cf0-8b47-3202a0c5aa1f;Sumini;https://play-lh.googleusercontent.com/a-/ALV-UjWWOLBvs68mKJqnR6evNPz51E5neSyt-HuF3d5HQ8UI-QOsFWUM;ol;5;0;4.14.0;2025-12-05 12:16:59;Hi... Terima kasih atas review dan rating yang diberikan. Kami akan terus melakukan perbaikan dan penyempurnaan aplikasi Mobile JKN untuk memberikan kemudahan bagi peserta dan calon peserta JKN. Jika ada kendala, Anda dapat menghubungi Care Center BPJS Kesehatan melalui nomor 165 (24 jam). Terima kasih.;2025-12-12 07:32:51;4.14.0;;;;;;;
8d514688-3398-4699-82e6-a2cbd1c324d4;Sonya Regar;https://play-lh.googleusercontent.com/a/ACg8ocIo8xh2psieFWCIwRdkZJLB-ahssmN98Wfg5pKpbNY-tYuqNg=mo;Alhamdulillah;5;0;4.13.1;2025-12-05 12:05:49;Hi... Terima kasih atas review dan rating yang diberikan. Kami akan terus melakukan perbaikan dan penyempurnaan aplikasi Mobile JKN untuk memberikan kemudahan bagi peserta dan calon peserta JKN. Jika ada kendala, Anda dapat menghubungi Care Center BPJS Kesehatan melalui nomor 165 (24 jam). Terima kasih.;2025-12-12 07:32:42;4.13.1;;;;;;;
1d7b7402-3e9b-4b1a-811a-102cf8dbd3df;Noval Putra;https://play-lh.googleusercontent.com/a/ACg8ocLNuQ8WpKoFSQKUKSZzXIpb47ADybQBzGvpuJnszOGhmDrBcw=mo;good;5;0;4.14.0;2025-12-05 12:03:11;Hi... Terima kasih atas review dan rating yang diberikan. Kami akan terus melakukan perbaikan dan penyempurnaan aplikasi Mobile JKN untuk memberikan kemudahan bagi peserta dan calon peserta JKN. Jika ada kendala, Anda dapat menghubungi Care Center BPJS Kesehatan melalui nomor 165 (24 jam). Terima kasih.;2025-12-12 07:32:43;4.14.0;;;;;;;
9481a1b5-62a7-49b0-9779-c3dfbf9df2da;Korsiana Dupa;https://play-lh.googleusercontent.com/a/ACg8ocLJCWacI95eYClAJIWz8TQ2gIjp4pfX1IHJdCGRUo83h_-iLg=mo;sudah di nonaktifkan lama dari perusahaan kenapa tetap kena denda yang harus di bayar kalau mau di aktifkan lagi;1;0;4.14.0;2025-12-05 11:54:32;Hi... Terima kasih atas review dan rating yang diberikan. Kami akan terus melakukan perbaikan dan penyempurnaan aplikasi Mobile JKN untuk memberikan kemudahan bagi peserta dan calon peserta JKN. Jika ada kendala, Anda dapat menghubungi Care Center BPJS Kesehatan melalui nomor 165 (24 jam). Terima kasih.;2025-12-12 07:32:41;4.14.0;;;;;;;
31e36c23-9e80-4b39-aee9-82e15acead21;Jumatiyah Ajja;https://play-lh.googleusercontent.com/a/ACg8ocLil4lVY9HPCxV8nenefyyqrckAg9V2sj9oGyshkoVD7VDn7Q=mo;oke baik;5;0;4.14.0;2025-12-05 11:44:45;Hi... Terima kasih atas review dan rating yang diberikan. Kami akan terus melakukan perbaikan dan penyempurnaan aplikasi Mobile JKN untuk memberikan kemudahan bagi peserta dan calon peserta JKN. Jika ada kendala, Anda dapat menghubungi Care Center BPJS Kesehatan melalui nomor 165 (24 jam). Terima kasih.;2025-12-12 07:32:38;4.14.0;;;;;;;
589d3902-7032-41f3-87ef-7f18ab657bbe;Faisal N Izzaturrohman;https://play-lh.googleusercontent.com/a-/ALV-UjVzG3QyT9N1hRMt5ppnuj5BHT6QyCFRdJsFX4ckmKpz6R1wzEI;Aplikasi mudah digunakan, semoga BPJS semakin baik dlm memberikan layanan.;5;0;4.14.0;2025-12-05 11:40:48;Hi... Terima kasih atas review dan rating yang diberikan. Kami akan terus melakukan perbaikan dan penyempurnaan aplikasi Mobile JKN untuk memberikan kemudahan bagi peserta dan calon peserta JKN. Jika ada kendala, Anda dapat menghubungi Care Center BPJS Kesehatan melalui nomor 165 (24 jam). Terima kasih.;2025-12-12 07:32:38;4.14.0;;;;;;;
86c17e0b-f75d-4039-87b3-4a020580733a;eka winda wijayati;https://play-lh.googleusercontent.com/a-/ALV-UjU5y_DLjOfPxc-k1axFw21d6SsJHHuFNJs5cqOqwTCpsu5KXYA;baguss jkn sangat membantu;5;0;4.14.0;2025-12-05 11:37:35;Hi... Terima kasih atas review dan rating yang diberikan. Kami akan terus melakukan perbaikan dan penyempurnaan aplikasi Mobile JKN untuk memberikan kemudahan bagi peserta dan calon peserta JKN. Jika ada kendala, Anda dapat menghubungi Care Center BPJS Kesehatan melalui nomor 165 (24 jam). Terima kasih.;2025-12-12 07:33:04;4.14.0;;;;;;;
2ed82700-8a05-4576-b726-6de4415a75a8;Cha Idrul Wahid;https://play-lh.googleusercontent.com/a/ACg8ocIZEMxVW4sXbjM7DtWnCvM9VxG9I7QK24R9NtzoAdByuDnsfA=mo;mantap;5;0;;2025-12-05 11:31:15;Hi... Terima kasih atas review dan rating yang diberikan. Kami akan terus melakukan perbaikan dan penyempurnaan aplikasi Mobile JKN untuk memberikan kemudahan bagi peserta dan calon peserta JKN. Jika ada kendala, Anda dapat menghubungi Care Center BPJS Kesehatan melalui nomor 165 (24 jam). Terima kasih.;2025-12-12 07:33:06;;;;;;;;
d6460f23-d48e-4878-a200-a7516a661e40;KETUM WTC;https://play-lh.googleusercontent.com/a/ACg8ocJA4jaZT1e7wEv0pUWH1XScxi4psJoZfDpN5snrW_40XDtgYQ=mo;pengalaman saya di suruh oleh farmasi cobak bukak antrian jkn dan di anjurkan begadang soalnya rebutan nomer , lalu saya begadang tepat nya jm 00 pagi nyatanya apk nya eror dan saya terlajur dapat nomer jauh sekali 45 dan saat kunjungan dokternya pun molor ..... keadaan istri lagi hamil tua dan ibunya ngidap hipatitis . saya nunggu bisa masuk hapir 4,5 jm .....tolong perbaiki apk .....;2;0;;2025-12-05 11:14:17;Hi... Terima kasih atas review dan rating yang diberikan. Kami akan terus melakukan perbaikan dan penyempurnaan aplikasi Mobile JKN untuk memberikan kemudahan bagi peserta dan calon peserta JKN. Jika ada kendala, Anda dapat menghubungi Care Center BPJS Kesehatan melalui nomor 165 (24 jam). Terima kasih.;2025-12-12 07:33:10;;;;;;;;
e45011e8-5e9d-4247-8677-71a379f65ee7;Margo Utomo;https://play-lh.googleusercontent.com/a/ACg8ocLMR9xdPokN14zoIExAhcvLitowBgpZCNSvfwlncmUcok_ynw=mo;terima kasih;5;0;4.14.0;2025-12-05 11:10:07;Mohon maaf atas ketidaknyamanannya. Alamat yang tertera di KIS merupakan data alamat yang sesuai dengan data KTP Anda. Jika terdapat perbedaan / perubahan, Anda dapat melaporkannya melalui layanan administrasi PANDAWA melalui nomor 0811-8165-165. Terima kasih.;2025-12-12 07:34:12;4.14.0;;;;;;;
e8291ced-ea7d-41da-8781-97f29bf938a5;Mahful Jamal;https://play-lh.googleusercontent.com/a/ACg8ocKCQBUzkL5FJEpLEOCpYwuCJZW2MHeqMgoT_nS464yfQcUU2xo=mo;sekarang ribet bangat mau daftar aja susah.;1;0;4.14.0;2025-12-05 10:59:19;Hi... Terima kasih atas review dan rating yang diberikan. Kami akan terus melakukan perbaikan dan penyempurnaan aplikasi Mobile JKN untuk memberikan kemudahan bagi peserta dan calon peserta JKN. Jika ada kendala, Anda dapat menghubungi Care Center BPJS Kesehatan melalui nomor 165 (24 jam). Terima kasih.;2025-12-12 07:33:14;4.14.0;;;;;;;
0ca47de9-a778-4be3-ab9c-26158e266082;Novita Sari Puspa;https://play-lh.googleusercontent.com/a/ACg8ocJC96gv21QDKmoTdZjtEER3QL3dirIJkD8Aa5jaEApt-Sik2A=mo;tidak bisa menerima kode verifikasi, aplikasinya juga semakin susah untuk digunakan;1;0;4.14.0;2025-12-05 10:51:00;Mohon maaf atas ketidaknyamanannya. Jika Anda memilih metode verifikasi menggunakan nomor HP pastikan jaringan baik dan nomor HP yang terdaftar adalah nomor HP prabayar yang aktif dengan pulsa yang mencukupi agar kode OTP dapat masuk. Terima kasih.;2025-12-12 07:34:27;4.14.0;;;;;;;
b29f4224-1f94-4dc3-a3f4-df75a03cf401;Yun Yun;https://play-lh.googleusercontent.com/a/ACg8ocI9D_i11AziulV-SqTYVEsOHcftZvoZgmQ2E5ZIhROuXCukyQ=mo;aplikasi jelek, susah ngdeteksi wajah juga, mau daftar nya juga susah, tolong di perbaiki!! minimal pas daftar gak di susahin + ada tombol buat foto nya udah di frame kotak juga gak ke daftar² muka nya padahal internet AMAN sama CAHAYA juga udah aman Tetep gabisa udah nunggu lama juga di frame.;1;0;4.14.0;2025-12-05 10:43:56;Hi... Terima kasih atas review dan rating yang diberikan. Kami akan terus melakukan perbaikan dan penyempurnaan aplikasi Mobile JKN untuk memberikan kemudahan bagi peserta dan calon peserta JKN. Jika ada kendala, Anda dapat menghubungi Care Center BPJS Kesehatan melalui nomor 165 (24 jam). Terima kasih.;2025-12-12 07:33:21;4.14.0;;;;;;;
64e36a15-dab5-40fd-bbbc-03fd7deacf68;Jebat Sinaga;https://play-lh.googleusercontent.com/a/ACg8ocLwruD-ccJ5Fir4-gYZMnidqg8HgctK-EhpgbQEnAVrhe_dUA=mo;terimakasih BPJS;5;0;4.14.0;2025-12-05 10:31:21;Hi... Terima kasih atas review dan rating yang diberikan. Kami akan terus melakukan perbaikan dan penyempurnaan aplikasi Mobile JKN untuk memberikan kemudahan bagi peserta dan calon peserta JKN. Jika ada kendala, Anda dapat menghubungi Care Center BPJS Kesehatan melalui nomor 165 (24 jam). Terima kasih.;2025-12-12 07:33:50;4.14.0;;;;;;;
764ad5a6-58d2-4ccb-94ae-ee29b2d8fea9;Nahwan Bae;https://play-lh.googleusercontent.com/a/ACg8ocIn57cI0X6BfO9jthBjpVRIZxaHMiMpMSJJEjk21VZ1-IH82j4=mo;banyak bug;5;0;4.14.0;2025-12-05 10:28:17;Hi... Terima kasih atas review dan rating yang diberikan. Kami akan terus melakukan perbaikan dan penyempurnaan aplikasi Mobile JKN untuk memberikan kemudahan bagi peserta dan calon peserta JKN. Jika ada kendala, Anda dapat menghubungi Care Center BPJS Kesehatan melalui nomor 165 (24 jam). Terima kasih.;2025-12-12 07:33:53;4.14.0;;;;;;;
eb60950f-203a-44be-8375-7dee25a0be23;hasyim Shofyan;https://play-lh.googleusercontent.com/a/ACg8ocIupXxS6cJ_jkfg6EIqmkG1qghTz1qNJv2OOJSJeNmJSoog0w=mo;aplikasi apaan nih mau daftar tapi pas scan wajah malah tidak bisa;1;0;4.14.0;2025-12-05 10:15:11;Hi... Terima kasih atas review dan rating yang diberikan. Kami akan terus melakukan perbaikan dan penyempurnaan aplikasi Mobile JKN untuk memberikan kemudahan bagi peserta dan calon peserta JKN. Jika ada kendala, Anda dapat menghubungi Care Center BPJS Kesehatan melalui nomor 165 (24 jam). Terima kasih.;2025-12-12 07:33:56;4.14.0;;;;;;;
115d5121-1b6a-4516-9289-dc5c6afef776;Iqbal Tawakkal;https://play-lh.googleusercontent.com/a-/ALV-UjUGm_yJqNbwYYkAlJS-qw75bBCwDemogbZaXwaWmGdp_urVJUck;ribetttt slalu log out sendiriii;1;27;4.14.0;2025-12-05 10:14:48;Mohon maaf atas ketidaknyamanannya. Terkait kendala tersebut, mohon agar dapat memastikan kombinasi kata sandi yang dimasukkan. Jika masih terdapat kesalahan, dapat kami sarankan agar Bapak/Ibu memilih menu “Lupa Kata Sandi”. Selanjutnya masukkan Nomor Induk Kependudukan dan Captcha. Terima kasih.;2025-12-12 07:35:48;4.14.0;;;;;;;
854cb472-03c6-41fc-a99e-a1020bdfeee6;Ishbah Pk;https://play-lh.googleusercontent.com/a/ACg8ocJqByeRLWus1YlYoNqGptMksSuBvunqZ55tWEdTu8aWdWnBxw=mo;RIBETT . GA BISA LANGSUNG KE RS BIKIN BINGUNG PASIEN ANJRRR.;2;0;4.14.0;2025-12-05 10:11:03;Hi... Terima kasih atas review dan rating yang diberikan. Kami akan terus melakukan perbaikan dan penyempurnaan aplikasi Mobile JKN untuk memberikan kemudahan bagi peserta dan calon peserta JKN. Jika ada kendala, Anda dapat menghubungi Care Center BPJS Kesehatan melalui nomor 165 (24 jam). Terima kasih.;2025-12-12 07:34:59;4.14.0;;;;;;;
1da24308-f36c-4299-b1e4-b629f4db3dc7;Trizz Trizz;https://play-lh.googleusercontent.com/a/ACg8ocIQxOI9e8dosKtaeaTURWIy3pDBxx43aFcNTeAJNLCoX68TXw=mo;cukup baik;4;0;4.14.0;2025-12-05 09:57:28;"Mohon maaf atas ketidaknyamanannya. Jika Anda sudah memiliki user Pengguna Mobile JKN, dapat langsung masuk/login dengan menginput NIK KTP dan password yang sudah didaftarkan. atau lakukan registrasi Pengguna Mobile JKN terlebih dahulu (jika belum terdaftar user Mobile JKN) dengan memilih ""Daftar"". Terima kasih.";2025-12-12 07:35:09;4.14.0;;;;;;;
caf487cc-a11a-4668-9862-0d2f4f7bf262;satiri asayuti;https://play-lh.googleusercontent.com/a-/ALV-UjWDNR8vPF93leGL_M1OuVnHPwoOld8NW-qOmrt8tfc-lytWnxgT;mau login harus verifikasi ulang, lewat email gak bisa, harus ke sms. sedang sms harus berbayar, gak fkeksibel kayak apkikasi lain.;1;0;4.14.0;2025-12-05 09:55:21;Hi... Terima kasih atas review dan rating yang diberikan. Kami akan terus melakukan perbaikan dan penyempurnaan aplikasi Mobile JKN untuk memberikan kemudahan bagi peserta dan calon peserta JKN. Jika ada kendala, Anda dapat menghubungi Care Center BPJS Kesehatan melalui nomor 165 (24 jam). Terima kasih.;2025-12-12 07:34:57;4.14.0;;;;;;;
1719c7b7-48a0-419a-8b79-3019edebfa15;Ahmad M (Ahmad);https://play-lh.googleusercontent.com/a-/ALV-UjVL8muU5MdOQZU-BOSW4KjCtXvZy6caPXkSgYdUv7cEM9hXACHk;mantaaap;5;0;4.14.0;2025-12-05 09:51:40;Mohon maaf atas ketidaknyamanannya. Untuk kenyamanan dan keamanan dalam mendapatkan informasi dan menyampaikan pengaduan terkait program JKN-KIS, mohon dapat menyampaikan data identitas Anda melalui Care Center 165 (24 Jam) atau fitur “Pengaduan Layanan JKN” pada Mobile JKN. Terima kasih.;2025-12-12 07:35:33;4.14.0;;;;;;;
2be8ed45-2324-408e-8a09-e8b7556a516a;Dian Chandra;https://play-lh.googleusercontent.com/a-/ALV-UjXERcXadO8sNVsISYDgLuDBnVJL5FN_11_BNUTobEG0AD0U-n7UHA;males banget tiba2 logout. yg mau ambil antrian harus masuk lagi. sudah berulang kali masukkan nik tetep aja gagal. padahal itu sudah benar. tolong lah diperbaiki. jangan bikin rakyat indonesia susah. mau berobat saja sulit nya minta ampun;1;0;4.14.0;2025-12-05 09:13:57;Mohon maaf atas ketidaknyamanannya. Terkait kendala yang dialami, Anda dapat menyampaikan kendala dengan melampirkan tangkapan layar/video dengan device lain ke alamat email : carecenter@bpjs-kesehatan.go.id untuk kemudahan proses tindak lanjut. Terima kasih.;2025-11-03 04:10:30;4.14.0;;;;;;;
1a74d10f-d8c9-4428-97a5-c3cfd335dec5;Ashod Noerlen;https://play-lh.googleusercontent.com/a-/ALV-UjWOoNh9jeJk5E7RE6BjpNwv4PY9aaxm0jozwbCdNHenKGt1n5BW;lebih mudah untuk daftar berobat k RS.;5;0;4.14.0;2025-12-05 09:13:28;Mohon maaf atas ketidaknyamanannya. Untuk kenyamanan dan keamanan dalam mendapatkan informasi dan menyampaikan pengaduan terkait program JKN-KIS, mohon dapat menyampaikan data identitas Anda melalui Care Center 165 (24 Jam) atau fitur “Pengaduan Layanan JKN” pada Mobile JKN. Terima kasih.;2025-12-12 07:35:29;4.14.0;;;;;;;
48767f07-3f7a-4bb0-964b-5a104049cf5f;Dede Santoso;https://play-lh.googleusercontent.com/a/ACg8ocIBY_zg35nm0lYOb4uknDxc4i5JgRS9k1FoeFKnfoXzE3wFNTI=mo;ribet, pakai capcha segala, gunanya apa??!!!;1;0;4.14.0;2025-12-05 09:10:39;Hi... Terima kasih atas review dan rating yang diberikan. Kami akan terus melakukan perbaikan dan penyempurnaan aplikasi Mobile JKN untuk memberikan kemudahan bagi peserta dan calon peserta JKN. Jika ada kendala, Anda dapat menghubungi Care Center BPJS Kesehatan melalui nomor 165 (24 jam). Terima kasih.;2025-12-12 07:34:53;4.14.0;;;;;;;
17be9575-276b-4f82-978e-6a7671c17eac;Siti Siti;https://play-lh.googleusercontent.com/a/ACg8ocKmSDly25SitFlzTvEWzxVcUInTq7ViVm2fJQwB23uCaxZjTA=mo;👍;5;0;4.14.0;2025-12-05 09:08:33;Hi... Terima kasih atas review dan rating yang diberikan. Kami akan terus melakukan perbaikan dan penyempurnaan aplikasi Mobile JKN untuk memberikan kemudahan bagi peserta dan calon peserta JKN. Jika ada kendala, Anda dapat menghubungi Care Center BPJS Kesehatan melalui nomor 165 (24 jam). Terima kasih.;2025-12-12 07:34:52;4.14.0;;;;;;;
44d4d901-06be-4402-98d8-70b40ab5eddd;Dedi Sumpena;https://play-lh.googleusercontent.com/a/ACg8ocJBTWJscn0U-5dngjc_7dhm_Dskt_XPzd-jtjumBP3HtnN6=mo;cukup puass;5;0;4.14.0;2025-12-05 09:07:47;Hi... Terima kasih atas review dan rating yang diberikan. Kami akan terus melakukan perbaikan dan penyempurnaan aplikasi Mobile JKN untuk memberikan kemudahan bagi peserta dan calon peserta JKN. Jika ada kendala, Anda dapat menghubungi Care Center BPJS Kesehatan melalui nomor 165 (24 jam). Terima kasih.;2025-12-12 07:34:52;4.14.0;;;;;;;
42398767-b193-456b-899b-ea30cd795387;Shodik Ae;https://play-lh.googleusercontent.com/a-/ALV-UjWfe2bZ9Us0hQ7ZO9myQhP49Xy9DVgtVDg2TPc6a7eSKcNTDFc;mantap;5;0;4.14.0;2025-12-05 08:58:47;Mohon maaf atas ketidaknyamanannya. Jika Anda memilih metode verifikasi menggunakan nomor HP pastikan jaringan baik dan nomor HP yang terdaftar adalah nomor HP prabayar yang aktif dengan pulsa yang mencukupi agar kode OTP dapat masuk. Terima kasih.;2025-12-12 07:41:25;4.14.0;;;;;;;
e00625a9-6fca-48af-9223-5a1fab9c5961;NUY & NAY aja;https://play-lh.googleusercontent.com/a/ACg8ocK3sHvZVyuXbAU2PHIBTLVyDhT487XwTQBgqXQXqFLKMAFcow=mo;aplikasi ga Bisa dibuka;1;0;4.14.0;2025-12-05 08:37:21;Hi... Terima kasih atas review dan rating yang diberikan. Kami akan terus melakukan perbaikan dan penyempurnaan aplikasi Mobile JKN untuk memberikan kemudahan bagi peserta dan calon peserta JKN. Jika ada kendala, Anda dapat menghubungi Care Center BPJS Kesehatan melalui nomor 165 (24 jam). Terima kasih.;2025-12-12 07:39:52;4.14.0;;;;;;;
87962d6e-5480-4a4c-a410-2a5264ee4bc1;IzzihayS;https://play-lh.googleusercontent.com/a-/ALV-UjX6D2zAPyJHzJYu0P9t2YZ7NiEgTR4q1llP5TSQwTTSVGDk3HU;permasalahan login 3 nik di aplikasi solusi nya salah satu nik harus login ke hp lain (TIDAK SEMUA ORANG PUNYA BANYAK HP) disaran kan ke hp yg lain ,misal coba login ke hp teman lalu hp teman saya sudah login nik 2 ditambah nik yang mau saya coba login masa iya temen saya harus coba login ke teman nya lagi . gitu aja terus;1;0;4.14.0;2025-12-05 08:34:33;"Mohon maaf atas ketidaknyamanannya. Jika Anda sudah memiliki user Pengguna Mobile JKN, dapat langsung masuk/login dengan menginput NIK KTP dan password yang sudah didaftarkan. atau lakukan registrasi Pengguna Mobile JKN terlebih dahulu (jika belum terdaftar user Mobile JKN) dengan memilih ""Daftar"". Terima kasih.";2025-12-12 07:42:13;4.14.0;;;;;;;
c239c0c7-1470-4732-9cb1-5a3039f5707d;Gugun Ginanjar;https://play-lh.googleusercontent.com/a-/ALV-UjXkvcu51ChptTeoz_mQkh_mJlTqubsbcL6BUOKLjro4kimC4ZU;aplikasi nya bagus dan responsif;5;0;4.14.0;2025-12-05 07:52:36;Mohon maaf atas ketidaknyamanannya. Terkait kendala yang dialami, Anda dapat menyampaikan kendala dengan melampirkan tangkapan layar/video dengan device lain ke alamat email : carecenter@bpjs-kesehatan.go.id untuk kemudahan proses tindak lanjut. Terima kasih.;2025-12-12 07:41:59;4.14.0;;;;;;;
241d7a52-401c-47b6-ac06-e3140ff69bae;A Lin;https://play-lh.googleusercontent.com/a-/ALV-UjWLi5tuRqfuRgYG7ehx8CGHhdJhH4E7TV7JOoh349DD8e7k-OA;wellll;5;0;;2025-12-05 07:24:11;Mohon maaf atas ketidaknyamanannya. Terkait kendala yang dialami, Anda dapat menyampaikan kendala dengan melampirkan tangkapan layar/video dengan device lain ke alamat email : carecenter@bpjs-kesehatan.go.id untuk kemudahan proses tindak lanjut. Terima kasih.;2025-12-12 07:42:00;;;;;;;;
88f14ed0-c4fa-4a3d-b044-9aae47387b77;anime mania;https://play-lh.googleusercontent.com/a/ACg8ocJZluLzEviZFlQl__J4bBOxaDIuKGc9WGzHlGhrsJDNrSG_Uw=mo;Kenapa aplikasi harus logout teruss yaa setiap udah update?? mana kalau lupa kata sandi harus minta email dan sms ternyata yang kedaftar yg dulu ttep gabisa harus ngurus klik nomer pandawa bagian administrasi dann muter2 trs. tolonggg dong diperbaiki aplikasinya. kalau mau login ulang cukup pakai email lain dan gausah ke perubahan data lagi. urgentt!! untuk daftar antrian lhoo jngn dipersulit 🙃;1;0;;2025-12-05 07:19:27;Hi... Terima kasih atas review dan rating yang diberikan. Kami akan terus melakukan perbaikan dan penyempurnaan aplikasi Mobile JKN untuk memberikan kemudahan bagi peserta dan calon peserta JKN. Jika ada kendala, Anda dapat menghubungi Care Center BPJS Kesehatan melalui nomor 165 (24 jam). Terima kasih.;2025-12-12 07:39:55;;;;;;;;
5613cf80-3747-4275-b8c0-8931842b3e37;Siti Komariah;https://play-lh.googleusercontent.com/a/ACg8ocLXQNkkyHKXFd-hufzmV6w-BMIT_Aex5uCfrVxNiObTCFoQpw=mo;sangat baik;5;0;4.14.0;2025-12-05 07:11:40;Hi... Terima kasih atas review dan rating yang diberikan. Kami akan terus melakukan perbaikan dan penyempurnaan aplikasi Mobile JKN untuk memberikan kemudahan bagi peserta dan calon peserta JKN. Jika ada kendala, Anda dapat menghubungi Care Center BPJS Kesehatan melalui nomor 165 (24 jam). Terima kasih.;2025-12-12 07:39:56;4.14.0;;;;;;;
77b5c351-f329-4ded-80b0-f4a84816c29a;priyanka adhitya;https://play-lh.googleusercontent.com/a/ACg8ocJhYxVsDu55DeDspogdUrQ4Ac_IZaorHJMGcPPqAy3IEqYTeg=mo;terlalu rumit. kalo data nya lupa atau tidak di gunakan lagi. aplikasi ini tidak bisa di gunakan lagi.;1;0;4.14.0;2025-12-05 07:04:11;Hi... Terima kasih atas review dan rating yang diberikan. Kami akan terus melakukan perbaikan dan penyempurnaan aplikasi Mobile JKN untuk memberikan kemudahan bagi peserta dan calon peserta JKN. Jika ada kendala, Anda dapat menghubungi Care Center BPJS Kesehatan melalui nomor 165 (24 jam). Terima kasih.;2025-12-12 07:39:59;4.14.0;;;;;;;
5e3fe9be-8cd6-420d-8e1e-d1a192d4b4da;sap radin;https://play-lh.googleusercontent.com/a-/ALV-UjWqWNhVikodYiq8lAEvWUgSp5sO5DPhcSfYWhkiIjWBpbtz5SUY;bagus;5;0;;2025-12-05 06:29:58;Hi... Terima kasih atas review dan rating yang diberikan. Kami akan terus melakukan perbaikan dan penyempurnaan aplikasi Mobile JKN untuk memberikan kemudahan bagi peserta dan calon peserta JKN. Jika ada kendala, Anda dapat menghubungi Care Center BPJS Kesehatan melalui nomor 165 (24 jam). Terima kasih.;2025-12-12 07:37:35;;;;;;;;
d938ed28-4360-40b2-8416-b4a99692130c;Ahdi Siregar;https://play-lh.googleusercontent.com/a/ACg8ocJiOEtmTJ1uN4kp9H6OERvm2vXyFYkfV6Ft4VoZO-vFEe1G-w=mo;kenapa mau masuk susah banget...cacha nya gak muncul²... Loading lama;1;0;;2025-12-05 06:11:45;Hi... Terima kasih atas review dan rating yang diberikan. Kami akan terus melakukan perbaikan dan penyempurnaan aplikasi Mobile JKN untuk memberikan kemudahan bagi peserta dan calon peserta JKN. Jika ada kendala, Anda dapat menghubungi Care Center BPJS Kesehatan melalui nomor 165 (24 jam). Terima kasih.;2025-12-12 07:37:37;;;;;;;;
f1227399-05ad-4d47-984d-15e2953a4a89;dicki darli;https://play-lh.googleusercontent.com/a-/ALV-UjW9EaD4Ww9LzS55_iIrqvU-FxRq5wzaB8EGF0PgxMdg6XE0tjP8;tejebo;1;0;4.14.0;2025-12-05 05:56:52;Hi... Terima kasih atas review dan rating yang diberikan. Kami akan terus melakukan perbaikan dan penyempurnaan aplikasi Mobile JKN untuk memberikan kemudahan bagi peserta dan calon peserta JKN. Jika ada kendala, Anda dapat menghubungi Care Center BPJS Kesehatan melalui nomor 165 (24 jam). Terima kasih.;2025-12-12 07:43:30;4.14.0;;;;;;;
d1c715b2-1b6c-4484-8c23-34fec76ac541;Agus Gusmawan;https://play-lh.googleusercontent.com/a-/ALV-UjXlf3VSwjFWwlo7jP-8i9nBwzgK-zFcWTOX-djHHKfpgSzymuo;aplikasi terrr'menyusahkann... aturan harus daftar lewat aplikasi JKN sedangkan aplikasi preeett.. log out sendiri... pas di log in. super lalod...;1;0;4.14.0;2025-12-05 05:54:45;Hi... Terima kasih atas review dan rating yang diberikan. Kami akan terus melakukan perbaikan dan penyempurnaan aplikasi Mobile JKN untuk memberikan kemudahan bagi peserta dan calon peserta JKN. Jika ada kendala, Anda dapat menghubungi Care Center BPJS Kesehatan melalui nomor 165 (24 jam). Terima kasih.;2025-12-12 07:43:31;4.14.0;;;;;;;
a3cecdec-72d5-41b2-8cc9-a9e89e90d37d;joko google;https://play-lh.googleusercontent.com/a-/ALV-UjVq9LRXh-xfxPNm8jZA2c1He77OGe790_hvv2-uUs_v3h6OCWBm;pelayanan sangat memuaskan;5;0;4.14.0;2025-12-05 05:53:55;"Mohon maaf atas ketidaknyamanannya. Jika Anda sudah memiliki user Pengguna Mobile JKN, dapat langsung masuk/login dengan menginput NIK KTP dan password yang sudah didaftarkan. atau lakukan registrasi Pengguna Mobile JKN terlebih dahulu (jika belum terdaftar user Mobile JKN) dengan memilih ""Daftar"". Terima kasih.";2025-12-12 07:44:46;4.14.0;;;;;;;
99e85f54-6e97-4c68-9b05-7d2d13c33e14;Nurhikmah Nurhikmah;https://play-lh.googleusercontent.com/a/ACg8ocKgSdFthyh-3nCQAiO85qwld3Fz_WT-mEjBkgUG8fHOk7TMGw=mo;mempermudah dengan adanya JKN ini;5;0;4.14.0;2025-12-05 05:44:32;Hi... Terima kasih atas review dan rating yang diberikan. Kami akan terus melakukan perbaikan dan penyempurnaan aplikasi Mobile JKN untuk memberikan kemudahan bagi peserta dan calon peserta JKN. Jika ada kendala, Anda dapat menghubungi Care Center BPJS Kesehatan melalui nomor 165 (24 jam). Terima kasih.;2025-12-12 07:43:33;4.14.0;;;;;;;
2465a1c0-f967-4040-bb14-a1807a7f50bf;Jo Yan Mr70_Mistersevenzero;https://play-lh.googleusercontent.com/a-/ALV-UjWHpXSMFnS6_hJhrsHYNXAQxF2eAI8Su_LQnfsITG5uBc3XjlVL;aku merasa aplikasi ini sangat menyusahkan orang yang tidak memiliki HP. dan juga saat bagian Scan wajah itu mengapa selalu tidak bisa alias GK Nerima aplikasinya, butuh waktu cukup lama cuman buat scan wajah untung bukan keadaan darurat Kalo darurat mending mati aja;1;0;4.14.0;2025-12-05 05:30:25;Hi... Terima kasih atas review dan rating yang diberikan. Kami akan terus melakukan perbaikan dan penyempurnaan aplikasi Mobile JKN untuk memberikan kemudahan bagi peserta dan calon peserta JKN. Jika ada kendala, Anda dapat menghubungi Care Center BPJS Kesehatan melalui nomor 165 (24 jam). Terima kasih.;2025-12-12 07:44:51;4.14.0;;;;;;;
7e5af3bc-fa53-4486-85ef-782a1c358114;Setyo Bowo Laksono;https://play-lh.googleusercontent.com/a-/ALV-UjWC0l6jdUT2BDC_ItuZWho_lQEL1snSxfcp6Bdi8nuRTNRXXw;Tiba-tiba ke logout dan nomor BPJS bapak saya tidak terdaftar padahal udah ikut program pemerintah. Aneh banget aplikasinya;1;0;4.14.0;2025-12-05 05:21:18;Hi... Terima kasih atas review dan rating yang diberikan. Kami akan terus melakukan perbaikan dan penyempurnaan aplikasi Mobile JKN untuk memberikan kemudahan bagi peserta dan calon peserta JKN. Jika ada kendala, Anda dapat menghubungi Care Center BPJS Kesehatan melalui nomor 165 (24 jam). Terima kasih.;2025-12-12 07:43:38;4.14.0;;;;;;;
dc7d47f6-3093-43cc-9762-a64a6eb37bd1;Bunyamin (Edetrea);https://play-lh.googleusercontent.com/a-/ALV-UjUkq1QGxqKWC9jv4r4f90tNLvZfBrItpWCSKayceOTGbGDyAqNj;Skali clik langsung pindah paskes sangat mudah jkn;5;0;4.14.0;2025-12-05 05:02:41;Hi... Terima kasih atas review dan rating yang diberikan. Kami akan terus melakukan perbaikan dan penyempurnaan aplikasi Mobile JKN untuk memberikan kemudahan bagi peserta dan calon peserta JKN. Jika ada kendala, Anda dapat menghubungi Care Center BPJS Kesehatan melalui nomor 165 (24 jam). Terima kasih.;2025-12-12 07:43:41;4.14.0;;;;;;;
e75b5e2a-4bef-494a-b38f-c788b408fd18;Fajar Basmalah;https://play-lh.googleusercontent.com/a-/ALV-UjVdBl6Eocj7RaJq4sOS_Edwa6LY6Wdwu4hpIfFi5NXFQQkZXVQ;sangat membantu terimksih;5;0;;2025-12-05 04:37:36;Mohon maaf atas ketidaknyamanannya. Pastikan alamat email Anda telah terdaftar di sistem BPJS Kesehatan sebelumnya. Anda dapat melakukan pendaftaran data nomor handphone serta email melalui Care Center BPJS Kesehatan melalui nomor 165 (24 jam) atau melalui email : carecenter@bpjs-kesehatan.go.id untuk kemudahan proses tindak lanjut. Terima kasih.;2025-12-12 07:44:08;;;;;;;;
58a6bd2f-4f62-4469-abbe-5f8a016fbb77;Cah Yanah;https://play-lh.googleusercontent.com/a-/ALV-UjWzyupEJpnwHz2-MIiFL3NYJCYXMWcDBp_dQ2pzU8ZXMjZieBgv;knpa sih sama aplikasi ini,,bikin susah aja semua terkunci dan harus login ulang tp begitu Mao login malah ga bisa,,yg sy heran masuk beranda bisa tp begitu klik kartu sm profil malah ga bisa,,, tolong dong jelaskan maksud dan tujuan dr aplikasi ini apa,,,;1;0;4.14.0;2025-12-05 04:35:41;Hi... Terima kasih atas review dan rating yang diberikan. Kami akan terus melakukan perbaikan dan penyempurnaan aplikasi Mobile JKN untuk memberikan kemudahan bagi peserta dan calon peserta JKN. Jika ada kendala, Anda dapat menghubungi Care Center BPJS Kesehatan melalui nomor 165 (24 jam). Terima kasih.;2025-12-12 07:43:47;4.14.0;;;;;;;
54a60ccb-423c-4a04-ab02-fba680a18da9;Khanza Azzahra;https://play-lh.googleusercontent.com/a/ACg8ocK9vgICzraulLyoVOXeonApGlW_gYj45ppvVOkD12CGEOyKfg=mo;Sudah bisaa;5;0;4.14.0;2025-12-05 04:27:25;Hi... Terima kasih atas review dan rating yang diberikan. Kami akan terus melakukan perbaikan dan penyempurnaan aplikasi Mobile JKN untuk memberikan kemudahan bagi peserta dan calon peserta JKN. Jika ada kendala, Anda dapat menghubungi Care Center BPJS Kesehatan melalui nomor 165 (24 jam). Terima kasih.;2025-12-12 07:43:46;4.14.0;;;;;;;
b66d6a51-7e50-49ce-a9f2-b79f561efcee;Nur Liana;https://play-lh.googleusercontent.com/a/ACg8ocKR1yJoB50SKRI55LmHCPP_NcG_vCMZ4AuieFd38W0R0GFajA=mo;entah apalah maksudnya sekarang tidak bisa lagi di screenshot padahal mau ngirim nomor antrian ke perawat...hadeehh..makin hari aplikasi ini malah makin mempersulit 😭;1;0;4.14.0;2025-12-05 04:22:09;"Mohon maaf atas ketidaknyamanannya. Jika Anda sudah memiliki user Pengguna Mobile JKN, dapat langsung masuk/login dengan menginput NIK KTP dan password yang sudah didaftarkan. atau lakukan registrasi Pengguna Mobile JKN terlebih dahulu (jika belum terdaftar user Mobile JKN) dengan memilih ""Daftar"". Terima kasih.";2025-12-12 07:45:00;4.14.0;;;;;;;
19cb3f46-cb71-4622-98be-c83d2db7c8a5;Pungky Widodo;https://play-lh.googleusercontent.com/a/ACg8ocJlo2-ICh0XZ-fBCnDQ68EHuR4oRQLr9yhmn91e6Q84FaFKDQ=mo;good;5;0;4.14.0;2025-12-05 04:18:54;"Mohon maaf atas ketidaknyamanannya. Jika Anda sudah memiliki user Pengguna Mobile JKN, dapat langsung masuk/login dengan menginput NIK KTP dan password yang sudah didaftarkan. atau lakukan registrasi Pengguna Mobile JKN terlebih dahulu (jika belum terdaftar user Mobile JKN) dengan memilih ""Daftar"". Terima kasih.";2025-12-12 07:45:59;4.14.0;;;;;;;
1f4a0cca-6938-461d-a3e8-1a1b0001d213;Efi Nadia;https://play-lh.googleusercontent.com/a/ACg8ocKL5BA7JJDPXhmxKivmmH7vmAqsaJ9hqRJ8PWMfXd04epWCHQ=mo;"tolong kembalikan poli gigi; scaling 1th skali d faskes 1.. tambal gigi estetik juga ! perawatan saluran akar skrg gabisa d faskes 1 , ribet hrus k RS";1;0;4.14.0;2025-12-05 04:03:40;Mohon maaf atas ketidaknyamanannya. Untuk kenyamanan dan keamanan dalam mendapatkan informasi dan menyampaikan pengaduan terkait program JKN-KIS, mohon dapat menyampaikan data identitas Anda melalui Care Center 165 (24 Jam) atau fitur “Pengaduan Layanan JKN” pada Mobile JKN. Terima kasih.;2025-12-12 07:47:33;4.14.0;;;;;;;
b13b0346-610f-470c-994c-25fd2e9ffff0;Han Handira69;https://play-lh.googleusercontent.com/a-/ALV-UjUhIf6eJ0WIC7JUEFzI_QUkjw0ZU3khpPbajhS03L4kpNjpXlMx;Sulit login..! pdhl nmr NIK & pasword udah tepat,nmr chapta jg udh benar..ayolah benahin sistim'a..saya BAYAR lho tiap bulan...!!!;1;10;4.14.0;2025-12-05 03:47:08;Mohon maaf atas ketidaknyamanannya. Pastikan alamat email Anda telah terdaftar di sistem BPJS Kesehatan sebelumnya. Anda dapat melakukan pendaftaran data nomor handphone serta email melalui Care Center BPJS Kesehatan melalui nomor 165 (24 jam) atau melalui email : carecenter@bpjs-kesehatan.go.id untuk kemudahan proses tindak lanjut. Terima kasih.;2025-12-12 07:46:26;4.14.0;;;;;;;
75392b8c-f444-424c-8c21-9626d60780e9;Fis L;https://play-lh.googleusercontent.com/a/ACg8ocJBruyim_eYN7jxi9kdcVlLq5DdiPXOe5DJtF2R8Tff9Hk-yA=mo;Sangat bagus dan saya sangat senang;5;0;4.14.0;2025-12-05 03:31:33;Hi... Terima kasih atas review dan rating yang diberikan. Kami akan terus melakukan perbaikan dan penyempurnaan aplikasi Mobile JKN untuk memberikan kemudahan bagi peserta dan calon peserta JKN. Jika ada kendala, Anda dapat menghubungi Care Center BPJS Kesehatan melalui nomor 165 (24 jam). Terima kasih.;2025-12-12 07:46:38;4.14.0;;;;;;;
f60b88d0-dc99-4bdd-93a0-3bf01d22c5ec;Isma Fajaria;https://play-lh.googleusercontent.com/a/ACg8ocLtcaKgkOXtqSOarOtJu6AJDSfn80rjkAEcVPkoFaLHNM2BMA=mo;cukup membantu.;5;0;4.14.0;2025-12-05 03:18:23;Mohon maaf atas ketidaknyamanannya. Terkait kendala yang dialami, Anda dapat menyampaikan kendala dengan melampirkan tangkapan layar/video dengan device lain ke alamat email : carecenter@bpjs-kesehatan.go.id untuk kemudahan proses tindak lanjut. Terima kasih.;2025-12-12 07:47:23;4.14.0;;;;;;;
0707e666-8a3a-48eb-9e0d-4ae2073d483e;egafariz 500;https://play-lh.googleusercontent.com/a-/ALV-UjXiR3wiDrSdn7Bc3dcFvzOU3506YeNOelAyh6Fo6I4EjhfU43-R;"Aplikasi nyusahin masa saya tiba"" terlog out dan harus di suruh daftar, saya lupa password malah di buat ribet";1;0;4.14.0;2025-12-05 03:18:14;Hi... Terima kasih atas review dan rating yang diberikan. Kami akan terus melakukan perbaikan dan penyempurnaan aplikasi Mobile JKN untuk memberikan kemudahan bagi peserta dan calon peserta JKN. Jika ada kendala, Anda dapat menghubungi Care Center BPJS Kesehatan melalui nomor 165 (24 jam). Terima kasih.;2025-12-12 07:46:42;4.14.0;;;;;;;
1cf141d8-a43a-4f6e-af02-dc6c69073fcd;Memey Nugraheni;https://play-lh.googleusercontent.com/a-/ALV-UjUCRcVlP4t2WxPcw7umRw0SsWbyFRa7sc1UiKkNS8tF2kzYa4Zo;nice;5;0;4.13.1;2025-12-05 03:16:25;Hi... Terima kasih atas review dan rating yang diberikan. Kami akan terus melakukan perbaikan dan penyempurnaan aplikasi Mobile JKN untuk memberikan kemudahan bagi peserta dan calon peserta JKN. Jika ada kendala, Anda dapat menghubungi Care Center BPJS Kesehatan melalui nomor 165 (24 jam). Terima kasih.;2025-12-12 07:46:43;4.13.1;;;;;;;
c1be36de-42b8-4838-8657-883c7728c1f3;Rendi Permadi;https://play-lh.googleusercontent.com/a-/ALV-UjUKBfzGsvFO4dYnyKMaeRXAwHJZ3aTX171oQ8LsGvTPUMo4ipMZ;aplikasi bikin susah orang, masuk aja gk bisa;1;0;4.14.0;2025-12-05 03:11:22;Hi... Terima kasih atas review dan rating yang diberikan. Kami akan terus melakukan perbaikan dan penyempurnaan aplikasi Mobile JKN untuk memberikan kemudahan bagi peserta dan calon peserta JKN. Jika ada kendala, Anda dapat menghubungi Care Center BPJS Kesehatan melalui nomor 165 (24 jam). Terima kasih.;2025-12-12 07:46:49;4.14.0;;;;;;;
a2994bf6-cd76-4857-a20d-964dd2c4f23f;Oka Wahyu Bintoroyudo;https://play-lh.googleusercontent.com/a-/ALV-UjWS1uhryvLuiWzbaz2SgJWdOINah1e4H9l_6GtdPS2HQWPnu4g;sangat baik;5;0;;2025-12-05 03:09:32;Mohon maaf atas ketidaknyamanannya. Perubahan Faskes I yang diubah pada bulan berjalan, efektif berlaku tanggal 1 di bulan berikutnya. Terima kasih.;2025-12-12 07:47:12;;;;;;;;
1a87cf2a-28db-4e81-b554-239442ce76f3;Nur Rohman;https://play-lh.googleusercontent.com/a-/ALV-UjW3aSk3-2nlsVXtC1tEqe0CdsO7yXYlcGUiJKF8hGKzPOoy3W4;👍;5;0;4.14.0;2025-12-05 03:09:15;Hi... Terima kasih atas review dan rating yang diberikan. Kami akan terus melakukan perbaikan dan penyempurnaan aplikasi Mobile JKN untuk memberikan kemudahan bagi peserta dan calon peserta JKN. Jika ada kendala, Anda dapat menghubungi Care Center BPJS Kesehatan melalui nomor 165 (24 jam). Terima kasih.;2025-12-12 07:47:54;4.14.0;;;;;;;
a4e13e55-d892-410e-bf16-c4a96631d2af;Fahd Muhammad Nehan;https://play-lh.googleusercontent.com/a-/ALV-UjWaMHzowFyiQ9iiFG6w_ASqICE0kNNZq0OYruLvxABSdjMFGw1L;nice;5;0;4.14.0;2025-12-05 03:03:34;Mohon maaf atas ketidaknyamanannya. Terkait kendala yang dialami, Anda dapat menyampaikan kendala dengan melampirkan tangkapan layar/video dengan device lain ke alamat email : carecenter@bpjs-kesehatan.go.id untuk kemudahan proses tindak lanjut. Terima kasih.;2025-12-12 07:48:37;4.14.0;;;;;;;
0639123d-1bc9-406c-ba7b-a170a679f4a2;Jenong;https://play-lh.googleusercontent.com/a-/ALV-UjWDxK_1InvEwgnyda5OJbalHDSXmSkowiyx0_29ocokAhhrkXN3;jarang buka aplikasi giliran pembaruan makin sulit pakai capca bagus seperti dulu ini aplikasi buat berobat ngk usah aneh²;1;0;4.14.0;2025-12-05 02:49:26;Mohon maaf atas ketidaknyamanannya. Terkait kendala yang dialami, Anda dapat menyampaikan kendala dengan melampirkan tangkapan layar/video dengan device lain ke alamat email : carecenter@bpjs-kesehatan.go.id untuk kemudahan proses tindak lanjut. Terima kasih.;2025-12-12 07:48:34;4.14.0;;;;;;;
e0e95cc9-23d7-4982-875a-f0f4c6a2e983;Bagus Prasetyo;https://play-lh.googleusercontent.com/a/ACg8ocIJe0oqAPDoY7yklEMVy9wu_3aI3r9hZ-fYSx804zgLa_Zfig=mo;lemot aplikasi;3;0;4.14.0;2025-12-05 02:45:49;Hi... Terima kasih atas review dan rating yang diberikan. Kami akan terus melakukan perbaikan dan penyempurnaan aplikasi Mobile JKN untuk memberikan kemudahan bagi peserta dan calon peserta JKN. Jika ada kendala, Anda dapat menghubungi Care Center BPJS Kesehatan melalui nomor 165 (24 jam). Terima kasih.;2025-12-12 07:47:59;4.14.0;;;;;;;
65d91007-9e79-4db2-a53b-033cdb10e953;Siti Masudah;https://play-lh.googleusercontent.com/a-/ALV-UjWVY-tJ5SO4UmZf0DgVwN4q-FjjU_5Psy44GUZnNmSzP6wPffrW;puas, keren;5;0;4.14.0;2025-12-05 02:44:08;Hi... Terima kasih atas review dan rating yang diberikan. Kami akan terus melakukan perbaikan dan penyempurnaan aplikasi Mobile JKN untuk memberikan kemudahan bagi peserta dan calon peserta JKN. Jika ada kendala, Anda dapat menghubungi Care Center BPJS Kesehatan melalui nomor 165 (24 jam). Terima kasih.;2025-12-12 07:48:01;4.14.0;;;;;;;
d8e7e9f8-cf0c-4b5b-898c-ad032602cd9f;Heri Santoso;https://play-lh.googleusercontent.com/a-/ALV-UjVGT9TU96lUl3VyiSF4_8Nx1Sir2NPaPNKir2J43dfBZqCbMMQ;Bermanfaat;5;0;4.14.0;2025-12-05 02:34:22;Hi... Terima kasih atas review dan rating yang diberikan. Kami akan terus melakukan perbaikan dan penyempurnaan aplikasi Mobile JKN untuk memberikan kemudahan bagi peserta dan calon peserta JKN. Jika ada kendala, Anda dapat menghubungi Care Center BPJS Kesehatan melalui nomor 165 (24 jam). Terima kasih.;2025-12-12 07:48:02;4.14.0;;;;;;;
b1af77f1-4e43-4d88-985a-6cc6d841e5df;Sukarim Sukarim;https://play-lh.googleusercontent.com/a/ACg8ocIIxUOnTeJFubz5vOOwXjbfSzoV1BQF46IZJDWznkv8-O2lIw=mo;TOLONG DIPERBAIKI UNTUK SISTEM PENDAFTARANNYA kenapa selalu ada kendala? kenapa selalu bilang tidak tersedia? padahal jelas-jelas dokternya tersedia di hari dan jam tersebut.;3;0;4.14.0;2025-12-05 02:27:31;Hi... Terima kasih atas review dan rating yang diberikan. Kami akan terus melakukan perbaikan dan penyempurnaan aplikasi Mobile JKN untuk memberikan kemudahan bagi peserta dan calon peserta JKN. Jika ada kendala, Anda dapat menghubungi Care Center BPJS Kesehatan melalui nomor 165 (24 jam). Terima kasih.;2025-12-12 07:48:04;4.14.0;;;;;;;
1ecaddde-58dc-4cf4-83cc-31b3ddcad334;Mochmammad Asari;https://play-lh.googleusercontent.com/a-/ALV-UjVeBisdXlKvnTNmfpgKP7HBz0pAFOYDU7lXbXc097KhpMtLBERO;okelah..;4;0;4.14.0;2025-12-05 02:14:36;Hi... Terima kasih atas review dan rating yang diberikan. Kami akan terus melakukan perbaikan dan penyempurnaan aplikasi Mobile JKN untuk memberikan kemudahan bagi peserta dan calon peserta JKN. Jika ada kendala, Anda dapat menghubungi Care Center BPJS Kesehatan melalui nomor 165 (24 jam). Terima kasih.;2025-12-12 07:48:07;4.14.0;;;;;;;
9bb47966-c6c5-4b75-8701-9fd0c7748095;Ulie;https://play-lh.googleusercontent.com/a-/ALV-UjXpSXFbTjKME0ISZZM4EdtSuHDhPKl-Y4loq9Sfm0eSeIkJWY0P;ok;5;0;4.14.0;2025-12-05 02:09:34;Hi... Terima kasih atas review dan rating yang diberikan. Kami akan terus melakukan perbaikan dan penyempurnaan aplikasi Mobile JKN untuk memberikan kemudahan bagi peserta dan calon peserta JKN. Jika ada kendala, Anda dapat menghubungi Care Center BPJS Kesehatan melalui nomor 165 (24 jam). Terima kasih.;2025-12-12 07:48:11;4.14.0;;;;;;;
99cab335-9d85-4211-a45d-f054fae064ad;Roni Nugraha;https://play-lh.googleusercontent.com/a/ACg8ocJjfy6FQQEJWO7fYPUbIFGM3RBoRYQlhuFqTWF9f-fUWRYhYw=mo;kok malah kluar sendiri si;5;0;4.14.0;2025-12-05 02:07:11;Hi... Terima kasih atas review dan rating yang diberikan. Kami akan terus melakukan perbaikan dan penyempurnaan aplikasi Mobile JKN untuk memberikan kemudahan bagi peserta dan calon peserta JKN. Jika ada kendala, Anda dapat menghubungi Care Center BPJS Kesehatan melalui nomor 165 (24 jam). Terima kasih.;2025-12-12 07:48:14;4.14.0;;;;;;;
f1b87236-38fb-4284-ab1c-31deec56c40c;Jaka Saputra;https://play-lh.googleusercontent.com/a-/ALV-UjWZkrRFrgHKuIeuphLq-Q9zkNOCu3w7cJYhNJ__sPyTOC1RbpAh;aplikasi kesehatan praktis;5;0;;2025-12-05 02:00:02;"Mohon maaf atas ketidaknyamanannya. Jika Anda sudah memiliki user Pengguna Mobile JKN, dapat langsung masuk/login dengan menginput NIK KTP dan password yang sudah didaftarkan. atau lakukan registrasi Pengguna Mobile JKN terlebih dahulu (jika belum terdaftar user Mobile JKN) dengan memilih ""Daftar"". Terima kasih.";2025-12-12 07:50:55;;;;;;;;
999752f7-a3de-4685-8ca7-9c1f6eeb7caf;mcs bantul;https://play-lh.googleusercontent.com/a/ACg8ocIUNiX5Pf1klNlQ08IVhaw_5ni1Q44rE-0ZK6OEfchenDQUsA=mo;mau verifikasi nomer telponnya malah gak sesuai;1;0;4.4.0;2025-12-05 01:53:47;Hi... Terima kasih atas review dan rating yang diberikan. Kami akan terus melakukan perbaikan dan penyempurnaan aplikasi Mobile JKN untuk memberikan kemudahan bagi peserta dan calon peserta JKN. Jika ada kendala, Anda dapat menghubungi Care Center BPJS Kesehatan melalui nomor 165 (24 jam). Terima kasih.;2025-12-12 07:51:10;4.4.0;;;;;;;
f3847c09-8446-4112-808f-3a9715acf291;ardi suwarsono;https://play-lh.googleusercontent.com/a-/ALV-UjVwv8o0bWAF5AO4_YGA3ZtbmRmPnXY5mN3jfHkyB1HlWP1IAaHmYA;ini kenapa tiap buka minta login terus, merepotkan;1;0;4.14.0;2025-12-05 01:42:38;Hi... Terima kasih atas review dan rating yang diberikan. Kami akan terus melakukan perbaikan dan penyempurnaan aplikasi Mobile JKN untuk memberikan kemudahan bagi peserta dan calon peserta JKN. Jika ada kendala, Anda dapat menghubungi Care Center BPJS Kesehatan melalui nomor 165 (24 jam). Semoga Sehat Selalu. Dengan Gotong Royong Semua Tertolong.;2023-02-27 06:38:36;4.14.0;;;;;;;
e49bf695-66d0-479a-8967-fd1e44d8bd15;Kanzhaa;https://play-lh.googleusercontent.com/a/ACg8ocKxGzigXMR22FKVnAqgr0qMDzaCKOjJpFqiZbuMLWrPYL0epQ=mo;baik sekali;5;0;4.14.0;2025-12-05 01:35:33;Hi... Terima kasih atas review dan rating yang diberikan. Kami akan terus melakukan perbaikan dan penyempurnaan aplikasi Mobile JKN untuk memberikan kemudahan bagi peserta dan calon peserta JKN. Jika ada kendala, Anda dapat menghubungi Care Center BPJS Kesehatan melalui nomor 165 (24 jam). Terima kasih.;2025-12-12 07:51:07;4.14.0;;;;;;;
b3d1b3cf-6872-45b4-a2ef-7bce711958fb;Yanies pramushinta;https://play-lh.googleusercontent.com/a/ACg8ocImeGeLZpF4-15qf8rrnVLYQgKCKLlJF0mdgPeVPliQW81kxA=mo;Membantu;5;0;4.14.0;2025-12-05 01:27:13;Mohon maaf atas ketidaknyamanannya. Kami akan terus melakukan perbaikan dan penyempurnaan aplikasi Mobile JKN untuk memberikan kemudahan bagi peserta dan calon peserta JKN. Jika ada kendala, Anda dapat menghubungi Care Center BPJS Kesehatan melalui nomor 165 (24 jam). Terima kasih.;2025-12-12 07:51:24;4.14.0;;;;;;;
6e034490-02cb-423a-b812-190dd9791292;Eko Setiawan;https://play-lh.googleusercontent.com/a-/ALV-UjXt95F2Go-GPLIWAxT8nySsvygvD3U7fjBebGkgM1a0poafKZo;aplikasi nya mudah d gunakan;5;0;;2025-12-05 01:24:00;Jika telah melakukan login lebih dari 3 NIK dari KK yang berbeda pada satu (1) perangkat yang sama, maka untuk dapat login lakukan login dengan device lainnya atau 3 NIK yang tertera tersebut dapat melakukan login ke device peserta yang bersangkutan. Jika terkendala, dapat menghubungi Care Center kami di nomor 165 (24 jam). Terima kasih.;2025-12-12 07:50:25;;;;;;;;
06b6a045-bfb1-4cbf-8c3d-a379a9b39f44;RuJak BuaH SegaR;https://play-lh.googleusercontent.com/a-/ALV-UjUwFpqOGnJi8g0zBi951VD35vEURZype02VDivTbSeJL4RO8xA-;aplikasi menyusahkan gk guna sllu bikin emosi!!;1;0;4.14.0;2025-12-05 01:14:20;Mohon maaf atas ketidaknyamanannya. Untuk kenyamanan dan keamanan dalam mendapatkan informasi dan menyampaikan pengaduan terkait program JKN-KIS, mohon dapat menyampaikan data identitas Anda melalui Care Center 165 (24 Jam) atau fitur “Pengaduan Layanan JKN” pada Mobile JKN. Terima kasih.;2025-12-12 07:50:10;4.14.0;;;;;;;
4ffdd082-dba9-4740-9e26-6292f151951e;Miang Saputra;https://play-lh.googleusercontent.com/a-/ALV-UjWfeuoKRYSOfS_AQuRYvRKovEY4R01aO57GPK9grGPS4u0pNh8;kalau bikin aplikasi yang jelas lah masa kalah sama anak sekolah yang udah bikin aplikasi bagus.. lu tuh di bayar mahal sama rakyat;1;0;4.14.0;2025-12-05 01:05:31;Mohon maaf atas ketidaknyamanannya. Untuk kenyamanan dan keamanan dalam mendapatkan informasi dan menyampaikan pengaduan terkait program JKN-KIS, mohon dapat menyampaikan data identitas Anda melalui Care Center 165 (24 Jam) atau fitur “Pengaduan Layanan JKN” pada Mobile JKN. Terima kasih.;2025-12-12 07:49:59;4.14.0;;;;;;;
ddc4e7fb-fb8d-4fb9-a90a-33ae8e85513c;Ajib Ghufron;https://play-lh.googleusercontent.com/a-/ALV-UjXXPW1wRNEISk2-eTxzavbfKaQq0XCXDGFRnkXbJ0byebFYhAk;tolong disediakan menu penghapusan akun onlinenya JKN mobile, bukan untuk nik atau kknya biar lebih safety lagi.;2;0;4.14.0;2025-12-05 00:43:40;Mohon maaf atas ketidaknyamanannya. Update terbaru bertujuan untuk memberikan keamanan dan kenyamanan Peserta. Jika terjadi kendala, Anda dapat menyampaikan laporan melalui email ke carecenter@bpjs-kesehatan.go.id. Terima kasih.;2025-12-12 07:49:51;4.14.0;;;;;;;
834cd00b-c2e4-436b-ab44-5a54eb684b15;shinlind GO;https://play-lh.googleusercontent.com/a/ACg8ocLhgzNV5N3D_w4aRFqmurfewNeW3cNeK12a6SuD0hidypUOHvA=mo;mantap aplikasi JKN Mobile bisa mempermudah dan mempercepat pelayanan kesehatan...Terima JKN;5;0;4.14.0;2025-12-05 00:26:36;Hi... Terima kasih atas review dan rating yang diberikan. Kami akan terus melakukan perbaikan dan penyempurnaan aplikasi Mobile JKN untuk memberikan kemudahan bagi peserta dan calon peserta JKN. Jika ada kendala, Anda dapat menghubungi Care Center BPJS Kesehatan melalui nomor 165 (24 jam). Terima kasih.;2025-12-12 07:52:34;4.14.0;;;;;;;
874f142b-91bb-4409-819a-944d55bec1ca;Neneng zaqy;https://play-lh.googleusercontent.com/a-/ALV-UjVXeuBx3TDsj0OoQeLPiRfrUrwXJk_HKD-aWYrLoIXMpNAsBXAXxw;gatau mau buat apa ke RS aja ga pernah, tagihan aja keluar terus kayak ada hutang tiap bulan di kejar2 trs, nyesel pakai BPJS!!!👎🏻👎🏻;1;0;;2025-12-05 00:21:45;Hi... Terima kasih atas review dan rating yang diberikan. Kami akan terus melakukan perbaikan dan penyempurnaan aplikasi Mobile JKN untuk memberikan kemudahan bagi peserta dan calon peserta JKN. Jika ada kendala, Anda dapat menghubungi Care Center BPJS Kesehatan melalui nomor 165 (24 jam). Terima kasih.;2025-12-12 07:52:36;;;;;;;;
68e529b3-37bd-4ff8-b8d4-1a0edfba8980;Zidni Fahmaa.;https://play-lh.googleusercontent.com/a/ACg8ocId5iQXL7Y2Ri3ajBteZQYYSzIaUF6kaIS0jP4H8r2VGuam7A=mo;sangat memudahkan dan sangat membantu TDK harus pulang kampung untuk merubah perpindahan faskes;5;0;;2025-12-05 00:08:37;Mohon maaf atas ketidaknyamanannya. Terkait kendala tersebut, mohon agar dapat memastikan kombinasi kata sandi yang dimasukkan. Jika masih terdapat kesalahan, dapat kami sarankan agar Bapak/Ibu memilih menu “Lupa Kata Sandi”. Selanjutnya masukkan Nomor Induk Kependudukan dan Captcha. Terima kasih.;2025-12-12 07:53:09;;;;;;;;
1d45b23b-6079-47bb-a370-b09ab89b54af;Eka Fitriyana;https://play-lh.googleusercontent.com/a/ACg8ocJQnRLL6HSkCluwVLUP2me7pcz9GgNRs8Puz5JNFOvc4Ydn5Q=mo;sayang nya sering eror;4;0;4.14.0;2025-12-04 23:39:05;Hi... Terima kasih atas review dan rating yang diberikan. Kami akan terus melakukan perbaikan dan penyempurnaan aplikasi Mobile JKN untuk memberikan kemudahan bagi peserta dan calon peserta JKN. Jika ada kendala, Anda dapat menghubungi Care Center BPJS Kesehatan melalui nomor 165 (24 jam). Terima kasih.;2025-12-12 07:52:38;4.14.0;;;;;;;
12649209-fd2b-4347-b5b0-3550c0ee9a20;Keyshazahiya Keyshazahiyaabinaya;https://play-lh.googleusercontent.com/a-/ALV-UjXD7MbxgdflNUtE85wqj0d2lqVi53ymzWJj3Vht8TUn22a4bf4;mantab 👍;5;0;;2025-12-04 23:12:23;Hi... Terima kasih atas review dan rating yang diberikan. Kami akan terus melakukan perbaikan dan penyempurnaan aplikasi Mobile JKN untuk memberikan kemudahan bagi peserta dan calon peserta JKN. Jika ada kendala, Anda dapat menghubungi Care Center BPJS Kesehatan melalui nomor 165 (24 jam). Terima kasih.;2025-12-12 07:52:44;;;;;;;;
9b2db601-b481-4e81-b4c3-c596cb67dd9e;Dewi Purwanti;https://play-lh.googleusercontent.com/a/ACg8ocI2BC1j0Z6JJxpTS13xJ34QTIQpFO2AHDxL8f2UBOzwGtCaQg=mo;aplikasi recehan. selalu minta daftar walaupun sudah terdaftar dan tidak log out.;2;0;;2025-12-04 22:47:57;Hi... Terima kasih atas review dan rating yang diberikan. Kami akan terus melakukan perbaikan dan penyempurnaan aplikasi Mobile JKN untuk memberikan kemudahan bagi peserta dan calon peserta JKN. Jika ada kendala, Anda dapat menghubungi Care Center BPJS Kesehatan melalui nomor 165 (24 jam). Terima kasih.;2025-12-12 07:52:43;;;;;;;;
c49f9297-886c-4981-8f09-12d125fba646;Grezz Jjk;https://play-lh.googleusercontent.com/a/ACg8ocIxzM-OJmwsyWasxdTCL-ddPxblWZ6Q2a15MZHHgH0lXJmd=mo;saya mau verifikasi no hp tp metode gak bisa muncul;1;0;4.14.0;2025-12-04 22:47:21;Mohon maaf atas ketidaknyamanannya. Jika Anda memilih metode verifikasi menggunakan nomor HP pastikan jaringan baik dan nomor HP yang terdaftar adalah nomor HP prabayar yang aktif dengan pulsa yang mencukupi agar kode OTP dapat masuk. Terima kasih.;2025-12-12 07:52:54;4.14.0;;;;;;;
876deba4-69cf-49ed-99e1-0c3a38ee91fc;Sugiyono Giyon;https://play-lh.googleusercontent.com/a/ACg8ocJ9v5cWKV7kgx8Q_0bxHRY5htc-X1ZCQkfG_4XQCjoDfgGl4w=mo;"tiap bulan logout sendiri, finally hari ini tidak bisa login lagi alasan pasword salah padahal sudah betul , coba opsi lupa pasword sudah masukin email betul"" sesuai email terdaftar tapi email salah juga( kenapa saya yakin email betul Krn bbrp waktu lalu saya terima email dr BPJS pakai lamat email itu) KALIAN NIAT GAK SIH BIKIN APLIKASI, BIKIN REPOT ORANG AJA. jawaban sistemnya pastikan email anda terdaftar di sistem BPJS , woy lucu nya bukan main";1;0;4.14.0;2025-12-04 22:42:15;Hi... Terima kasih atas review dan rating yang diberikan. Kami akan terus melakukan perbaikan dan penyempurnaan aplikasi Mobile JKN untuk memberikan kemudahan bagi peserta dan calon peserta JKN. Jika ada kendala, Anda dapat menghubungi Care Center BPJS Kesehatan melalui nomor 165 (24 jam). Terima kasih.;2025-12-12 07:52:46;4.14.0;;;;;;;
929f8d13-ba0b-4186-a12c-fd833c8fb4ef;gado2 channel;https://play-lh.googleusercontent.com/a-/ALV-UjVW5xnwne1aLXluIRtkYig5hGEqOosllQwvkGGPgErnH99e1I0;kenapa kis saya dari pemerintah sudah tidak aktif lagi?;2;0;;2025-12-04 22:37:13;Hi... Terima kasih atas review dan rating yang diberikan. Kami akan terus melakukan perbaikan dan penyempurnaan aplikasi Mobile JKN untuk memberikan kemudahan bagi peserta dan calon peserta JKN. Jika ada kendala, Anda dapat menghubungi Care Center BPJS Kesehatan melalui nomor 165 (24 jam). Terima kasih.;2025-12-15 05:53:07;;;;;;;;
507e570b-8b5b-4771-b3ae-0a5b35b52882;anggoro ady31;https://play-lh.googleusercontent.com/a-/ALV-UjXr6tX6nrkRjalOQ4DOB1Y6M6WhvGyyGPFkZglLfhrN8XNbn4Mh;aplikasi tidak bisa trima kode otp;1;0;4.14.0;2025-12-04 22:35:01;Mohon maaf atas ketidaknyamanannya. Terkait kendala yang dialami, Anda dapat menyampaikan kendala dengan melampirkan tangkapan layar/video dengan device lain ke alamat email : carecenter@bpjs-kesehatan.go.id untuk kemudahan proses tindak lanjut. Terima kasih.;2025-12-15 05:53:27;4.14.0;;;;;;;
da66e1cc-4fc4-40ec-a355-9194d5627631;Ronald P.Pallangan.S;https://play-lh.googleusercontent.com/a-/ALV-UjWYsRJW35i20czZ4r2evGXlqXOe3eEkbjmcQ0qj4aMrt-Lm3sU;bagus;5;0;4.14.0;2025-12-04 20:06:05;Hi... Terima kasih atas review dan rating yang diberikan. Kami akan terus melakukan perbaikan dan penyempurnaan aplikasi Mobile JKN untuk memberikan kemudahan bagi peserta dan calon peserta JKN. Jika ada kendala, Anda dapat menghubungi Care Center BPJS Kesehatan melalui nomor 165 (24 jam). Terima kasih.;2025-12-15 05:52:52;4.14.0;;;;;;;
d2838e00-0355-45f4-9f81-516f650701c5;Habibie Muhammad;https://play-lh.googleusercontent.com/a-/ALV-UjXZ_Q28pztVBDeUBYiwe3UaHiHSrQ9emRNsJaw6liWzVdh0u0U;aplikasinya semakin baik saya update data anak saya baru lahir (Nama dan Nik) ada kendala. tapi bisa melalui nomor wa pandawa yg ada di instagram bpjs keseharan ri;5;0;4.14.0;2025-12-04 17:36:44;Hi... Terima kasih atas review dan rating yang diberikan. Kami akan terus melakukan perbaikan dan penyempurnaan aplikasi Mobile JKN untuk memberikan kemudahan bagi peserta dan calon peserta JKN. Jika ada kendala, Anda dapat menghubungi Care Center BPJS Kesehatan melalui nomor 165 (24 jam). Terima kasih.;2025-12-15 05:54:29;4.14.0;;;;;;;
8f543278-ef94-4bea-a1f3-3dcd215f531a;Wita Surbakti;https://play-lh.googleusercontent.com/a-/ALV-UjVt29JQrW7BKadNTwvEbhHdh5vmZKmbKG9J-mTfz7kWURaBj63J;ok;5;0;4.14.0;2025-12-04 17:02:43;Hi... Terima kasih atas review dan rating yang diberikan. Kami akan terus melakukan perbaikan dan penyempurnaan aplikasi Mobile JKN untuk memberikan kemudahan bagi peserta dan calon peserta JKN. Jika ada kendala, Anda dapat menghubungi Care Center BPJS Kesehatan melalui nomor 165 (24 jam). Terima kasih.;2025-12-15 05:54:26;4.14.0;;;;;;;
d19d704b-4c8f-4361-b86e-fbfa82e375df;Gambe Shipuden;https://play-lh.googleusercontent.com/a/ACg8ocJRlcI37vWPmKt9plBq9Oh8gO3hZH-djFHI9BnYldHSg44WAA=mo;kenapa harus selalu suruh login ulang kalau apk lama tidak dibuka?;1;0;4.14.0;2025-12-04 16:52:27;Mohon maaf atas ketidaknyamanannya. Jika Anda memilih metode verifikasi menggunakan nomor HP pastikan jaringan baik dan nomor HP yang terdaftar adalah nomor HP prabayar yang aktif dengan pulsa yang mencukupi agar kode OTP dapat masuk. Terima kasih.;2025-12-15 05:54:21;4.14.0;;;;;;;
60cb2864-fd6b-4392-aee0-16663a9f99de;Amanda R.;https://play-lh.googleusercontent.com/a-/ALV-UjWQb0xu8BGe3zviGbQo-vLJHAZ1HzGF6ww7RDac_96XZaYE21r25g;terimakasih sangat mebantu;5;0;4.14.0;2025-12-04 15:35:48;"Mohon maaf atas ketidaknyamanannya. Jika Anda sudah memiliki user Pengguna Mobile JKN, dapat langsung masuk/login dengan menginput NIK KTP dan password yang sudah didaftarkan. atau lakukan registrasi Pengguna Mobile JKN terlebih dahulu (jika belum terdaftar user Mobile JKN) dengan memilih ""Daftar"". Terima kasih.";2025-12-15 05:54:07;4.14.0;;;;;;;
16858799-bae0-4f6f-8419-215f8f13443f;Dewi Yulia Putri;https://play-lh.googleusercontent.com/a-/ALV-UjUzHA4ff_LQFH3VD-QZRCTctmSDfbz4JATGY_3b9h5i7LUvH4cF;memang oke;5;0;4.14.0;2025-12-04 15:14:00;Hi... Terima kasih atas review dan rating yang diberikan. Kami akan terus melakukan perbaikan dan penyempurnaan aplikasi Mobile JKN untuk memberikan kemudahan bagi peserta dan calon peserta JKN. Jika ada kendala, Anda dapat menghubungi Care Center BPJS Kesehatan melalui nomor 165 (24 jam). Terima kasih.;2025-12-15 05:49:32;4.14.0;;;;;;;
0ac8a4b1-ae0d-44b2-94c9-0aecdd6e4321;Ipay Aza;https://play-lh.googleusercontent.com/a/ACg8ocJOnsw364oQ7uwpWr62VINcKjm7U_OJlstxU7tQ1YI0d0d8qQ=mo;sangat membantu, tetapi alangkah baik nya untuk berobat agak sulit karena harus menentukan faskes dulu, gimana kalo darurat dan faskes di luar kota, dan supaay lebih di permudah;5;0;4.14.0;2025-12-04 15:09:01;Hi... Terima kasih atas review dan rating yang diberikan. Kami akan terus melakukan perbaikan dan penyempurnaan aplikasi Mobile JKN untuk memberikan kemudahan bagi peserta dan calon peserta JKN. Jika ada kendala, Anda dapat menghubungi Care Center BPJS Kesehatan melalui nomor 165 (24 jam). Terima kasih.;2025-12-15 05:49:32;4.14.0;;;;;;;
790af8d7-a8be-4b74-87b2-4feb169374fa;Heri Tyo;https://play-lh.googleusercontent.com/a/ACg8ocKMYG7uo57MIpYLdR4fWGZfLYT1eax6shrwtvibVCPbU5yMjg=mo;habis update kok malah tidak bisa screenshot layar buat berbagi nomer antrian;5;0;;2025-12-04 15:00:41;Hi... Terima kasih atas review dan rating yang diberikan. Kami akan terus melakukan perbaikan dan penyempurnaan aplikasi Mobile JKN untuk memberikan kemudahan bagi peserta dan calon peserta JKN. Jika ada kendala, Anda dapat menghubungi Care Center BPJS Kesehatan melalui nomor 165 (24 jam). Terima kasih.;2025-12-15 05:49:34;;;;;;;;
54be4d84-91fa-4eca-aa76-87b3f2f2e479;Holil Siger;https://play-lh.googleusercontent.com/a-/ALV-UjVpuYLauedfXuoLxLZhzVLhK29gle2rZ0p7OP_9oFhNkE2zCPVV;jarang dibuka.. tiba2 keluar sendiri.. daftar masuk lagi.. selalu begitu;2;0;4.14.0;2025-12-04 14:24:30;Hi... Terima kasih atas review dan rating yang diberikan. Kami akan terus melakukan perbaikan dan penyempurnaan aplikasi Mobile JKN untuk memberikan kemudahan bagi peserta dan calon peserta JKN. Jika ada kendala, Anda dapat menghubungi Care Center BPJS Kesehatan melalui nomor 165 (24 jam). Terima kasih.;2025-12-15 05:49:36;4.14.0;;;;;;;
8bb93cd5-14f4-488a-927a-ac5d80f22664;Ince Manek;https://play-lh.googleusercontent.com/a-/ALV-UjVQ9wj_8GzZ6NeHO3DcAHfXew3iZhA9catFzQ2F_qCdQnut0CQu;saya udh terdaptar tp knp gk bisa login..maka saya kasih bintang 1 aj karna mau login gk bisa berbelilit;1;0;;2025-12-04 14:22:30;Mohon maaf atas ketidaknyamanannya. Terkait kendala tersebut, Anda dapat memastikan ruang penyimpanan pada handphone anda mencukupi untuk mengunduh aplikasi Mobile JKN serta jaringan baik pada saat proses unduh atau update. Terima kasih.;2025-12-15 05:53:55;;;;;;;;
e3e0dd82-c61b-47c3-b946-02c2d50d1062;Dina Olifia;https://play-lh.googleusercontent.com/a-/ALV-UjXHGtFq-o85joBgjPSBi9gJN27GmUJmfO4_IvdE5CI8w5Lp2N3f;Aplikasi kurang update;1;0;;2025-12-04 14:09:28;Hi... Terima kasih atas review dan rating yang diberikan. Kami akan terus melakukan perbaikan dan penyempurnaan aplikasi Mobile JKN untuk memberikan kemudahan bagi peserta dan calon peserta JKN. Jika ada kendala, Anda dapat menghubungi Care Center BPJS Kesehatan melalui nomor 165 (24 jam). Terima kasih.;2025-12-15 05:49:38;;;;;;;;
e60e23ae-a174-412e-a96c-42e5b0ab5e0d;Ace Anastasia;https://play-lh.googleusercontent.com/a/ACg8ocJItO5miu5ln_ecvMiLTs_2ZLYKrnGUDGt96D-VKK-MrAuaLg=mo;aplikasi sampah, bayar gak boleh telat, ada batasan terapi yg cuman 3 bulan saja. pas mau daftar online baik faskes pertama dan rujukan. gak pernah bisa, selalu mohon maaf coba lagi. dan sudah di coba berulang-ulang tetap coba lagi;1;0;4.14.0;2025-12-04 14:08:44;Hi... Terima kasih atas review dan rating yang diberikan. Kami akan terus melakukan perbaikan dan penyempurnaan aplikasi Mobile JKN untuk memberikan kemudahan bagi peserta dan calon peserta JKN. Jika ada kendala, Anda dapat menghubungi Care Center BPJS Kesehatan melalui nomor 165 (24 jam). Terima kasih.;2025-12-15 05:49:39;4.14.0;;;;;;;
63bb1702-cf8e-40e5-9c5e-bb4850be3a55;Lilis Ananingtyas;https://play-lh.googleusercontent.com/a/ACg8ocLnk5RL-5qAtjLMoqgRz4-HTx7eiNw9ycUYOUiSu0XjCydZyw=mo;aplikasi sangat mendukung, semoga selalu bermanfaat untuk semuanya;5;0;4.14.0;2025-12-04 14:01:31;"Mohon maaf atas ketidaknyamanannya. Jika Anda sudah memiliki user Pengguna Mobile JKN, dapat langsung masuk/login dengan menginput NIK KTP dan password yang sudah didaftarkan. atau lakukan registrasi Pengguna Mobile JKN terlebih dahulu (jika belum terdaftar user Mobile JKN) dengan memilih ""Daftar"". Terima kasih.";2025-12-15 05:55:22;4.14.0;;;;;;;
77276eee-e460-4779-8482-742ecadf6477;Ahmad Rois;https://play-lh.googleusercontent.com/a/ACg8ocL2tF1aUFdzYU0cWoV18DIjk0786MId7wKeaVl4f_Mhwa-vLw=mo;selama ini lancar2aj tapi begitu di update semua jadi kacau.nmer hp yng saya daftarka berbeda email dan nmer hp saya tidak aktif.amplikasi ap ini memper mudah apa mempersulit;1;0;4.14.0;2025-12-04 13:47:02;Hi... Terima kasih atas review dan rating yang diberikan. Kami akan terus melakukan perbaikan dan penyempurnaan aplikasi Mobile JKN untuk memberikan kemudahan bagi peserta dan calon peserta JKN. Jika ada kendala, Anda dapat menghubungi Care Center BPJS Kesehatan melalui nomor 165 (24 jam). Terima kasih.;2025-12-15 05:54:43;4.14.0;;;;;;;
1de3fffa-4b9a-431d-906a-4a5fb2836666;Nia Nia;https://play-lh.googleusercontent.com/a-/ALV-UjXJWY049_c2ioPZwC84zVmadmxSLPEOq_Oyg-Qq_VlzeYKBQkg;Top... Markotop 👍;5;0;4.14.0;2025-12-04 13:46:05;Mohon maaf atas ketidaknyamanannya. Terkait kendala yang dialami, Anda dapat menyampaikan kendala dengan melampirkan tangkapan layar/video dengan device lain ke alamat email : carecenter@bpjs-kesehatan.go.id untuk kemudahan proses tindak lanjut. Terima kasih.;2025-12-15 05:55:33;4.14.0;;;;;;;
2779aa64-dbab-48fd-ab59-7c5af354d34b;Pjok Mgmp;https://play-lh.googleusercontent.com/a/ACg8ocJRbVkI_cKt3aUA9dg6B0rO4Hb4gQv0laJ68QLWh2nHdY4O0fg=mo;maaf, kenapa ni apk pas dibuka ngeblank pas lagi tinggal check in + antrian di rs, tolong lah dey.. jangan diperumit lah🗿;3;0;;2025-12-04 13:33:09;Hi... Terima kasih atas review dan rating yang diberikan. Kami akan terus melakukan perbaikan dan penyempurnaan aplikasi Mobile JKN untuk memberikan kemudahan bagi peserta dan calon peserta JKN. Jika ada kendala, Anda dapat menghubungi Care Center BPJS Kesehatan melalui nomor 165 (24 jam). Terima kasih.;2025-12-15 05:54:45;;;;;;;;
62880f13-a539-436c-97f0-9f3da31edf89;Wahyuni nosepino;https://play-lh.googleusercontent.com/a-/ALV-UjVnAJV6kWhaIDcNED4p_VLqjyqaDHKMJgfGXvjjhPloyANZzKBR;ini aplikasi di suruh update...giliran udh di update mau masuk SUSAHHH bgt salah nik terus padhl udh bener... saya yg nakes aja dipersulit buat log in...ya ampunn gmn sih pak;2;0;4.14.0;2025-12-04 13:16:38;Hi... Terima kasih atas review dan rating yang diberikan. Kami akan terus melakukan perbaikan dan penyempurnaan aplikasi Mobile JKN untuk memberikan kemudahan bagi peserta dan calon peserta JKN. Jika ada kendala, Anda dapat menghubungi Care Center BPJS Kesehatan melalui nomor 165 (24 jam). Terima kasih.;2025-12-15 05:54:49;4.14.0;;;;;;;
8d924a0a-e621-4f38-a858-601c7e0c0edf;Samsul Huda;https://play-lh.googleusercontent.com/a/ACg8ocIapa67sTljmUlilFA-wz3wlDld9zx0e_jNqam5rR3yPpcIiQ=mo;good job;5;0;4.14.0;2025-12-04 13:03:08;Hi... Terima kasih atas review dan rating yang diberikan. Kami akan terus melakukan perbaikan dan penyempurnaan aplikasi Mobile JKN untuk memberikan kemudahan bagi peserta dan calon peserta JKN. Jika ada kendala, Anda dapat menghubungi Care Center BPJS Kesehatan melalui nomor 165 (24 jam). Terima kasih.;2025-12-15 05:54:50;4.14.0;;;;;;;
4c463291-d115-479d-805b-9b7f8be2558c;Rasyid 12;https://play-lh.googleusercontent.com/a/ACg8ocLO6yrnrdr7Psv7uWNdyiwPuNDKT6e15eYqrbv6sauQSzJTAw=mo;sangat memudahkan;5;0;4.14.0;2025-12-04 12:53:49;Hi... Terima kasih atas review dan rating yang diberikan. Kami akan terus melakukan perbaikan dan penyempurnaan aplikasi Mobile JKN untuk memberikan kemudahan bagi peserta dan calon peserta JKN. Jika ada kendala, Anda dapat menghubungi Care Center BPJS Kesehatan melalui nomor 165 (24 jam). Terima kasih.;2025-12-15 05:54:53;4.14.0;;;;;;;
46b89e9f-c21e-449f-8155-be99089a7f1c;Nama Blkng;https://play-lh.googleusercontent.com/a/ACg8ocKrirt_NcBy0J1onDWGbR0FtJ8Zx5pEHPDrwK10w5cn6ti-Ng=mo;okey ckup;5;0;;2025-12-04 12:43:00;"Mohon maaf atas ketidaknyamanannya. Jika Anda sudah memiliki user Pengguna Mobile JKN, dapat langsung masuk/login dengan menginput NIK KTP dan password yang sudah didaftarkan. atau lakukan registrasi Pengguna Mobile JKN terlebih dahulu (jika belum terdaftar user Mobile JKN) dengan memilih ""Daftar"". Terima kasih.";2025-12-15 05:55:17;;;;;;;;
78bde124-ee94-4109-8f8e-88e090d8387b;ferry mardian;https://play-lh.googleusercontent.com/a-/ALV-UjUmqQVID_3egD4kGJLAhNw_ySUWD6pGbco0QGXVogm2PceCgsnK;sering keluar sendiri dari akun dan harus login ulang, ribet banget lagi,bisa ngga sih kalo udah login yaudah ngga usah di keluarkan lagi, ribet pokonya ribet.;1;0;4.14.0;2025-12-04 12:39:27;Hi... Terima kasih atas review dan rating yang diberikan. Kami akan terus melakukan perbaikan dan penyempurnaan aplikasi Mobile JKN untuk memberikan kemudahan bagi peserta dan calon peserta JKN. Jika ada kendala, Anda dapat menghubungi Care Center BPJS Kesehatan melalui nomor 165 (24 jam). Terima kasih.;2025-12-15 05:55:17;4.14.0;;;;;;;
a03c28fb-604e-4119-8b78-0e5c30b945c9;Asril Vias;https://play-lh.googleusercontent.com/a/ACg8ocI0pqzMeYWSzk6ftG3aFhROKnT8c_yQz2zveOE3NNXC5RGjEg=mo;mantap;5;0;4.14.0;2025-12-04 12:28:37;Hi... Terima kasih atas review dan rating yang diberikan. Kami akan terus melakukan perbaikan dan penyempurnaan aplikasi Mobile JKN untuk memberikan kemudahan bagi peserta dan calon peserta JKN. Jika ada kendala, Anda dapat menghubungi Care Center BPJS Kesehatan melalui nomor 165 (24 jam). Terima kasih.;2025-12-15 05:58:22;4.14.0;;;;;;;
5a02450d-42ee-40b2-9c86-545eabef6928;Danang Udin;https://play-lh.googleusercontent.com/a/ACg8ocLX3oknbE_-gnTbnrqaSb9O35wdG-GQUgY3Kf9uM4aB6HDLrQ=mo;TERBAIK DAN SANGAT MEMBANTU;5;0;4.14.0;2025-12-04 12:24:26;Hi... Terima kasih atas review dan rating yang diberikan. Kami akan terus melakukan perbaikan dan penyempurnaan aplikasi Mobile JKN untuk memberikan kemudahan bagi peserta dan calon peserta JKN. Jika ada kendala, Anda dapat menghubungi Care Center BPJS Kesehatan melalui nomor 165 (24 jam). Terima kasih.;2025-12-15 05:58:20;4.14.0;;;;;;;
0253d094-6e14-4a34-b2ab-1a11ec317f2d;Saeful Oktory;https://play-lh.googleusercontent.com/a-/ALV-UjWdfqfGpbLdQyN6yI3DQhs_kegteeJn3aOA8yUiDKO2sj0q1_bYkQ;oke sip sip and good;4;0;;2025-12-04 12:04:41;"Mohon maaf atas ketidaknyamanannya. Jika Anda sudah memiliki user Pengguna Mobile JKN, dapat langsung masuk/login dengan menginput NIK KTP dan password yang sudah didaftarkan. atau lakukan registrasi Pengguna Mobile JKN terlebih dahulu (jika belum terdaftar user Mobile JKN) dengan memilih ""Daftar"". Terima kasih.";2025-12-15 05:59:12;;;;;;;;
441cdb35-2f17-4756-9d42-6d0fe87af8fa;Plikintir 21;https://play-lh.googleusercontent.com/a/ACg8ocI9QTVNSJHJ8tC02TZMeyQsCME_2ZPH7hTo1iHN7dzXfVe-Tw=mo;Verifikasi untuk parubahan lupa pasword gangguan sejak minggu kemarin. Tolong diperbaiki, karena untuk daftar kontrol RS & wajib menggunakan JKN. Trmksh;1;0;;2025-12-04 12:02:20;Sesuai dengan Peraturan Presiden 82 Th. 2018, Peserta dapat mengganti FKTP terdaftar setelah jangka waktu 3 (tiga) bulan. Faskes dapat diganti < 3 (tiga) bulan dengan kondisi tertentu. Informasi lebih lanjut dapat melalui Care Center 165 (24 Jam) atau fitur “Pengaduan Layanan JKN” pada Mobile JKN. Terima kasih.;2025-12-15 05:59:30;;;;;;;;
c2656046-056e-4d01-afeb-1988e5601bd3;Jackson Laro;https://play-lh.googleusercontent.com/a-/ALV-UjVLzOE0oa7bTquq-gUs1DJgI7W_nDa_Z31V8YsaR_Y_B8IhoHyX;Oke banget.. makin2 kerennya. makasih bngt udh di update ke versi terbaik. semoga makin bagus terus pelayannnya pake aplikasi ini👍;5;0;4.14.0;2025-12-04 11:58:02;Hi... Terima kasih atas review dan rating yang diberikan. Kami akan terus melakukan perbaikan dan penyempurnaan aplikasi Mobile JKN untuk memberikan kemudahan bagi peserta dan calon peserta JKN. Jika ada kendala, Anda dapat menghubungi Care Center BPJS Kesehatan melalui nomor 165 (24 jam). Terima kasih.;2025-12-15 05:58:10;4.14.0;;;;;;;
a720fd1d-9b7e-41fe-b65e-ee07e8eed12c;Saskia Fauziani;https://play-lh.googleusercontent.com/a-/ALV-UjWf8Gs1CflehkVS36zUpIaDRKTT-VteE973_4zkcuo_1g_kbOY;buat verifikasi ada pilihan email . tpi harus ttep pake nomor hp sedangkan nomor hp udh ngga aktif lagi . trus buat apa ada verifikasi lewat email tpi ngga bisa digunakann . ayoo laahh;1;0;4.14.0;2025-12-04 11:31:08;Hi... Terima kasih atas review dan rating yang diberikan. Kami akan terus melakukan perbaikan dan penyempurnaan aplikasi Mobile JKN untuk memberikan kemudahan bagi peserta dan calon peserta JKN. Jika ada kendala, Anda dapat menghubungi Care Center BPJS Kesehatan melalui nomor 165 (24 jam). Terima kasih.;2025-12-15 05:58:00;4.14.0;;;;;;;
9b61dc72-8661-4769-a927-1b8eaee80276;Johaeni Humaira;https://play-lh.googleusercontent.com/a/ACg8ocIrXYwBtUuXG1sey9Fe06zGKliqO_WEsiImPubxtyNqKa_RkQ=mo;mantul;5;0;4.14.0;2025-12-04 11:28:23;Hi... Terima kasih atas review dan rating yang diberikan. Kami akan terus melakukan perbaikan dan penyempurnaan aplikasi Mobile JKN untuk memberikan kemudahan bagi peserta dan calon peserta JKN. Jika ada kendala, Anda dapat menghubungi Care Center BPJS Kesehatan melalui nomor 165 (24 jam). Terima kasih.;2025-12-15 05:58:00;4.14.0;;;;;;;
c48f28c8-f858-413d-89b2-f35a0f77fdd2;Ade Aja;https://play-lh.googleusercontent.com/a-/ALV-UjXbiiF7GTUPUSR6ll9iFVPc3wxcS1V6XMDvdSvGghpYXB06kNr3;Kenapa Waktu Masukan No NIK saya, bisa muncul Nama orang lain? apabisa satu No NIK di Pakai dua org yang berbeda???;3;0;4.12.0;2025-12-04 11:17:39;Mohon maaf atas ketidaknyamanannya. Terkait kendala yang dialami, Anda dapat menyampaikan kendala dengan melampirkan tangkapan layar/video dengan device lain ke alamat email : carecenter@bpjs-kesehatan.go.id untuk kemudahan proses tindak lanjut. Terima kasih.;2025-12-15 05:56:12;4.12.0;;;;;;;
f8c0d4f8-6b32-42fa-9504-c2234ec8d4c2;KangToy;https://play-lh.googleusercontent.com/a-/ALV-UjXTYraIO1j9DYfcfIdz8m7x6MBlml2E4vD0CC3056FgSk1UoNG7;baru baru ini saya daftar tidak bisaa, sudah ada no rujukan tapi daftar pelayanan nya gagal terhubung ke server teruss sudah sering dicoba sampe hari ini masih gagal;2;0;4.14.0;2025-12-04 11:13:37;Hi... Terima kasih atas review dan rating yang diberikan. Kami akan terus melakukan perbaikan dan penyempurnaan aplikasi Mobile JKN untuk memberikan kemudahan bagi peserta dan calon peserta JKN. Jika ada kendala, Anda dapat menghubungi Care Center BPJS Kesehatan melalui nomor 165 (24 jam). Terima kasih.;2025-12-15 05:57:53;4.14.0;;;;;;;
544c1058-cf9d-432a-ab77-681c836fed54;GAME META_IND;https://play-lh.googleusercontent.com/a-/ALV-UjUwF7IzYWU3ml3lRnT2Zf-KuTwXSOdTCnvKSeZ_eL3tChmSrnX6;terima kasih banyak;5;0;4.14.0;2025-12-04 11:12:46;Mohon maaf atas ketidaknyamanannya. Terkait kendala yang dialami, Anda dapat menyampaikan kendala dengan melampirkan tangkapan layar/video dengan device lain ke alamat email : carecenter@bpjs-kesehatan.go.id untuk kemudahan proses tindak lanjut. Terima kasih.;2025-12-15 05:57:43;4.14.0;;;;;;;
65114979-a0ed-4385-aecc-7ae5249adbe1;Muhamad Husen;https://play-lh.googleusercontent.com/a/ACg8ocIN7CwdBnGHEMsGvtc2cE5FufqBkH_2pCZlJoOe6V0K1BvHag=mo;UNTUK MOBILE JKN , TOLONG SEDIAKAN FITUR DOWNLOAD NOMOR ANTREAN DONG SETELAH MENDAFTAR ANTREAN KALAU MEMANG GA BISA DI SCREENSHOT , SANGAT MEREPOTKAN SEKALI;5;0;4.14.0;2025-12-04 11:01:52;Hi... Terima kasih atas review dan rating yang diberikan. Kami akan terus melakukan perbaikan dan penyempurnaan aplikasi Mobile JKN untuk memberikan kemudahan bagi peserta dan calon peserta JKN. Jika ada kendala, Anda dapat menghubungi Care Center BPJS Kesehatan melalui nomor 165 (24 jam). Terima kasih.;2025-12-15 05:59:44;4.14.0;;;;;;;
7742b54e-2b07-4897-958b-8b65d5041e06;bayu inaco2023;https://play-lh.googleusercontent.com/a/ACg8ocLERcPGoHaWT0eJlx-Xb1wwV9PjEoIgzu3y3u_zVWanzY8fag=mo;apliksi kucing taik kucing ini. tiba-tiba log out,giliran masuk pasword & ktp udh benar gak bisa masuk.!!!;1;0;4.14.0;2025-12-04 10:45:56;"Mohon maaf atas ketidaknyamanannya. Jika Anda sudah memiliki user Pengguna Mobile JKN, dapat langsung masuk/login dengan menginput NIK KTP dan password yang sudah didaftarkan. atau lakukan registrasi Pengguna Mobile JKN terlebih dahulu (jika belum terdaftar user Mobile JKN) dengan memilih ""Daftar"". Terima kasih.";2025-12-15 06:00:34;4.14.0;;;;;;;
40a07934-1ba9-4420-8547-d6ab3a94f6cf;Inoel Iloen;https://play-lh.googleusercontent.com/a-/ALV-UjXyu0MOPiIF16WFQO64rsnd6-KdrZZy6z2fl6se11p6aUxgXgc;sangat mempermudah;5;0;4.14.0;2025-12-04 10:34:43;Hi... Terima kasih atas review dan rating yang diberikan. Kami akan terus melakukan perbaikan dan penyempurnaan aplikasi Mobile JKN untuk memberikan kemudahan bagi peserta dan calon peserta JKN. Jika ada kendala, Anda dapat menghubungi Care Center BPJS Kesehatan melalui nomor 165 (24 jam). Terima kasih.;2025-12-15 05:59:46;4.14.0;;;;;;;
bb0d4f0f-5d24-4e34-9f75-053a9303c8cc;Thoriq Raihan;https://play-lh.googleusercontent.com/a-/ALV-UjWFkcMmnehtOxmntyLwU5NFXfN1rR2HDovp4nyX19LITz3X09Q;kenapa waktu mau membatalkan pendaftaran malah tidak bisa karena data booking tidak ditemukan;3;0;4.14.0;2025-12-04 09:55:27;"Mohon maaf atas ketidaknyamanannya. Jika Anda sudah memiliki user Pengguna Mobile JKN, dapat langsung masuk/login dengan menginput NIK KTP dan password yang sudah didaftarkan. atau lakukan registrasi Pengguna Mobile JKN terlebih dahulu (jika belum terdaftar user Mobile JKN) dengan memilih ""Daftar"". Terima kasih.";2025-12-15 06:00:38;4.14.0;;;;;;;
a881dc6d-edf1-4ae9-bd46-a653a5694a10;Joseph Sagay;https://play-lh.googleusercontent.com/a-/ALV-UjUgRhf4IaPPCAHM9PhHO_qhvfE37WUanu2W4Sz4Xrova7fntkgR;Bagus;5;0;4.14.0;2025-12-04 09:48:42;Hi... Terima kasih atas review dan rating yang diberikan. Kami akan terus melakukan perbaikan dan penyempurnaan aplikasi Mobile JKN untuk memberikan kemudahan bagi peserta dan calon peserta JKN. Jika ada kendala, Anda dapat menghubungi Care Center BPJS Kesehatan melalui nomor 165 (24 jam). Terima kasih.;2025-12-15 05:59:48;4.14.0;;;;;;;
0d61e74a-5b3a-4200-b610-34521ac2b8b7;Chandra Hertanti;https://play-lh.googleusercontent.com/a/ACg8ocJrAVKrQqbAAoqutTEFERNz46AzZloEvUuHNT4Qg5VatKmZmg=mo;habis di update logout sendiri,,mau login lagi susahnya minta ampun padahal jaringan sinyal full,,sudah berhari2 gak bisa login,, gimana ini mau di pakai kontrol???karena harus daftar lewat aplikasi bener2 bikin gedeg ini aplikasi...paraaahhhhhhh;1;0;4.14.0;2025-12-04 09:47:11;"Mohon maaf atas ketidaknyamanannya. Jika Anda sudah memiliki user Pengguna Mobile JKN, dapat langsung masuk/login dengan menginput NIK KTP dan password yang sudah didaftarkan. atau lakukan registrasi Pengguna Mobile JKN terlebih dahulu (jika belum terdaftar user Mobile JKN) dengan memilih ""Daftar"". Terima kasih.";2025-12-15 06:00:40;4.14.0;;;;;;;
b194c1c0-0e40-44ae-a470-22539d5bdea8;yaya;https://play-lh.googleusercontent.com/a-/ALV-UjUy-7ORzQ9dHhUzCwj7VdDASZuBZwihth4Uj10eGW1uwCf1KEE;ke log out terus sekali masuk no ktp salah, padahal sudah sesuai dengan yg terdaftar;1;0;4.14.0;2025-12-04 09:43:35;"Mohon maaf atas ketidaknyamanannya. Jika Anda sudah memiliki user Pengguna Mobile JKN, dapat langsung masuk/login dengan menginput NIK KTP dan password yang sudah didaftarkan. atau lakukan registrasi Pengguna Mobile JKN terlebih dahulu (jika belum terdaftar user Mobile JKN) dengan memilih ""Daftar"". Terima kasih.";2025-12-15 06:00:41;4.14.0;;;;;;;
8b475fa1-80e7-46a0-81bb-fcad535b154e;Wawan Aprianto;https://play-lh.googleusercontent.com/a-/ALV-UjWZyazFNItI3aCIVbbKL3NUdZgtVVn7lmqAdjT8GuTs5BLc2J1Z;aplikasi ini lemot nya udh kelas dewa... ini aplikasi untuk daftar orang sakit di fase pertama tapi lemot nya luar biasa. kalo model gini bisa mampus yang mau berobat... mau berobat wajib daftar pakai aplikasi ini tapi belum siap layanan aplikasi ini.. parah!!!!;1;0;;2025-12-04 09:42:56;Hi... Terima kasih atas review dan rating yang diberikan. Kami akan terus melakukan perbaikan dan penyempurnaan aplikasi Mobile JKN untuk memberikan kemudahan bagi peserta dan calon peserta JKN. Jika ada kendala, Anda dapat menghubungi Care Center BPJS Kesehatan melalui nomor 165 (24 jam). Terima kasih.;2025-12-15 05:59:50;;;;;;;;
025b2dcf-95b9-4e82-b61d-ed465ef89683;GLPC OFFICIAL;https://play-lh.googleusercontent.com/a-/ALV-UjXlQArFSC-ewkhZQyTPsfXc8z_ZlbNjkNlnul8DjDViof6qBBIg;🥰;5;0;4.14.0;2025-12-04 09:41:17;Mohon maaf atas ketidaknyamanannya. Terkait kendala tersebut, Anda dapat menghubungi Care Center BPJS Kesehatan melalui nomor 165 (24 jam) atau fitur “Pengaduan Layanan JKN” pada Mobile JKN. Terima kasih.;2025-07-01 01:12:32;4.14.0;;;;;;;
344edcc3-2440-4508-9e20-790d93e02f33;Faradila Ismail;https://play-lh.googleusercontent.com/a/ACg8ocKYmlgNZ0jhrmgp8jkMyxWLYzlEwLvOAfAQCcxmWv1UwZD3fg=mo;sibuk daftar aja aplikasi ini selalu log out sendiri...kurang kerjaan tiap buka aplikasi ini harus masukan nik sama pas terus...;1;0;;2025-12-04 09:36:01;Hi... Terima kasih atas review dan rating yang diberikan. Kami akan terus melakukan perbaikan dan penyempurnaan aplikasi Mobile JKN untuk memberikan kemudahan bagi peserta dan calon peserta JKN. Jika ada kendala, Anda dapat menghubungi Care Center BPJS Kesehatan melalui nomor 165 (24 jam). Terima kasih.;2025-12-15 05:59:52;;;;;;;;
3c99fd91-aff8-473e-9ae5-c90cd89f2ecc;Mumu Muhaemin;https://play-lh.googleusercontent.com/a-/ALV-UjUyW7rSeHLWlFJXsFJYzQjGwcPsJMvGbYi2RTnEXyk8sdzd-SI;harusnya pengelola tidak memberikan jarak antara pendaftaran dan pengambilan antrean dengan dokter, apabila ada pasien yang mengambil jarak 1 hari lebih cepat, maka pasien tersebut memiliki probabilitas pengambilan kuota lebih gede, misalkan kita yang ke RS hari Selasa, otomatis kita bisa ambil antrean dihari selasanya lagi, nah yang ke RS hari Senin pasti bisa war antrian lebih cepat dan yang hari Selasa cuma bisa liat antrainya sudah penuh, parahnya lagi kita harus ke RS lagi buat aktifasi;1;0;4.14.0;2025-12-04 09:35:14;Hi... Terima kasih atas review dan rating yang diberikan. Kami akan terus melakukan perbaikan dan penyempurnaan aplikasi Mobile JKN untuk memberikan kemudahan bagi peserta dan calon peserta JKN. Jika ada kendala, Anda dapat menghubungi Care Center BPJS Kesehatan melalui nomor 165 (24 jam). Terima kasih.;2025-12-15 06:02:14;4.14.0;;;;;;;
ff4be795-5b7b-4bd3-aa65-89d5612ae2fc;Dinda Dwi Safitri;https://play-lh.googleusercontent.com/a-/ALV-UjWiwTWXe3lFNQZ1Cp6AkBMNiUMos5sdG4dPzXHISLDv4r6ZDybV;bagusss;4;0;4.14.0;2025-12-04 09:26:16;Hi... Terima kasih atas review dan rating yang diberikan. Kami akan terus melakukan perbaikan dan penyempurnaan aplikasi Mobile JKN untuk memberikan kemudahan bagi peserta dan calon peserta JKN. Jika ada kendala, Anda dapat menghubungi Care Center BPJS Kesehatan melalui nomor 165 (24 jam). Terima kasih.;2025-12-15 06:02:13;4.14.0;;;;;;;
685ea5a4-954b-454a-a99a-8deda5b7a8d4;sufyadi arrofi;https://play-lh.googleusercontent.com/a/ACg8ocJC9DIvfY6bRHSK4nYIMGeENcWoAm9vnpfm7hsPGr2G64j9=mo;memberikan kemudahan dalam hal pengobatan;5;0;4.14.0;2025-12-04 08:47:32;Hi... Terima kasih atas review dan rating yang diberikan. Kami akan terus melakukan perbaikan dan penyempurnaan aplikasi Mobile JKN untuk memberikan kemudahan bagi peserta dan calon peserta JKN. Jika ada kendala, Anda dapat menghubungi Care Center BPJS Kesehatan melalui nomor 165 (24 jam). Terima kasih.;2025-12-15 06:02:12;4.14.0;;;;;;;
9225fa39-afca-4dac-a887-9ae49f4d687e;Agus Karin;https://play-lh.googleusercontent.com/a/ACg8ocLoolRRQAhd_oXXmBLsCfdCcjn9riiRwFAMH5An9M4Mbr7Vhg=mo;Apk Bagus;5;0;4.14.0;2025-12-04 08:42:14;Hi... Terima kasih atas review dan rating yang diberikan. Kami akan terus melakukan perbaikan dan penyempurnaan aplikasi Mobile JKN untuk memberikan kemudahan bagi peserta dan calon peserta JKN. Jika ada kendala, Anda dapat menghubungi Care Center BPJS Kesehatan melalui nomor 165 (24 jam). Terima kasih.;2025-12-15 06:02:13;4.14.0;;;;;;;
f5c458a5-6ecf-4007-a29e-90e752f974ea;Lita Nurlita;https://play-lh.googleusercontent.com/a/ACg8ocIssKIQ5TXHusdmXZxlyJwMDPKwPxjEXjVdEtCWlYS2AwZr-g=mo;Bapuk emang aplikasinya. Eror utk ambil antriannya, padahal ini utk orang sakit loh. Tiap minggu update mulu tp ga guna.;1;0;4.14.0;2025-12-04 08:40:34;Hi... Terima kasih atas review dan rating yang diberikan. Kami akan terus melakukan perbaikan dan penyempurnaan aplikasi Mobile JKN untuk memberikan kemudahan bagi peserta dan calon peserta JKN. Jika ada kendala, Anda dapat menghubungi Care Center BPJS Kesehatan melalui nomor 165 (24 jam). Terima kasih.;2025-12-15 06:02:13;4.14.0;;;;;;;
73d1be86-7f13-417e-b0eb-237e3a65f1f8;Gunturfxr Ck;https://play-lh.googleusercontent.com/a-/ALV-UjX_vSZWQWvnywuFIPgwKhlqoKjfGou-h1jzQIkjj06PGbAFXF0N;gak heran apliksi punya pemerintah.. gda yg beres dr segi pelayanan.. bosok semua...;1;0;4.14.0;2025-12-04 08:37:15;Hi... Terima kasih atas review dan rating yang diberikan. Kami akan terus melakukan perbaikan dan penyempurnaan aplikasi Mobile JKN untuk memberikan kemudahan bagi peserta dan calon peserta JKN. Jika ada kendala, Anda dapat menghubungi Care Center BPJS Kesehatan melalui nomor 165 (24 jam). Terima kasih.;2025-12-15 06:02:08;4.14.0;;;;;;;
9e0eab39-9047-4248-bf9b-4977e835b91d;Mahar Lesmanajerinx;https://play-lh.googleusercontent.com/a-/ALV-UjXf_K9fC6utp9ysH4LrH_4tD25hGOdi1il2VfwEUrqiAPOsDyY;BISA GA SETIAP BULAN GA USAH AUTO LOG OUT? CAPE ORANG TUA SAYA HARUS LOG IN TERUS TIAP BULAN, NAMANYA ORANG TUA GA TERLALU PAHAM GITUAN;1;0;4.14.0;2025-12-04 08:23:42;Hi... Terima kasih atas review dan rating yang diberikan. Kami akan terus melakukan perbaikan dan penyempurnaan aplikasi Mobile JKN untuk memberikan kemudahan bagi peserta dan calon peserta JKN. Jika ada kendala, Anda dapat menghubungi Care Center BPJS Kesehatan melalui nomor 165 (24 jam). Terima kasih.;2025-12-15 06:02:08;4.14.0;;;;;;;
899d50fb-6b27-4aa9-a063-3bd26b8767b8;Jumiyati 112;https://play-lh.googleusercontent.com/a/ACg8ocL_lkK-K3CZB3_8Rw-9ZEOv3UIZQIWNFfKd2zMvbSVJYHK02nA=mo;setelah d update harus masuk ulang,tapi pencet masuk y susah banget,malah gak bisa masuk;1;0;4.11.2;2025-12-04 08:23:21;Hi... Terima kasih atas review dan rating yang diberikan. Kami akan terus melakukan perbaikan dan penyempurnaan aplikasi Mobile JKN untuk memberikan kemudahan bagi peserta dan calon peserta JKN. Jika ada kendala, Anda dapat menghubungi Care Center BPJS Kesehatan melalui nomor 165 (24 jam). Terima kasih.;2025-12-15 06:02:06;4.11.2;;;;;;;
80bed079-69f1-48ba-ab50-64929f37bbb7;tatik cahyawati;https://play-lh.googleusercontent.com/a-/ALV-UjXaNKben4XU7aqKAWB3_gnntazAB4PmM3h1yg79tMKuwQfMS9lU;sering banget log out nya keselll, padahal kemaren2 udah login udah ganti pasword, eh sekarang susah login kumaha sih , tiap mau login eror terusss;1;0;4.14.0;2025-12-04 07:59:34;Mohon maaf atas ketidaknyamanannya. Terkait kendala yang dialami, Anda dapat menyampaikan kendala dengan melampirkan tangkapan layar/video dengan device lain ke alamat email : carecenter@bpjs-kesehatan.go.id untuk kemudahan proses tindak lanjut. Terima kasih.;2025-12-15 06:01:56;4.14.0;;;;;;;
11dd18e3-deb0-414e-be31-a05430941b37;Muhammad Willy;https://play-lh.googleusercontent.com/a/ACg8ocIyRDs1CHycx2zypZ_th4V7DNA53w5C5x-YzRX8YFkDpDE9IA=mo;nabah ribet offline mulu,,, bikin repot 😑 kabayakan loading , gagal,offline;1;0;;2025-12-04 07:42:35;Hi... Terima kasih atas review dan rating yang diberikan. Kami akan terus melakukan perbaikan dan penyempurnaan aplikasi Mobile JKN untuk memberikan kemudahan bagi peserta dan calon peserta JKN. Jika ada kendala, Anda dapat menghubungi Care Center BPJS Kesehatan melalui nomor 165 (24 jam). Terima kasih.;2025-12-15 06:02:01;;;;;;;;
5c946844-8f0f-44f0-bec5-e5b49a8829bc;aziz aziz daru permadi;https://play-lh.googleusercontent.com/a/ACg8ocJION-oXybZGVYGarW5lgQJulxBLl9eKncrOq-aHD0cQAABvw=mo;aplikasi apaan setiap daftar online slalu eror, baik rujukan atw k faskes tingkat pertama kebnyakan d korupsi;1;0;;2025-12-04 07:33:40;"Mohon maaf atas ketidaknyamanannya. Jika Anda sudah memiliki user Pengguna Mobile JKN, dapat langsung masuk/login dengan menginput NIK KTP dan password yang sudah didaftarkan. atau lakukan registrasi Pengguna Mobile JKN terlebih dahulu (jika belum terdaftar user Mobile JKN) dengan memilih ""Daftar"". Terima kasih.";2025-12-15 06:04:48;;;;;;;;
1df194d7-52f2-434d-b6a6-4efa2d4aa729;Imran;https://play-lh.googleusercontent.com/a-/ALV-UjVUZ6N23A5fR-pGvOrimEknW54kGHuRjruvihLIazmAfnDAZizv;aplikasi nyedot pulsa, maa syaa Allah. otp nya telat suruh ulang lagi sampai habis pulsa saya;1;0;4.14.0;2025-12-04 07:24:36;Mohon maaf atas ketidaknyamanannya. Jika Anda memilih metode verifikasi menggunakan nomor HP pastikan jaringan baik dan nomor HP yang terdaftar adalah nomor HP prabayar yang aktif dengan pulsa yang mencukupi agar kode OTP dapat masuk. Terima kasih.;2025-12-15 06:05:55;4.14.0;;;;;;;
782cfd28-22e6-4313-9a7d-20bf2f36502e;Acep Suherman;https://play-lh.googleusercontent.com/a-/ALV-UjUIN_N6XsXHjL8iWSslkIIM9HNSwQTFcSy0fuyYdPFCLSQHG_0;sekarang untuk daftar antrian lebih kenapa menjadi ribet;1;0;4.14.0;2025-12-04 06:56:17;Mohon maaf atas ketidaknyamanannya. Untuk kenyamanan dan keamanan dalam mendapatkan informasi dan menyampaikan pengaduan terkait program JKN-KIS, mohon dapat menyampaikan data identitas Anda melalui Care Center 165 (24 Jam) atau fitur “Pengaduan Layanan JKN” pada Mobile JKN. Terima kasih.;2025-12-15 06:06:15;4.14.0;;;;;;;
c6ed3599-4a8c-413f-9bd1-f78eb0b1a37e;Gun Jengger;https://play-lh.googleusercontent.com/a/ACg8ocKGtjI1EG0SSbx4xsi6adO1zkW1_GdQDDJkcoOGKbP8erM6Pw=mo;daftar ke faskes 1.poli gigi.dari H-1 sampai hari H tdk pernah berhasil...entahlah;1;0;;2025-12-04 06:48:19;Hi... Terima kasih atas review dan rating yang diberikan. Kami akan terus melakukan perbaikan dan penyempurnaan aplikasi Mobile JKN untuk memberikan kemudahan bagi peserta dan calon peserta JKN. Jika ada kendala, Anda dapat menghubungi Care Center BPJS Kesehatan melalui nomor 165 (24 jam). Terima kasih.;2025-12-15 06:02:43;;;;;;;;
ca237997-d3eb-4b2d-99ce-9cf0b36262d2;Galih Kresnonegoro;https://play-lh.googleusercontent.com/a-/ALV-UjVE5gzyqSGyBZ4gxXTwDLHg99U1Ud0nVOw1xASAF_LbOrw9ooGf;lemot dan error;1;0;4.14.0;2025-12-04 06:32:54;Hi... Terima kasih atas review dan rating yang diberikan. Kami akan terus melakukan perbaikan dan penyempurnaan aplikasi Mobile JKN untuk memberikan kemudahan bagi peserta dan calon peserta JKN. Jika ada kendala, Anda dapat menghubungi Care Center BPJS Kesehatan melalui nomor 165 (24 jam). Terima kasih.;2025-12-15 06:02:42;4.14.0;;;;;;;
66d1b1e1-b09a-4d66-866e-47094440a9f8;Budiyo Basuki;https://play-lh.googleusercontent.com/a-/ALV-UjWD25v4Psfl_vYGZGNRkDmt-6k_GOUBkEJ2rj8MB6dmfzi1bA;mudah cepat;5;0;4.14.0;2025-12-04 06:25:50;Hi... Terima kasih atas review dan rating yang diberikan. Kami akan terus melakukan perbaikan dan penyempurnaan aplikasi Mobile JKN untuk memberikan kemudahan bagi peserta dan calon peserta JKN. Jika ada kendala, Anda dapat menghubungi Care Center BPJS Kesehatan melalui nomor 165 (24 jam). Terima kasih.;2025-12-15 06:02:47;4.14.0;;;;;;;
d5045c0e-fec9-45f5-8fca-a339b5e1b45c;Dedi Mulyadi;https://play-lh.googleusercontent.com/a/ACg8ocIYTnzSQH6MJAwBc1uIEfTfZcfEHrIi24r1K4tMQLqt7RTP-Q=mo;Sudah ada perbaikan;4;0;4.14.0;2025-12-04 06:18:12;Mohon maaf atas ketidaknyamanannya. Terkait kendala yang dialami, Anda dapat menyampaikan kendala dengan melampirkan screenshot/video ke alamat email : carecenter@bpjs-kesehatan.go.id untuk kemudahan proses tindak lanjut. Terima kasih.;2025-10-23 04:52:35;4.14.0;;;;;;;
a842c7ec-9179-47a3-b45a-9df86344bcf1;Khang Parman;https://play-lh.googleusercontent.com/a-/ALV-UjUJdWyA25ZYrs-lOh2zWONhy57yMso89PtIXwatAuxfL4TVtok;msntab;5;0;4.14.0;2025-12-04 05:59:59;Hi... Terima kasih atas review dan rating yang diberikan. Kami akan terus melakukan perbaikan dan penyempurnaan aplikasi Mobile JKN untuk memberikan kemudahan bagi peserta dan calon peserta JKN. Jika ada kendala, Anda dapat menghubungi Care Center BPJS Kesehatan melalui nomor 165 (24 jam). Terima kasih.;2025-12-15 06:02:50;4.14.0;;;;;;;
06e8f1fd-2b90-47b0-a3dd-01a448dc341c;Muslihatun Hasana;https://play-lh.googleusercontent.com/a/ACg8ocI5kCh11zfr4D9zZw7EURKMfjwK-IKcyqip7km5hQj-RDTr9Q=mo;apk jahanam;5;0;4.14.0;2025-12-04 05:53:00;Hi... Terima kasih atas review dan rating yang diberikan. Kami akan terus melakukan perbaikan dan penyempurnaan aplikasi Mobile JKN untuk memberikan kemudahan bagi peserta dan calon peserta JKN. Jika ada kendala, Anda dapat menghubungi Care Center BPJS Kesehatan melalui nomor 165 (24 jam). Terima kasih.;2025-12-15 06:02:53;4.14.0;;;;;;;
0f52bcbb-9db9-401d-93d7-2f97bf13d595;Nubb Gaming;https://play-lh.googleusercontent.com/a-/ALV-UjXi1fk__JXA7nLImPjf0jJAnVOVSDPPo0HnErD-cKwh7NnLMO8r;Aplikasi sampah! kode otp dari sms ga masuk masuk.;5;0;4.14.0;2025-12-04 05:39:45;Mohon maaf atas ketidaknyamanannya. Untuk kenyamanan dan keamanan dalam mendapatkan informasi dan menyampaikan pengaduan terkait program JKN-KIS, mohon dapat menyampaikan data identitas Anda melalui Care Center 165 (24 Jam) atau fitur “Pengaduan Layanan JKN” pada Mobile JKN. Terima kasih.;2025-12-15 06:08:14;4.14.0;;;;;;;
477d270e-7193-40be-afe5-457c268e2b5b;Rizal Nazarudin;https://play-lh.googleusercontent.com/a/ACg8ocJ7eB8WtAiYB6OyPPnUjb8CdqJ-NXeyXXkijbLRCLTYNeaKtg=mo;aplikasi JKN sangat memudahkan kita untuk semua permasalahan BPJS/KIS;5;0;4.14.0;2025-12-04 05:38:20;Hi... Terima kasih atas review dan rating yang diberikan. Kami akan terus melakukan perbaikan dan penyempurnaan aplikasi Mobile JKN untuk memberikan kemudahan bagi peserta dan calon peserta JKN. Jika ada kendala, Anda dapat menghubungi Care Center BPJS Kesehatan melalui nomor 165 (24 jam). Terima kasih.;2025-12-15 06:06:25;4.14.0;;;;;;;
55484f43-cb24-41f5-80cf-96484fa374c9;Elvi Elvi;https://play-lh.googleusercontent.com/a/ACg8ocJc-2Yp9BUNtywwSEHwqq-UcOlZgw5PaVU8pxa5BwtI7epefQ=mo;ikuti arahan dan sangat informatif;5;0;4.14.0;2025-12-04 05:29:05;Hi... Terima kasih atas review dan rating yang diberikan. Kami akan terus melakukan perbaikan dan penyempurnaan aplikasi Mobile JKN untuk memberikan kemudahan bagi peserta dan calon peserta JKN. Jika ada kendala, Anda dapat menghubungi Care Center BPJS Kesehatan melalui nomor 165 (24 jam). Terima kasih.;2025-12-15 06:06:28;4.14.0;;;;;;;
202ff107-8b4f-4d96-b06d-32c4a8f87cdf;Melly Ayuna;https://play-lh.googleusercontent.com/a-/ALV-UjWhNxtGky0Gwq88x_4IOD97GDZfMtWFrR8QbO1WHu9tWe8_dD5kiA;yang aktif cuma 1 anggota tiba2 saat penagihan yg aktif 2 anggota hellooooo pemerasan bgt yaw;2;0;4.14.0;2025-12-04 05:24:15;Mohon maaf atas ketidaknyamanannya. Jika Anda memilih metode verifikasi menggunakan nomor HP pastikan jaringan baik dan nomor HP yang terdaftar adalah nomor HP prabayar yang aktif dengan pulsa yang mencukupi agar kode OTP dapat masuk. Terima kasih.;2025-12-15 06:08:03;4.14.0;;;;;;;
dca16f11-b821-45df-b2af-1f444dfabc6f;Wiwik Aryanti;https://play-lh.googleusercontent.com/a/ACg8ocIUp57n5e73xe9xkkxYqLpTFVF4hy4HzFvwmxanyUvfLyMI7Q=mo;aplikasi sampah tidak bisa daftar autodebit selalu gagal.;1;0;4.14.0;2025-12-04 05:22:57;Hi... Terima kasih atas review dan rating yang diberikan. Kami akan terus melakukan perbaikan dan penyempurnaan aplikasi Mobile JKN untuk memberikan kemudahan bagi peserta dan calon peserta JKN. Jika ada kendala, Anda dapat menghubungi Care Center BPJS Kesehatan melalui nomor 165 (24 jam). Terima kasih.;2025-12-15 06:06:30;4.14.0;;;;;;;
d1b64ba8-4b1e-470b-af51-caf546f3b5a5;Anang Setiawan;https://play-lh.googleusercontent.com/a/ACg8ocKKFxG3ZRotTuSBGbV-cRxU_WNqGj5YTWubsPJILbUzsWPD8A=mo;login gunain captcha nyusahin, pakai authenticator saja;1;0;4.14.0;2025-12-04 05:22:47;Mohon maaf atas ketidaknyamanannya. Jika Anda memilih metode verifikasi menggunakan nomor HP pastikan jaringan baik dan nomor HP yang terdaftar adalah nomor HP prabayar yang aktif dengan pulsa yang mencukupi agar kode OTP dapat masuk. Terima kasih.;2025-12-15 06:08:04;4.14.0;;;;;;;
72009d60-68ae-4ad6-bdaa-0ea28783c334;Tegar Bagus;https://play-lh.googleusercontent.com/a/ACg8ocKpWPIo9G08dNZSijg6c_1PKEMcJmGwvkkuQ_dUTJ4iDbG-3Q=mo;kenapa yang tadinya tagihan untuk 2 anggota jadi 4 anggota? mau masuk ke akun pun ngga bisa;1;0;;2025-12-04 05:18:35;"Mohon maaf atas ketidaknyamanannya. Jika Anda sudah memiliki user Pengguna Mobile JKN, dapat langsung masuk/login dengan menginput NIK KTP dan password yang sudah didaftarkan. atau lakukan registrasi Pengguna Mobile JKN terlebih dahulu (jika belum terdaftar user Mobile JKN) dengan memilih ""Daftar"". Terima kasih.";2025-11-03 03:19:13;;;;;;;;
fc25ff1d-2a27-4860-b6f8-ee3bea721eb0;Suriany Rahayu;https://play-lh.googleusercontent.com/a/ACg8ocJLc4aFv1HFTXDhCgwfcJDadwL4A_FaTOS8lBB2Ma15KmzUYw=mo;👍👍👍;5;0;;2025-12-04 04:41:52;Hi... Terima kasih atas review dan rating yang diberikan. Kami akan terus melakukan perbaikan dan penyempurnaan aplikasi Mobile JKN untuk memberikan kemudahan bagi peserta dan calon peserta JKN. Jika ada kendala, Anda dapat menghubungi Care Center BPJS Kesehatan melalui nomor 165 (24 jam). Terima kasih.;2025-12-15 06:06:35;;;;;;;;
d48006e4-b44c-496c-b8f6-a79e1b2240d8;jamil lutfi;https://play-lh.googleusercontent.com/a-/ALV-UjUJ3WXNc4WCOEghRDNc7hPa2v7Q6AoJP6nPhjwyss6tlQoRomQ;terima kasih apk jkn;5;0;;2025-12-04 04:37:07;"Mohon maaf atas ketidaknyamanannya. Jika Anda sudah memiliki user Pengguna Mobile JKN, dapat langsung masuk/login dengan menginput NIK KTP dan password yang sudah didaftarkan. atau lakukan registrasi Pengguna Mobile JKN terlebih dahulu (jika belum terdaftar user Mobile JKN) dengan memilih ""Daftar"". Terima kasih.";2025-12-15 06:07:00;;;;;;;;
39c3eb7e-a167-4068-945c-424176f82b06;Marselinus Hendratno;https://play-lh.googleusercontent.com/a-/ALV-UjVrJvkZJW9Ms1qmaY1GYX1PNzdEK-snV_YgpR9as9PEWalwv9C3;mantap;5;0;4.14.0;2025-12-04 04:33:47;Hi... Terima kasih atas review dan rating yang diberikan. Kami akan terus melakukan perbaikan dan penyempurnaan aplikasi Mobile JKN untuk memberikan kemudahan bagi peserta dan calon peserta JKN. Jika ada kendala, Anda dapat menghubungi Care Center BPJS Kesehatan melalui nomor 165 (24 jam). Terima kasih.;2025-12-15 06:08:58;4.14.0;;;;;;;
f0b4e888-723d-4c03-a8b3-ceb13648c997;rhen ajah;https://play-lh.googleusercontent.com/a/ACg8ocLkbD50hUP0HEUBRDtuaRFtJQpP5PzU20CPMzuHJEwP9CiP=mo;oke;5;0;;2025-12-04 04:26:39;Mohon maaf atas ketidaknyamanannya. Terkait kendala yang dialami, Anda dapat menyampaikan kendala dengan melampirkan tangkapan layar/video dengan device lain ke alamat email : carecenter@bpjs-kesehatan.go.id untuk kemudahan proses tindak lanjut. Terima kasih.;2025-12-15 06:09:04;;;;;;;;
c8051a74-d472-4a69-b604-1fdf96d2b390;Pricilli Putri Ayu Deswani;https://play-lh.googleusercontent.com/a-/ALV-UjXVKosQDpHgMD2AXWunX2InEKQlYlQjeWP3o5Z8jBRF48RwKjvz;Aplikasinya sangat bermanfaat sekali;5;0;4.14.0;2025-12-04 04:17:42;Mohon maaf atas ketidaknyamanannya. Terkait kendala yang dialami, Anda dapat menyampaikan kendala dengan melampirkan tangkapan layar/video dengan device lain ke alamat email : carecenter@bpjs-kesehatan.go.id untuk kemudahan proses tindak lanjut. Terima kasih.;2025-12-15 06:09:06;4.14.0;;;;;;;
f8cd04fd-f70c-432b-a36d-c55188326228;Gunawan Sinaga;https://play-lh.googleusercontent.com/a/ACg8ocJkk0drMr9pqvx5mb_9Pnk7orpz-wctJrIgpEgrtF2Z5qvlvQ=mo;Mau lihat nomor BPJS sendiri aja ribet amat,,, kek mau pinjeman online segala... ckckck apa²an apk kek gini, dibikin ribet,,, tinggal masukin NIK doank apa susahnya? knp masih harus video selfi kek pinjaman online???;1;0;;2025-12-04 04:07:12;Hi... Terima kasih atas review dan rating yang diberikan. Kami akan terus melakukan perbaikan dan penyempurnaan aplikasi Mobile JKN untuk memberikan kemudahan bagi peserta dan calon peserta JKN. Jika ada kendala, Anda dapat menghubungi Care Center BPJS Kesehatan melalui nomor 165 (24 jam). Terima kasih.;2025-12-15 06:08:54;;;;;;;;
e876f1bc-83d9-48bf-bfb7-2465bcd2d8d3;Sungai Duri;https://play-lh.googleusercontent.com/a/ACg8ocIiWQV8GUnRr_JOUGD4fBdO_pTidv-jp_-hpoOHrsFqTugNAw=mo;mudah dan sangat membantu;5;0;4.14.0;2025-12-04 03:52:43;Hi... Terima kasih atas review dan rating yang diberikan. Kami akan terus melakukan perbaikan dan penyempurnaan aplikasi Mobile JKN untuk memberikan kemudahan bagi peserta dan calon peserta JKN. Jika ada kendala, Anda dapat menghubungi Care Center BPJS Kesehatan melalui nomor 165 (24 jam). Terima kasih.;2025-12-15 06:08:55;4.14.0;;;;;;;
354e42a2-a358-4e99-98fa-f0fc99f3811a;Yuli Ana;https://play-lh.googleusercontent.com/a-/ALV-UjVpnJP-sE8DGZNS_FOMV_LPwi9itGA5E40dOMw92XPORR1U6HQ;good;5;0;4.14.0;2025-12-04 03:45:13;Hi... Terima kasih atas review dan rating yang diberikan. Kami akan terus melakukan perbaikan dan penyempurnaan aplikasi Mobile JKN untuk memberikan kemudahan bagi peserta dan calon peserta JKN. Jika ada kendala, Anda dapat menghubungi Care Center BPJS Kesehatan melalui nomor 165 (24 jam). Terima kasih.;2025-12-15 06:08:52;4.14.0;;;;;;;
ca9aeae6-90b3-471c-8154-e40b7cd738da;Frendli Wirnawan;https://play-lh.googleusercontent.com/a-/ALV-UjVs3wgYCBMzFkHkh0Vm8IDwSEZf--KoADta_mC3vAZMQhTn0MfO;dengan adanya jkn sangat membantu;5;0;4.14.0;2025-12-04 03:44:28;Mohon maaf atas ketidaknyamanannya BPJS Kesehatan berusaha memberikan keamanan dan kemudahan kepada peserta saat melakukan login aplikasi mobile JKN dengan menggunakan NIK yang merupakan upaya dalam memberikan perlindungan kepada peserta dari orang lain yang tidak bertanggung jawab. Terima kasih.;2025-12-15 06:09:15;4.14.0;;;;;;;
a54e0a97-b919-4c62-a16b-e483f7b11e15;Krist Gunawan;https://play-lh.googleusercontent.com/a-/ALV-UjVefBAvEYsFyQkf_F1NUXGe3spzG-suYT_ViTQX_WN6KpIw2s_y;aplikasi sangat membantu;5;0;4.14.0;2025-12-04 03:41:27;Hi... Terima kasih atas review dan rating yang diberikan. Kami akan terus melakukan perbaikan dan penyempurnaan aplikasi Mobile JKN untuk memberikan kemudahan bagi peserta dan calon peserta JKN. Jika ada kendala, Anda dapat menghubungi Care Center BPJS Kesehatan melalui nomor 165 (24 jam). Terima kasih.;2025-12-15 06:08:50;4.14.0;;;;;;;
d2e1d7c3-fd16-4e28-a72d-e6d3a8db7c76;Shopi Yanah;https://play-lh.googleusercontent.com/a/ACg8ocJoYGa1japVXY49DGDWeAykJo5A7hPY1FNa-Zp9C3gMZzW_nw=mo;sangat bermanfaat sekali 🤲🙏👌;5;0;4.14.0;2025-12-04 03:24:46;Hi... Terima kasih atas review dan rating yang diberikan. Kami akan terus melakukan perbaikan dan penyempurnaan aplikasi Mobile JKN untuk memberikan kemudahan bagi peserta dan calon peserta JKN. Jika ada kendala, Anda dapat menghubungi Care Center BPJS Kesehatan melalui nomor 165 (24 jam). Terima kasih.;2025-12-15 06:08:37;4.14.0;;;;;;;
35c11644-3085-4684-9f22-5da7e3bfd1d4;Muhammad Fatih Rasydan;https://play-lh.googleusercontent.com/a/ACg8ocJkBnDcFRC1nPHyUiYtMiAn8r__KcZDZxun99AIkIs3quAIWw=mo;semoga membantu yh , good job;5;0;4.14.0;2025-12-04 03:24:43;Hi... Terima kasih atas review dan rating yang diberikan. Kami akan terus melakukan perbaikan dan penyempurnaan aplikasi Mobile JKN untuk memberikan kemudahan bagi peserta dan calon peserta JKN. Jika ada kendala, Anda dapat menghubungi Care Center BPJS Kesehatan melalui nomor 165 (24 jam). Terima kasih.;2025-12-15 06:09:53;4.14.0;;;;;;;
fa63c43f-93e8-41fa-b82f-56c0f8ab51d1;rantaur 092;https://play-lh.googleusercontent.com/a-/ALV-UjVl9QbA-v3CTTOFDweizvFddFup69euvkcr2MEC2AVv6D2F29U0;mantap;5;0;4.14.0;2025-12-04 03:19:02;Hi... Terima kasih atas review dan rating yang diberikan. Kami akan terus melakukan perbaikan dan penyempurnaan aplikasi Mobile JKN untuk memberikan kemudahan bagi peserta dan calon peserta JKN. Jika ada kendala, Anda dapat menghubungi Care Center BPJS Kesehatan melalui nomor 165 (24 jam). Terima kasih.;2025-12-15 06:09:49;4.14.0;;;;;;;
14f48347-86f1-41f2-a301-26fcf0e75310;Saidi Halim;https://play-lh.googleusercontent.com/a-/ALV-UjWUroDv_jsCSt7BNLo14igKwEu7Kw9Ritld_Jqk_A8w3o9NvoY;sippp;5;0;;2025-12-04 03:11:52;Hi... Terima kasih atas review dan rating yang diberikan. Kami akan terus melakukan perbaikan dan penyempurnaan aplikasi Mobile JKN untuk memberikan kemudahan bagi peserta dan calon peserta JKN. Jika ada kendala, Anda dapat menghubungi Care Center BPJS Kesehatan melalui nomor 165 (24 jam). Terima kasih.;2025-12-15 06:09:50;;;;;;;;
a1604a4b-9387-4fbf-aba9-75894072ca2f;Arif Wij;https://play-lh.googleusercontent.com/a-/ALV-UjWeV-j2iUfAAXXRlRmT3JgphJW49LfEWvXYPfI3sjP1mBSR5Fc;sangat puas;5;0;4.14.0;2025-12-04 03:11:16;Hi... Terima kasih atas review dan rating yang diberikan. Kami akan terus melakukan perbaikan dan penyempurnaan aplikasi Mobile JKN untuk memberikan kemudahan bagi peserta dan calon peserta JKN. Jika ada kendala, Anda dapat menghubungi Care Center BPJS Kesehatan melalui nomor 165 (24 jam). Terima kasih.;2025-12-15 06:09:48;4.14.0;;;;;;;
af5e6036-9859-4a5c-a36e-e095601b221d;roy samboh;https://play-lh.googleusercontent.com/a/ACg8ocJSuxmHrbiZUInpVIaWtt0lLvmsNIUdQFrf3-EqiFAP5ZCHKQ=mo;aplikasi busuk,gak logout masa logout terus,harus bikin baru setiap bulan,badan dah meriang lemes mau priksa aja dipersulit harus jadi dulu mobile JKN nya,,hallo...kita bayar lho setiap bulan masa iya mau periksa sulit.tolonglah diperbaiki sistemnya.coba kalo orang tua yg gaptek gak bisa update setiap bulannya,,mikir gak sampe kesitu.ayolah kerjasamanya jangan bikin kecewa.;1;0;4.14.0;2025-12-04 03:10:10;Hi... Terima kasih atas review dan rating yang diberikan. Kami akan terus melakukan perbaikan dan penyempurnaan aplikasi Mobile JKN untuk memberikan kemudahan bagi peserta dan calon peserta JKN. Jika ada kendala, Anda dapat menghubungi Care Center BPJS Kesehatan melalui nomor 165 (24 jam). Terima kasih.;2025-12-15 06:09:45;4.14.0;;;;;;;
7544ec78-1ea2-4103-a668-d342b3565dd9;Citra Wahyuni;https://play-lh.googleusercontent.com/a/ACg8ocIWx5XYzXLRZ818BX_f8Lh3SypBymYm0NrlI0L-VNCiGKfi4w=mo;nice semakin mudah penggunaanya;5;0;4.14.0;2025-12-04 03:03:34;Hi... Terima kasih atas review dan rating yang diberikan. Kami akan terus melakukan perbaikan dan penyempurnaan aplikasi Mobile JKN untuk memberikan kemudahan bagi peserta dan calon peserta JKN. Jika ada kendala, Anda dapat menghubungi Care Center BPJS Kesehatan melalui nomor 165 (24 jam). Terima kasih.;2025-12-15 06:09:44;4.14.0;;;;;;;
54368146-2d5e-4de8-9d7f-71e0b46fca94;Tri Widyan;https://play-lh.googleusercontent.com/a-/ALV-UjXc-Up5dGRuQS4qSwZtlYftSDxMunrjB8jdK2hkkP3ChbGCWA98;Terimakasih;5;0;4.14.0;2025-12-04 02:59:58;Mohon maaf atas ketidaknyamanannya BPJS Kesehatan berusaha memberikan keamanan dan kemudahan kepada peserta saat melakukan login aplikasi mobile JKN dengan menggunakan NIK yang merupakan upaya dalam memberikan perlindungan kepada peserta dari orang lain yang tidak bertanggung jawab. Terima kasih.;2025-12-15 06:09:28;4.14.0;;;;;;;
14a67be4-21b2-4dad-a4e9-adf01d5f7da3;ibnu hajar;https://play-lh.googleusercontent.com/a-/ALV-UjVaVWgUjTHedpmx0kn97wr5I2VmEWlrKYAFwpHKAorMrgeOHlU6;kok gak bisa lagi ambil screenshot? lu kira orangtua itu bisa mengoperasikan aplikasi ini? kita anaknya bantu daftarkan nomor antrian, discreenshot baru dikirimkan. gimana sih punya aplikasi tapi gak pintar, merepotkan orang aja bisanya. emang mau diapain juga screenshot? ini bukan aplikasi perbankan;1;0;4.14.0;2025-12-04 02:50:55;Hi... Terima kasih atas review dan rating yang diberikan. Kami akan terus melakukan perbaikan dan penyempurnaan aplikasi Mobile JKN untuk memberikan kemudahan bagi peserta dan calon peserta JKN. Jika ada kendala, Anda dapat menghubungi Care Center BPJS Kesehatan melalui nomor 165 (24 jam). Terima kasih.;2025-12-15 06:09:42;4.14.0;;;;;;;
14b0727a-29cc-475e-9f6a-04d210f63d92;yosep tangke;https://play-lh.googleusercontent.com/a-/ALV-UjXk-z5JRaYYxCGoYRu-b5ftK2ME3kz8JDE7N3MlJtMsPUtj5Aku;good;5;0;4.14.0;2025-12-04 02:39:53;Hi... Terima kasih atas review dan rating yang diberikan. Kami akan terus melakukan perbaikan dan penyempurnaan aplikasi Mobile JKN untuk memberikan kemudahan bagi peserta dan calon peserta JKN. Jika ada kendala, Anda dapat menghubungi Care Center BPJS Kesehatan melalui nomor 165 (24 jam). Terima kasih.;2025-12-15 06:09:41;4.14.0;;;;;;;
dae1f195-a986-4626-9482-d326a3c3129c;moh faizal;https://play-lh.googleusercontent.com/a/ACg8ocKwrgK5tiJ5NZh-pCQC5lYb8cR-zZewN1D2q_W9Sa_4klL_8w=mo;tidak ramah orang tua lalu fitur screenshot tiket tidak diizinkan. gimana gua ngirim ke mak gua njir emang tolol ni orang pemerintahan kalau bikin kebijakan apapun;1;0;;2025-12-04 02:34:49;Mohon maaf atas ketidaknyamanannya. Terkait kendala yang dialami, Anda dapat menyampaikan kendala dengan melampirkan tangkapan layar/video dengan device lain ke alamat email : carecenter@bpjs-kesehatan.go.id untuk kemudahan proses tindak lanjut. Terima kasih.;2025-12-15 06:16:00;;;;;;;;
e8e84e74-d466-4fee-a2c3-65f723a1e0ad;Faizin Askrida;https://play-lh.googleusercontent.com/a-/ALV-UjUN8PlkvoDtEZ7To0IOMQeaQDwIp33UyTwKyuerI7BBhY9Al1LL;tidak bisa login, dengan di sertai alasan yang tidak falit atau tidak ada dasar yang jelas;1;0;4.13.1;2025-12-04 02:24:04;Hi... Terima kasih atas review dan rating yang diberikan. Kami akan terus melakukan perbaikan dan penyempurnaan aplikasi Mobile JKN untuk memberikan kemudahan bagi peserta dan calon peserta JKN. Jika ada kendala, Anda dapat menghubungi Care Center BPJS Kesehatan melalui nomor 165 (24 jam). Terima kasih.;2025-12-15 06:15:23;4.13.1;;;;;;;
a0e8ae23-ebe8-46d2-9fb2-02263c134483;fa santoso;https://play-lh.googleusercontent.com/a/ACg8ocJU55v0t_rG8B9BOaknnvTW0rTGrgBPgYz7PyLquuZ-y2KU3g=mo;"aplikasi sering eror, jlas"" udah dftr dpt nomer 4, malah di batlkn sma aplikasi, dftr lagi dpt nomer 60";2;0;4.14.0;2025-12-04 02:06:24;Hi... Terima kasih atas review dan rating yang diberikan. Kami akan terus melakukan perbaikan dan penyempurnaan aplikasi Mobile JKN untuk memberikan kemudahan bagi peserta dan calon peserta JKN. Jika ada kendala, Anda dapat menghubungi Care Center BPJS Kesehatan melalui nomor 165 (24 jam). Terima kasih.;2025-12-15 06:15:24;4.14.0;;;;;;;
6c88f3c1-9500-4ac1-b995-238168814a1f;Muhammad sulaiman;https://play-lh.googleusercontent.com/a-/ALV-UjVwPRgkNA8OfwU9XJbs1y9vxKQQmdZV69T613PNRmtJ18D7KTE0;Sangat mudah untuk menggunakan pelayanan BPJS melalui aplikasi JKN Mobile;5;0;2,4;2025-12-04 02:04:26;Mohon maaf atas ketidaknyamanannya. Untuk kenyamanan dan keamanan dalam mendapatkan informasi dan menyampaikan pengaduan terkait program JKN-KIS, mohon dapat menyampaikan data identitas Anda melalui Care Center 165 (24 Jam) atau fitur “Pengaduan Layanan JKN” pada Mobile JKN. Terima kasih.;2025-12-15 06:16:05;2,4;;;;;;;
490fc0a6-7da3-43f8-9ffe-cc9da9d41797;muhammad asfi;https://play-lh.googleusercontent.com/a/ACg8ocIn_hn-V9joLBPTHxI5NNiJ3ZsIG-rxLA2hxYcolaUl1pQ9oA=mo;ok;5;0;4.14.0;2025-12-04 01:56:35;Hi... Terima kasih atas review dan rating yang diberikan. Kami akan terus melakukan perbaikan dan penyempurnaan aplikasi Mobile JKN untuk memberikan kemudahan bagi peserta dan calon peserta JKN. Jika ada kendala, Anda dapat menghubungi Care Center BPJS Kesehatan melalui nomor 165 (24 jam). Terima kasih.;2025-12-15 06:15:31;4.14.0;;;;;;;
c69144ae-609f-45ee-93c3-54a4b9c1c99d;Nur Ikrimah;https://play-lh.googleusercontent.com/a-/ALV-UjUhZ22lbjhxDlGAjU--zIIAJKqVXjPnW2HO3ZuQqF8GXHPxPy8;bagus fitur lengkap;5;0;;2025-12-04 01:56:16;Hi... Terima kasih atas review dan rating yang diberikan. Kami akan terus melakukan perbaikan dan penyempurnaan aplikasi Mobile JKN untuk memberikan kemudahan bagi peserta dan calon peserta JKN. Jika ada kendala, Anda dapat menghubungi Care Center BPJS Kesehatan melalui nomor 165 (24 jam). Terima kasih.;2025-12-15 06:15:34;;;;;;;;
90fb6949-f32e-4393-86a4-3199d6583ade;yugo nurloh santoso;https://play-lh.googleusercontent.com/a-/ALV-UjUWFheTnc9mDxrEV3zB5EVizBjHoZo81T8XYp-JRoSi4qET-aM;sangat puas;5;0;4.14.0;2025-12-04 01:53:34;Mohon maaf atas ketidaknyamanannya. Untuk kenyamanan dan keamanan dalam mendapatkan informasi dan menyampaikan pengaduan terkait program JKN-KIS, mohon dapat menyampaikan data identitas Anda melalui Care Center 165 (24 Jam) atau fitur “Pengaduan Layanan JKN” pada Mobile JKN. Terima kasih.;2025-12-15 06:16:10;4.14.0;;;;;;;
8f15d5b1-86da-436c-ba57-15776027908c;Budi sukses;https://play-lh.googleusercontent.com/a-/ALV-UjXTTRJhU50FIZakZzjxM2p35iVyfMFec18YKzD2S8A4NrdNnccC;Bagus Aplikasinya;5;0;4.14.0;2025-12-04 01:52:46;Hi... Terima kasih atas review dan rating yang diberikan. Kami akan terus melakukan perbaikan dan penyempurnaan aplikasi Mobile JKN untuk memberikan kemudahan bagi peserta dan calon peserta JKN. Jika ada kendala, Anda dapat menghubungi Care Center BPJS Kesehatan melalui nomor 165 (24 jam). Terima kasih.;2025-12-15 06:15:37;4.14.0;;;;;;;
1055ce69-06de-43df-bbaf-3cd18eae2be1;Abdul Chalim;https://play-lh.googleusercontent.com/a-/ALV-UjUrVMu5WiwJRsqcCh6kcTU6ox5_mv1QULZrnpwrBHPitHWpphBv;sangat mmpermudah dalam proses penggantian faskes 1 dan layanan yg lain, hanya saja sistem sering eror kalo untuk daftar online;5;0;4.14.0;2025-12-04 01:52:33;Mohon maaf atas ketidaknyamanannya. Jika Anda memilih metode verifikasi menggunakan nomor HP pastikan jaringan baik dan nomor HP yang terdaftar adalah nomor HP prabayar yang aktif dengan pulsa yang mencukupi agar kode OTP dapat masuk. Terima kasih.;2025-12-15 06:16:21;4.14.0;;;;;;;
564ae157-98e1-46b4-b937-eeacc8cef3f6;Wawan Mamonto;https://play-lh.googleusercontent.com/a-/ALV-UjUn2Rv7BmMQ2a16U-Pcbt6yvKLB9QXVX6EaG_yCMvkcW1NFwKg;sangat cepat dan memuaskan;5;0;;2025-12-04 01:52:26;Hi... Terima kasih atas review dan rating yang diberikan. Kami akan terus melakukan perbaikan dan penyempurnaan aplikasi Mobile JKN untuk memberikan kemudahan bagi peserta dan calon peserta JKN. Jika ada kendala, Anda dapat menghubungi Care Center BPJS Kesehatan melalui nomor 165 (24 jam). Terima kasih.;2025-12-15 06:17:03;;;;;;;;
cac0f96e-6c59-49c2-ba80-3eab605f6bb5;Rendy Maulana;https://play-lh.googleusercontent.com/a/ACg8ocJNUNvojfA7Xk4naVMKP16UkvPqF6P2eL6Vxy4AMmdR5cIjKA=mo;Sering minta update, kalo dah update gak bisa login peringatan nik salah, bener2 menyusahkan aplikasinya;1;0;4.14.0;2025-12-04 01:46:52;Mohon maaf atas ketidaknyamanannya. Untuk kenyamanan dan keamanan dalam mendapatkan informasi dan menyampaikan pengaduan terkait program JKN-KIS, mohon dapat menyampaikan data identitas Anda melalui Care Center 165 (24 Jam) atau fitur “Pengaduan Layanan JKN” pada Mobile JKN. Terima kasih.;2025-12-15 06:17:12;4.14.0;;;;;;;
533b1978-a0a2-41e5-a97c-724c94e20df8;Iskandar;https://play-lh.googleusercontent.com/a-/ALV-UjX6tIlcPPo_T3LStHn5P6P_ry2K6yO533UvcTHpPJSGL6tw6-CN;bikin emosi ini apk niat ga buat digunain, tiba tiba logout pas masuk malah dikatain salah padahal semua udah bener, suruh chat Pandawa lemot juga balesan udah 3 hari ga da respon udah ku coba lupa sandi udah ku isi nomer telp kedaftar email ke daftar malah dikata nomer sama email belum kedaftar gimana ceritanya;1;0;4.14.0;2025-12-04 01:39:28;Hi... Terima kasih atas review dan rating yang diberikan. Kami akan terus melakukan perbaikan dan penyempurnaan aplikasi Mobile JKN untuk memberikan kemudahan bagi peserta dan calon peserta JKN. Jika ada kendala, Anda dapat menghubungi Care Center BPJS Kesehatan melalui nomor 165 (24 jam). Terima kasih.;2025-12-15 06:17:05;4.14.0;;;;;;;
b11f3d11-e35e-4e94-bcd0-a5f100ce6d36;Yona Suyatman;https://play-lh.googleusercontent.com/a-/ALV-UjWzjt7RW6HfKMtglEWrJvSSKPIywzFUtLramMGKV-bBdKIBdgmc;good;5;0;4.14.0;2025-12-04 01:39:02;Mohon maaf atas ketidaknyamanannya. Untuk kenyamanan dan keamanan dalam mendapatkan informasi dan menyampaikan pengaduan terkait program JKN-KIS, mohon dapat menyampaikan data identitas Anda melalui Care Center 165 (24 Jam) atau fitur “Pengaduan Layanan JKN” pada Mobile JKN. Terima kasih.;2025-12-15 06:17:15;4.14.0;;;;;;;
432235ff-e083-4878-9bcb-812180866763;Wirawan HD;https://play-lh.googleusercontent.com/a-/ALV-UjXAISkvQFvOBdKyi5zVH-R2egaW2uiVIVPYvABU3YYVqZ4kM1Dk;bagus;5;0;4.14.0;2025-12-04 01:23:36;Hi... Terima kasih atas review dan rating yang diberikan. Kami akan terus melakukan perbaikan dan penyempurnaan aplikasi Mobile JKN untuk memberikan kemudahan bagi peserta dan calon peserta JKN. Jika ada kendala, Anda dapat menghubungi Care Center BPJS Kesehatan melalui nomor 165 (24 jam). Terima kasih.;2025-12-15 06:16:58;4.14.0;;;;;;;
e7f659d7-5575-4dc5-826f-c4812a0786c7;Liu Liu;https://play-lh.googleusercontent.com/a/ACg8ocI_S1xunZ2GxE8YS0-_AoCsxX09gB5pXluMoHUP0kWHeHcCfQ=mo;bikin repot;1;0;;2025-12-04 01:22:16;Hi... Terima kasih atas review dan rating yang diberikan. Kami akan terus melakukan perbaikan dan penyempurnaan aplikasi Mobile JKN untuk memberikan kemudahan bagi peserta dan calon peserta JKN. Jika ada kendala, Anda dapat menghubungi Care Center BPJS Kesehatan melalui nomor 165 (24 jam). Terima kasih.;2025-12-15 06:17:40;;;;;;;;
f8f08946-30b1-4353-bb7d-fe4166e73438;Rental Mobil Tour dan Travel ARKHANZA;https://play-lh.googleusercontent.com/a/ACg8ocLKRSVmo0E_S5oHnUo0fJdfokRk6gE9f3eavrRGwLgeaw9DnA=mo;mantap kali app nya;5;0;;2025-12-04 01:20:08;Hi... Terima kasih atas review dan rating yang diberikan. Kami akan terus melakukan perbaikan dan penyempurnaan aplikasi Mobile JKN untuk memberikan kemudahan bagi peserta dan calon peserta JKN. Jika ada kendala, Anda dapat menghubungi Care Center BPJS Kesehatan melalui nomor 165 (24 jam). Terima kasih.;2025-12-15 06:16:54;;;;;;;;
d9b7bfd5-7753-46e6-9515-34267c1ddb56;Mansur Sanjaya;https://play-lh.googleusercontent.com/a-/ALV-UjXxfocPAO-f9x52AltVNC89vRWfBOretMJYjCgxY75fmxgWjDY;tiba tiba loguot,mau login lagi ada notif nik/pin salah terus padahal sudah benar;1;0;4.14.0;2025-12-04 01:18:31;"Mohon maaf atas ketidaknyamanannya. Jika Anda sudah memiliki user Pengguna Mobile JKN, dapat langsung masuk/login dengan menginput NIK KTP dan password yang sudah didaftarkan. atau lakukan registrasi Pengguna Mobile JKN terlebih dahulu (jika belum terdaftar user Mobile JKN) dengan memilih ""Daftar"". Terima kasih.";2025-12-15 06:17:35;4.14.0;;;;;;;
6d18d354-d5c0-4c19-8e44-c1ea8c123923;Kiyai Bandi;https://play-lh.googleusercontent.com/a/ACg8ocK5HACkqMM8WLGXRlcC2gElnQXl1r91b6E6R1Z-4zCoRs466w=mo;sangat membantu;5;0;4.14.0;2025-12-04 01:17:31;Hi... Terima kasih atas review dan rating yang diberikan. Kami akan terus melakukan perbaikan dan penyempurnaan aplikasi Mobile JKN untuk memberikan kemudahan bagi peserta dan calon peserta JKN. Jika ada kendala, Anda dapat menghubungi Care Center BPJS Kesehatan melalui nomor 165 (24 jam). Terima kasih.;2025-12-15 06:16:50;4.14.0;;;;;;;
b9982912-93aa-46df-b5b5-199a764f778a;Ipur HananZi;https://play-lh.googleusercontent.com/a/ACg8ocL0i2sBaRZkvYe5wMW9HwfoduKiK_H6TnqDxygCMjth7VJIKw=mo;ini kenapa tidak bisa screenshot nomor antrian? beberapa orang tua itu kurang memahami apliaksi ini, mereka bisa WA saja sudah bagus;1;0;4.14.0;2025-12-04 01:16:09;Hi... Terima kasih atas review dan rating yang diberikan. Kami akan terus melakukan perbaikan dan penyempurnaan aplikasi Mobile JKN untuk memberikan kemudahan bagi peserta dan calon peserta JKN. Jika ada kendala, Anda dapat menghubungi Care Center BPJS Kesehatan melalui nomor 165 (24 jam). Terima kasih.;2025-12-15 06:16:52;4.14.0;;;;;;;
dec0d5b7-f9cc-41d5-b897-cf943457407b;Rosetta Lynn;https://play-lh.googleusercontent.com/a-/ALV-UjW7HJVpv59sXHKiePMSC18Uhc45gaX3aovEEbYFH-uJYkuPiUTI;maaf ada sedikit kendala di verifikasi nomor, disaat mau verifikasi di mintai metode tpi hanya ada kotak kosong mohon bantuannya;4;0;4.14.0;2025-12-04 01:00:18;Mohon maaf atas ketidaknyamanannya. Terkait kendala yang dialami, Anda dapat menyampaikan kendala dengan melampirkan tangkapan layar/video dengan device lain ke alamat email : carecenter@bpjs-kesehatan.go.id untuk kemudahan proses tindak lanjut. Terima kasih.;2025-12-15 06:18:36;4.14.0;;;;;;;
04955fa5-5290-4750-8ced-0ca2c101f9d0;nadhorsan;https://play-lh.googleusercontent.com/a-/ALV-UjWYrtqoBjWQo75w6f8CeAQprQmdltXc0ELLGCS2RjCDYt9wCC8;aplikasi makin rumit.masih banyak yg perlu dibenahi;1;0;;2025-12-04 00:57:29;Hi... Terima kasih atas review dan rating yang diberikan. Kami akan terus melakukan perbaikan dan penyempurnaan aplikasi Mobile JKN untuk memberikan kemudahan bagi peserta dan calon peserta JKN. Jika ada kendala, Anda dapat menghubungi Care Center BPJS Kesehatan melalui nomor 165 (24 jam). Terima kasih.;2025-12-15 06:17:51;;;;;;;;
9a6e0a00-5b24-4840-b488-c4176e484e94;Ujang Supiyandi;https://play-lh.googleusercontent.com/a-/ALV-UjWauk5FFaUtpp3Z942MiHX134GXPEL1MYr3-kxAL5HcB9VMPxU;apk ini eror sendiri jadi tidak mudah untuk digunakan bikin susah;1;0;;2025-12-04 00:49:12;Hi... Terima kasih atas review dan rating yang diberikan. Kami akan terus melakukan perbaikan dan penyempurnaan aplikasi Mobile JKN untuk memberikan kemudahan bagi peserta dan calon peserta JKN. Jika ada kendala, Anda dapat menghubungi Care Center BPJS Kesehatan melalui nomor 165 (24 jam). Terima kasih.;2025-12-15 06:17:52;;;;;;;;
ab985af5-f179-4603-a569-8c95db0ffef1;Rani Zkyh;https://play-lh.googleusercontent.com/a/ACg8ocLw8GgB9p9J3EHmVTkT-o2XkyKtWNGy77V2pZvvqXx8_Qg2qw=mo;bagus mempermudah ganti faskes;5;0;4.14.0;2025-12-04 00:35:12;Mohon maaf atas ketidaknyamanannya. Terkait kendala yang dialami, Anda dapat menyampaikan kendala dengan melampirkan tangkapan layar/video dengan device lain ke alamat email : carecenter@bpjs-kesehatan.go.id untuk kemudahan proses tindak lanjut. Terima kasih.;2025-12-15 06:18:36;4.14.0;;;;;;;
015ef958-0991-4a67-92d0-ccd257f3265e;Fitria Scorpio;https://play-lh.googleusercontent.com/a-/ALV-UjVFBk3exltASNnzKJorHe-BY-z1WCR_DZWPcnjqLUVT5Yhv214;"lupa password ""PERMINTAAN BELUM BISA DILAKUKAN"" bukan jaringan yang error tapi memang aplikasinya busuk,, tidak ada alternatif lain untuk recovery password selain dateng kekantor yang merepotkan";1;0;4.14.0;2025-12-04 00:32:26;Hi... Terima kasih atas review dan rating yang diberikan. Kami akan terus melakukan perbaikan dan penyempurnaan aplikasi Mobile JKN untuk memberikan kemudahan bagi peserta dan calon peserta JKN. Jika ada kendala, Anda dapat menghubungi Care Center BPJS Kesehatan melalui nomor 165 (24 jam). Terima kasih.;2025-12-15 06:18:03;4.14.0;;;;;;;
309b93fb-9fff-4acc-84a4-afa00416845c;Jusman Sebatik;https://play-lh.googleusercontent.com/a/ACg8ocIENRmm1UE6FhJqxJizZ_ysgt4XY-MZY4PDznlRL_6we24Fng=mo;kalo cuma buat mmpersulit masyarakat buat apa... smua jd ribet gra2 ni apk... kontrol sbulan skli... tp mau dftar antran apk logout sndiri... mau login lgi d persulit.. aneh emang;1;0;;2025-12-04 00:26:09;Hi... Terima kasih atas review dan rating yang diberikan. Kami akan terus melakukan perbaikan dan penyempurnaan aplikasi Mobile JKN untuk memberikan kemudahan bagi peserta dan calon peserta JKN. Jika ada kendala, Anda dapat menghubungi Care Center BPJS Kesehatan melalui nomor 165 (24 jam). Terima kasih.;2025-12-15 06:18:06;;;;;;;;
49b414b5-fd84-4992-afbf-8b3686106b70;yonas devendra;https://play-lh.googleusercontent.com/a/ACg8ocLvyzkWfyZza7LTIZSNmgXMNZpaLR2ynVEePp2UpMF9Dvx5=mo;sangat bermanfaat;5;0;4.14.0;2025-12-04 00:15:00;Hi... Terima kasih atas review dan rating yang diberikan. Kami akan terus melakukan perbaikan dan penyempurnaan aplikasi Mobile JKN untuk memberikan kemudahan bagi peserta dan calon peserta JKN. Jika ada kendala, Anda dapat menghubungi Care Center BPJS Kesehatan melalui nomor 165 (24 jam). Terima kasih.;2025-12-15 06:18:07;4.14.0;;;;;;;
538c755d-48a9-4f02-97ae-7932d2e2d1ac;Ajat Sodikin;https://play-lh.googleusercontent.com/a-/ALV-UjXV1eG47OvvNHpQIGpMsTb787yOJAdj4lRbbD79KixMktiEMiVJ;setelah update banyak iklan judol;1;0;4.14.0;2025-12-04 00:07:41;"Mohon maaf atas ketidaknyamanannya. Jika Anda sudah memiliki user Pengguna Mobile JKN, dapat langsung masuk/login dengan menginput NIK KTP dan password yang sudah didaftarkan. atau lakukan registrasi Pengguna Mobile JKN terlebih dahulu (jika belum terdaftar user Mobile JKN) dengan memilih ""Daftar"". Terima kasih.";2025-12-15 06:18:19;4.14.0;;;;;;;
4ef5c190-24eb-4b7b-a10d-6d7156e69e74;nidarwati harefa;https://play-lh.googleusercontent.com/a-/ALV-UjXYgZg1xHvaVbgOX--oUwa34--GNHCkFo3Rd-VPFkolcTJIGQzgOg;tiba2 log out sendiri dan susah log in meskipun semua sudah benar. bukannya tambah mudah pakai online, yang ada tambah diruwet sama aplikasinya.;1;0;4.14.0;2025-12-04 00:07:38;Hi... Terima kasih atas review dan rating yang diberikan. Kami akan terus melakukan perbaikan dan penyempurnaan aplikasi Mobile JKN untuk memberikan kemudahan bagi peserta dan calon peserta JKN. Jika ada kendala, Anda dapat menghubungi Care Center BPJS Kesehatan melalui nomor 165 (24 jam). Terima kasih.;2025-12-15 06:18:12;4.14.0;;;;;;;
20317691-4bc8-4cab-8f3e-9677358ed3b1;riya rahayu;https://play-lh.googleusercontent.com/a-/ALV-UjXbxfibhZuSv2RShddzV88befwmrWZ3l4_b2ko_NW-NIrd50E4;halo saya ingin menyampaikan masalah password yg di masukkan selalu tidak benar padahal saya memasukkan pw yang sama,, setelah lupa kata sandi kode Verifikasi pun tidak kunjung di kirim,, ada hal sudah berkali kali.. susah bngt pdahal mau pindah faskes;5;0;4.14.0;2025-12-04 00:00:14;Hi... Terima kasih atas review dan rating yang diberikan. Kami akan terus melakukan perbaikan dan penyempurnaan aplikasi Mobile JKN untuk memberikan kemudahan bagi peserta dan calon peserta JKN. Jika ada kendala, Anda dapat menghubungi Care Center BPJS Kesehatan melalui nomor 165 (24 jam). Terima kasih.;2025-12-15 06:18:13;4.14.0;;;;;;;
ab959b77-4cd8-4144-8423-b84276d22902;Ardi Ansyah;https://play-lh.googleusercontent.com/a/ACg8ocIDwe4qjh4OCqseGdxDI1E4mSWy7H68kxzXNqe2C4frYdLDR18=mo;mudah cepat ramah;5;0;;2025-12-03 23:59:26;Hi... Terima kasih atas review dan rating yang diberikan. Kami akan terus melakukan perbaikan dan penyempurnaan aplikasi Mobile JKN untuk memberikan kemudahan bagi peserta dan calon peserta JKN. Jika ada kendala, Anda dapat menghubungi Care Center BPJS Kesehatan melalui nomor 165 (24 jam). Terima kasih.;2025-12-15 06:19:16;;;;;;;;
cc5bc6d6-0cbb-4066-8a53-afa35bae4769;Ahmad Afandi;https://play-lh.googleusercontent.com/a-/ALV-UjVg7U0MkroJPBrqiOh48rkXd5YXgFYADmZTNck0BvRWbNv4tot2;sangat mudah dipahami;4;0;4.14.0;2025-12-03 23:45:04;Hi... Terima kasih atas review dan rating yang diberikan. Kami akan terus melakukan perbaikan dan penyempurnaan aplikasi Mobile JKN untuk memberikan kemudahan bagi peserta dan calon peserta JKN. Jika ada kendala, Anda dapat menghubungi Care Center BPJS Kesehatan melalui nomor 165 (24 jam). Terima kasih.;2025-12-15 06:19:14;4.14.0;;;;;;;
eedc6212-c33b-47ef-aff1-f855218bbba0;Anto Julianto12;https://play-lh.googleusercontent.com/a/ACg8ocJIoccetTWZRBfguQ1tju51eFqT9wimR2FoAMzOikHg2HmuwQ=mo;mau punya akun di mobile JKN ribet. udh kaya mau daftar PNS. Klo bisa di persulit buat apa di permudah;1;0;4.14.0;2025-12-03 23:13:50;"Mohon maaf atas ketidaknyamanannya. Jika Anda sudah memiliki user Pengguna Mobile JKN, dapat langsung masuk/login dengan menginput NIK KTP dan password yang sudah didaftarkan. atau lakukan registrasi Pengguna Mobile JKN terlebih dahulu (jika belum terdaftar user Mobile JKN) dengan memilih ""Daftar"". Terima kasih.";2025-12-15 06:19:32;4.14.0;;;;;;;
4f092ae6-50be-4074-b8f7-2a46f1b31147;SYIAR CHANNEL;https://play-lh.googleusercontent.com/a-/ALV-UjWB_lYnD3nmE4Bwfae93dl9McZE8czSjOL11xeDxgXP0ecYgnQ;apk busuk;1;0;4.14.0;2025-12-03 23:05:17;Hi... Terima kasih atas review dan rating yang diberikan. Kami akan terus melakukan perbaikan dan penyempurnaan aplikasi Mobile JKN untuk memberikan kemudahan bagi peserta dan calon peserta JKN. Jika ada kendala, Anda dapat menghubungi Care Center BPJS Kesehatan melalui nomor 165 (24 jam). Terima kasih.;2025-12-15 06:19:11;4.14.0;;;;;;;
8e3a6cc2-2c02-43e2-8897-c6f5d0d35063;Didi Santoso;https://play-lh.googleusercontent.com/a-/ALV-UjVhyveXXmrtnIDY8e4BNqd3LhtAZCHDkACPif9cXg2sDy8xw01D;good job;5;0;4.14.0;2025-12-03 22:46:22;"Mohon maaf atas ketidaknyamanannya. Jika Anda sudah memiliki user Pengguna Mobile JKN, dapat langsung masuk/login dengan menginput NIK KTP dan password yang sudah didaftarkan. atau lakukan registrasi Pengguna Mobile JKN terlebih dahulu (jika belum terdaftar user Mobile JKN) dengan memilih ""Daftar"". Terima kasih.";2025-12-15 06:19:48;4.14.0;;;;;;;
c0da3528-1920-419a-ad3e-c7c630f90161;Agus Marjaini;https://play-lh.googleusercontent.com/a-/ALV-UjWHwLPwYd7JRQ1XLPx03unhY_D0NS-m6pdvhsC2hRBNUb5kxj4S;semenjak tidak bisa di screenshot asli mempersulit sekali ... mau nunjukin bukti cekin susah...;3;0;4.14.0;2025-12-03 22:45:04;Hi... Terima kasih atas review dan rating yang diberikan. Kami akan terus melakukan perbaikan dan penyempurnaan aplikasi Mobile JKN untuk memberikan kemudahan bagi peserta dan calon peserta JKN. Jika ada kendala, Anda dapat menghubungi Care Center BPJS Kesehatan melalui nomor 165 (24 jam). Terima kasih.;2025-12-15 06:19:08;4.14.0;;;;;;;
d15cb202-063d-4c64-92b8-db2e3732baf5;Ilham Irhamni;https://play-lh.googleusercontent.com/a-/ALV-UjX7BIxOv63vR_NiaAvBuRI0OjZ5nlqwrXCIYLMgjShTby_AiAw1;good job;5;0;4.13.1;2025-12-03 22:38:41;Mohon maaf atas ketidaknyamanannya. Terkait kendala tersebut, mohon dapat melakukan pendaftaran nomor handphone melalui Care Center BPJS Kesehatan melalui nomor 165 (24 jam) atau melalui email : carecenter@bpjs-kesehatan.go.id untuk kemudahan proses tindak lanjut. Terima kasih.;2025-12-15 06:19:03;4.13.1;;;;;;;
10a7fdff-ba10-4b5e-84ba-a18aa39a8269;Heri Yanto;https://play-lh.googleusercontent.com/a-/ALV-UjXd81cdGAHDDqNNVMKkJEO9vswdqGGiCI6YDrf-v4d9DCfDj_78;Ketika mau login, captcha tidak muncul, jaringan internet stabil;2;0;4.14.0;2025-12-03 22:27:08;Hi... Terima kasih atas review dan rating yang diberikan. Kami akan terus melakukan perbaikan dan penyempurnaan aplikasi Mobile JKN untuk memberikan kemudahan bagi peserta dan calon peserta JKN. Jika ada kendala, Anda dapat menghubungi Care Center BPJS Kesehatan melalui nomor 165 (24 jam). Terima kasih.;2025-12-15 06:19:09;4.14.0;;;;;;;
4041f208-1be4-44c7-b350-bd3d42368348;Saepul Anwar;https://play-lh.googleusercontent.com/a/ACg8ocL62wxBUUgg-MDVUPnSRKBm1imPEMF2BfoG_VnJD8vaJV6zOA=mo;setelah update, lha kok login skrg harus pakek NIK, dulu saya login pakek no, mna bisa masuk klau bgini, lha sya dlu daftar pakek no hp, ini sudah ada pemberitahuan sebelumnya apa belum harus pakek NIK..? sya merasa gak da pemberitahuan sebelumnya..?;1;0;4.14.0;2025-12-03 22:21:26;Hi... Terima kasih atas review dan rating yang diberikan. Kami akan terus melakukan perbaikan dan penyempurnaan aplikasi Mobile JKN untuk memberikan kemudahan bagi peserta dan calon peserta JKN. Jika ada kendala, Anda dapat menghubungi Care Center BPJS Kesehatan melalui nomor 165 (24 jam). Semoga Sehat Selalu. Terima kasih.;2025-12-15 06:21:46;4.14.0;;;;;;;
36bbb20f-2ae6-4a64-9d05-653446f0ad24;Dhiyas Mareda;https://play-lh.googleusercontent.com/a-/ALV-UjVqyg2vQJeFi-3rJIrMqevCDcmCWpB0JV3nKzgicc3TxMmjEqexsQ;Bagus bisa membantu juga;5;0;4.14.0;2025-12-03 22:08:54;Mohon maaf atas ketidaknyamanannya. Jika Anda memilih metode verifikasi menggunakan nomor HP pastikan jaringan baik dan nomor HP yang terdaftar adalah nomor HP prabayar yang aktif dengan pulsa yang mencukupi agar kode OTP dapat masuk. Terima kasih.;2025-12-15 06:21:33;4.14.0;;;;;;;
aec7ac2f-9727-4309-954d-f4c726e6ba01;Massuryo Stemsa;https://play-lh.googleusercontent.com/a/ACg8ocLw1CiVog_eQ8nLTkCCN9a0_dYwwEEUTWTepXID2_KMDeKpUw=mo;Aplikasinya bagus dan memudahkan jika antri berobat.. Tapi ko sering logout mulut.. Harus verifikasi sandi dll.. Jadi ribet begini. Mohon diperbaiki;5;0;4.14.0;2025-12-03 21:32:57;Hi... Terima kasih atas review dan rating yang diberikan. Kami akan terus melakukan perbaikan dan penyempurnaan aplikasi Mobile JKN untuk memberikan kemudahan bagi peserta dan calon peserta JKN. Jika ada kendala, Anda dapat menghubungi Care Center BPJS Kesehatan melalui nomor 165 (24 jam). Semoga Sehat Selalu. Terima kasih.;2025-12-15 06:21:44;4.14.0;;;;;;;
97dc242c-b6f9-4bd5-9fbb-8346c92b0802;Ade Sisca;https://play-lh.googleusercontent.com/a/ACg8ocK0Fq0giRpEdmzie-nxDJQqk4uENDEP4NZiPJXZm7pXYwHQAA=mo;apa sih kecelakann pulang kerja harus pake bpjs tenaga kerja. ribet amat bpjs dipisah pisah.;1;0;4.14.0;2025-12-03 20:25:38;Mohon maaf atas ketidaknyamanannya. Untuk kenyamanan dan keamanan dalam mendapatkan informasi dan menyampaikan pengaduan terkait program JKN-KIS, mohon dapat menyampaikan data identitas Anda melalui Care Center 165 (24 Jam) atau fitur “Pengaduan Layanan JKN” pada Mobile JKN. Terima kasih.;2025-12-15 06:21:07;4.14.0;;;;;;;
0ca03177-bb6d-40e4-aa92-975e484f7682;edward rajagukguk;https://play-lh.googleusercontent.com/a/ACg8ocJIsiQ9nb5miQsFsPxJeFG7ygFoFfwaqLJ0Nweo84paGHa3Kw=mo;sangat mudah dan memuaskan;5;0;4.14.0;2025-12-03 18:03:55;Hi... Terima kasih atas review dan rating yang diberikan. Kami akan terus melakukan perbaikan dan penyempurnaan aplikasi Mobile JKN untuk memberikan kemudahan bagi peserta dan calon peserta JKN. Jika ada kendala, Anda dapat menghubungi Care Center BPJS Kesehatan melalui nomor 165 (24 jam). Semoga Sehat Selalu. Terima kasih.;2025-12-15 06:21:41;4.14.0;;;;;;;
6d135cda-d28f-4fdd-ab3c-d5affeea06ac;Iqro Mirzarudin;https://play-lh.googleusercontent.com/a/ACg8ocJHB0pNbHr6PQNO5MLawt8A_Ux8hhQhTT9ZyP6IkG0F_pQRPg=mo;Suka log out sendiri apk nya. Mesti log in lagi, udh berkali² selama pake apk jkn mobile slalu sprti itu;1;0;4.14.0;2025-12-03 17:15:50;"Mohon maaf atas ketidaknyamanannya. Jika Anda sudah memiliki user Pengguna Mobile JKN, dapat langsung masuk/login dengan menginput NIK KTP dan password yang sudah didaftarkan. atau lakukan registrasi Pengguna Mobile JKN terlebih dahulu (jika belum terdaftar user Mobile JKN) dengan memilih ""Daftar"". Terima kasih.";2025-12-15 06:21:13;4.14.0;;;;;;;
151a9943-2fa2-4b9d-8f36-253ceb2dbef1;Samsul Arifin;https://play-lh.googleusercontent.com/a/ACg8ocKxL_5l98HYHhuEfOaCpz_-HkubJVN0s5pS8dNxpIb5iNpjeA=mo;aplikasi bagus.cuman kalau berobat dokter ngk konsisten di antrian jkn jdwal dokter jam 15:00 tau nya dokter datang jam 18:00;5;0;4.14.0;2025-12-03 16:24:25;"Mohon maaf atas ketidaknyamanannya. Jika Anda sudah memiliki user Pengguna Mobile JKN, dapat langsung masuk/login dengan menginput NIK KTP dan password yang sudah didaftarkan. atau lakukan registrasi Pengguna Mobile JKN terlebih dahulu (jika belum terdaftar user Mobile JKN) dengan memilih ""Daftar"". Terima kasih.";2025-12-09 08:08:25;4.14.0;;;;;;;
6ca20de8-2ec7-4bd5-bca3-1ff367ee2367;EDIHABIB11;https://play-lh.googleusercontent.com/a-/ALV-UjWhEy7ea8xPQTXnmu434GPRTb8VGor3PT19CIjgKaX1RpjoSUg;sudah lebih baik;5;0;4.14.0;2025-12-03 16:05:10;Hi... Terima kasih atas review dan rating yang diberikan. Kami akan terus melakukan perbaikan dan penyempurnaan aplikasi Mobile JKN untuk memberikan kemudahan bagi peserta dan calon peserta JKN. Jika ada kendala, Anda dapat menghubungi Care Center BPJS Kesehatan melalui nomor 165 (24 jam). Semoga Sehat Selalu. Terima kasih.;2025-12-09 08:08:00;4.14.0;;;;;;;
99c90d59-77f6-437b-b19f-71d4421d5b11;Erik Berto Sitepu (Sitepu Zarot);https://play-lh.googleusercontent.com/a-/ALV-UjW-RAFscNzAyhH4Sxsn1Nrqw786cSJq707DwMnUBYptm01FQL8;sekarang Alhamdulillah lebih mudah ya .. verivikasi nya lewat WhatsApp jdi nggak perlu ada pulsa, isi layanan nya mudah di mengerti dan sangat membantu;5;0;;2025-12-03 16:02:07;Hi.. Mohon maaf atas ketidaknyamanannya. Pembayaran dengan sistem Auto Debit memberikan kepastian keaktifan kartu serta menghindari terjadinya lupa pembayaran iuran yang dapat menyebabkan denda layanan. Pilihan kanal Bank maupun Non Bank tersedia pada aplikasi Mobile JKN untuk kemudahan dan kenyamanan Anda. Terima kasih.;2025-12-09 08:08:45;;;;;;;;
3392766a-d8a5-4af2-8ed8-7e319e8dc155;Ida Putri;https://play-lh.googleusercontent.com/a/ACg8ocLwDuopvIWtOBSP8-89X5Ba3ISH1s8qKx87uroYJqb3BdwSwg=mo;bagus,,bisa rubah faskes;5;0;4.14.0;2025-12-03 16:00:49;"Mohon maaf atas ketidaknyamanannya. Jika Anda sudah memiliki user Pengguna Mobile JKN, dapat langsung masuk/login dengan menginput NIK KTP dan password yang sudah didaftarkan. atau lakukan registrasi Pengguna Mobile JKN terlebih dahulu (jika belum terdaftar user Mobile JKN) dengan memilih ""Daftar"". Terima kasih.";2025-12-09 08:09:06;4.14.0;;;;;;;
302b0846-536f-412e-875b-a7f7d5d48f7d;Echo Zaputra;https://play-lh.googleusercontent.com/a-/ALV-UjXKdciNgYO1gN0Lxm3NGJbZLzHCGlut4EwCj3rgJJRB0s6JBw4y;aplikasi yang memudahkan untuk mengakses layanan kesehatan 👍👍👍;5;0;4.14.0;2025-12-03 15:38:06;Hi... Terima kasih atas review dan rating yang diberikan. Kami akan terus melakukan perbaikan dan penyempurnaan aplikasi Mobile JKN untuk memberikan kemudahan bagi peserta dan calon peserta JKN. Jika ada kendala, Anda dapat menghubungi Care Center BPJS Kesehatan melalui nomor 165 (24 jam). Semoga Sehat Selalu. Terima kasih.;2025-12-09 08:08:04;4.14.0;;;;;;;
0ddeb1c4-a86b-4117-9286-457ce965b0d3;Barata Yuda;https://play-lh.googleusercontent.com/a-/ALV-UjWAw-ch0DMpExSKqZj98N9umaadkxnUdabUApmBIOQSAyr28Ko;terimakasih atas informasinya dan pelayanannya yang baik;5;0;4.14.0;2025-12-03 15:20:59;Hi... Terima kasih atas review dan rating yang diberikan. Kami akan terus melakukan perbaikan dan penyempurnaan aplikasi Mobile JKN untuk memberikan kemudahan bagi peserta dan calon peserta JKN. Jika ada kendala, Anda dapat menghubungi Care Center BPJS Kesehatan melalui nomor 165 (24 jam). Semoga Sehat Selalu. Terima kasih.;2025-12-09 08:08:06;4.14.0;;;;;;;
e5b91b80-e1f7-44fe-a6df-fba549074971;rain chanel;https://play-lh.googleusercontent.com/a-/ALV-UjURNaQLOz5cj5PDl-30z66Jy4wmIzaqxRItrKQ40WbxZR3UtArQ;Alhamdulillah;5;0;4.14.0;2025-12-03 15:07:21;Hi... Terima kasih atas review dan rating yang diberikan. Kami akan terus melakukan perbaikan dan penyempurnaan aplikasi Mobile JKN untuk memberikan kemudahan bagi peserta dan calon peserta JKN. Jika ada kendala, Anda dapat menghubungi Care Center BPJS Kesehatan melalui nomor 165 (24 jam). Semoga Sehat Selalu. Terima kasih.;2025-12-09 08:08:07;4.14.0;;;;;;;
b3997bcc-0b52-40af-b57e-e4f8095ba0cc;Waluyo H;https://play-lh.googleusercontent.com/a/ACg8ocJRZQ0l2MjHEZCa1hCta2rAc8dl6xBQIuti8rEKlJfD4HWptQ=mo;kok JKN ku ngak bisa di buka;5;0;4.14.0;2025-12-03 15:04:19;Hi... Terima kasih atas review dan rating yang diberikan. Kami akan terus melakukan perbaikan dan penyempurnaan aplikasi Mobile JKN untuk memberikan kemudahan bagi peserta dan calon peserta JKN. Jika ada kendala, Anda dapat menghubungi Care Center BPJS Kesehatan melalui nomor 165 (24 jam). Semoga Sehat Selalu. Terima kasih.;2025-12-09 08:08:14;4.14.0;;;;;;;
218025a6-fa42-4565-aea5-de8776c43801;Alesha27;https://play-lh.googleusercontent.com/a/ACg8ocIrzdxhuxk0ziZdVkpSRQCa4sxdWyEVmK5iNrTDhqBrnF49Gw=mo;aplikasi ini sangat membantu masyarakat terutama yang menggunakan layanan bpjs kesehatan,tapi sayangnya kurang mendetail contohnya keluarga saya yang terdaftar di bpjs itu ada 4 orang tapi saya cek di aplikasi ini tercatat 2 dan terus saya cek di indomaret datanya lengkap tercatat4 orang,seharusnya aplikasi ini lebih akurat datanya karna sangat sangat dibutuhkan pengguna bpjs,semoga kedepanya selalu ada perbaikan sehingga pengguna merasa terbantu oleh aplikasi ini.;5;0;4.14.0;2025-12-03 14:52:19;Hi... Terima kasih atas review dan rating yang diberikan. Kami akan terus melakukan perbaikan dan penyempurnaan aplikasi Mobile JKN untuk memberikan kemudahan bagi peserta dan calon peserta JKN. Jika ada kendala, Anda dapat menghubungi Care Center BPJS Kesehatan melalui nomor 165 (24 jam). Semoga Sehat Selalu. Terima kasih.;2025-12-09 08:08:12;4.14.0;;;;;;;
1369857c-1208-4d4d-81f4-29d49885bcdb;Ati Sri mulyati;https://play-lh.googleusercontent.com/a-/ALV-UjX_KE1nVOSWMt7rF_O4UoI2Utamoo5C7BRjEVbrQAFBF1oRwi0TZg;saya senang jadi peserta BPJS kesehatan;5;0;4.14.0;2025-12-03 14:46:48;Hi... Terima kasih atas review dan rating yang diberikan. Kami akan terus melakukan perbaikan dan penyempurnaan aplikasi Mobile JKN untuk memberikan kemudahan bagi peserta dan calon peserta JKN. Jika ada kendala, Anda dapat menghubungi Care Center BPJS Kesehatan melalui nomor 165 (24 jam). Semoga Sehat Selalu. Terima kasih.;2025-12-09 08:08:12;4.14.0;;;;;;;
81b7bd86-c467-49d5-882d-09eb9def0909;Ayu Ajunu;https://play-lh.googleusercontent.com/a-/ALV-UjVImrI7Wyp8eYakILkiFGXF2ju2Cp5na541R_JkC7805uaU3E0;alhamdulillah membantu;5;0;;2025-12-03 14:31:57;Hi... Terima kasih atas review dan rating yang diberikan. Kami akan terus melakukan perbaikan dan penyempurnaan aplikasi Mobile JKN untuk memberikan kemudahan bagi peserta dan calon peserta JKN. Jika ada kendala, Anda dapat menghubungi Care Center BPJS Kesehatan melalui nomor 165 (24 jam). Semoga Sehat Selalu. Terima kasih.;2025-12-09 08:09:16;;;;;;;;
e6ee9f81-31d9-4436-9de4-7fa5534f20cd;Komar Udin;https://play-lh.googleusercontent.com/a-/ALV-UjVTIk2gT9No49IBwpVrqT07JTeIzqZymaPzJMuWwogzYZtVcNeX;sangat mudah sekali;5;0;4.14.0;2025-12-03 14:19:34;Hi... Terima kasih atas review dan rating yang diberikan. Kami akan terus melakukan perbaikan dan penyempurnaan aplikasi Mobile JKN untuk memberikan kemudahan bagi peserta dan calon peserta JKN. Jika ada kendala, Anda dapat menghubungi Care Center BPJS Kesehatan melalui nomor 165 (24 jam). Semoga Sehat Selalu. Terima kasih.;2025-12-09 08:09:17;4.14.0;;;;;;;
6d11fe44-b4ca-44ef-8b44-9d820f11a7ba;Budi Riyanto;https://play-lh.googleusercontent.com/a-/ALV-UjU7_STPnZHTvs_Zs2eq9JmnfLFVpzOCthIH4dkD80VCrJgyLoI;sangat bermanfaat banget buat kita semua.di beri kemudahan dalam berobat melalui aplikasi ini;5;0;4.13.1;2025-12-03 14:07:14;Hi... Terima kasih atas review dan rating yang diberikan. Kami akan terus melakukan perbaikan dan penyempurnaan aplikasi Mobile JKN untuk memberikan kemudahan bagi peserta dan calon peserta JKN. Jika ada kendala, Anda dapat menghubungi Care Center BPJS Kesehatan melalui nomor 165 (24 jam). Semoga Sehat Selalu. Terima kasih.;2025-12-09 08:09:18;4.13.1;;;;;;;
0b76c0d6-37a0-4e75-ae3b-6e29c6252ccc;Andre Rosemary;https://play-lh.googleusercontent.com/a/ACg8ocJokxgf24JupiAfsPlOM59WWoEPt7lo38-j2oDDSQwxxcCDWLQ=mo;apk bikin sudah rakya kaga bisa verifikasi wajah kocak;1;0;4.14.0;2025-12-03 14:01:33;Hi... Terima kasih atas review dan rating yang diberikan. Kami akan terus melakukan perbaikan dan penyempurnaan aplikasi Mobile JKN untuk memberikan kemudahan bagi peserta dan calon peserta JKN. Jika ada kendala, Anda dapat menghubungi Care Center BPJS Kesehatan melalui nomor 165 (24 jam). Semoga Sehat Selalu. Terima kasih.;2025-12-09 08:11:16;4.14.0;;;;;;;
25687742-8704-459e-8b4f-bd28ceb9558a;NUR YASIN;https://play-lh.googleusercontent.com/a/ACg8ocI_Tea451D6kMLotnWpDBp_WX9sh6lPyuYF9EKzecdgGFQuzg=mo;bagus sekali;5;0;4.14.0;2025-12-03 13:57:31;"Mohon maaf atas ketidaknyamanannya. Jika Anda sudah memiliki user Pengguna Mobile JKN, dapat langsung masuk/login dengan menginput NIK KTP dan password yang sudah didaftarkan. atau lakukan registrasi Pengguna Mobile JKN terlebih dahulu (jika belum terdaftar user Mobile JKN) dengan memilih ""Daftar"". Terima kasih.";2025-12-09 08:11:59;4.14.0;;;;;;;
9e2b9657-278b-4aae-b660-23f52b3a5221;Lina Wd;https://play-lh.googleusercontent.com/a-/ALV-UjU9sFRunrJEZc_JUEV7OzY-Lkut4TES5i2ZrZvECccehJTA03I;Bagus aplikasinya memudahkan dftar online kalau mau priksa sendiri atau daftarin anggota keluarga, tapi tolong dong jangan suka tiba² logout sendiri, jadi harus masuk ulang pake NIK, mending kalau cuma sekali 2 kali, ribet jadinya kalau tiba2 logout. & kenapa sekarang ngga bisa discreenshot, katanya karna berisi informasi privasi dan penting. tp justru bagi aku bisa di screenshot itu membantu kalau mau kasih ss an nomor antrian ke keluarga. please ya min bisa di ss kembalii.;3;0;;2025-12-03 13:56:30;Hi... Terima kasih atas review dan rating yang diberikan. Kami akan terus melakukan perbaikan dan penyempurnaan aplikasi Mobile JKN untuk memberikan kemudahan bagi peserta dan calon peserta JKN. Jika ada kendala, Anda dapat menghubungi Care Center BPJS Kesehatan melalui nomor 165 (24 jam). Semoga Sehat Selalu. Terima kasih.;2025-12-09 08:10:54;;;;;;;;
4c61132c-fb6b-4289-b32e-306253884057;Andre Longkutoy;https://play-lh.googleusercontent.com/a/ACg8ocIL1bwjUTrIXI-SJGsBwWv7EmytkW1MPIZz-xVxnsAfcPPXGA=mo;mantap;5;0;4.14.0;2025-12-03 13:52:19;Hi... Terima kasih atas review dan rating yang diberikan. Kami akan terus melakukan perbaikan dan penyempurnaan aplikasi Mobile JKN untuk memberikan kemudahan bagi peserta dan calon peserta JKN. Jika ada kendala, Anda dapat menghubungi Care Center BPJS Kesehatan melalui nomor 165 (24 jam). Semoga Sehat Selalu. Terima kasih.;2025-12-09 08:10:56;4.14.0;;;;;;;
e3fa27b1-21d2-431b-b624-d6ab61db3baf;David Palti;https://play-lh.googleusercontent.com/a-/ALV-UjUwI_1YcF3UGYHriwkwqyofdVv2gSsnvY0Jc_pJLEjVUNhjeFNp8Q;kenapa dah masuk suka keluar sendiri sih dari aplikasi nya, jadi kalok mau berobat harus masuk lagi masuk lagi kan ribet;3;0;;2025-12-03 13:38:01;Hi... Terima kasih atas review dan rating yang diberikan. Kami akan terus melakukan perbaikan dan penyempurnaan aplikasi Mobile JKN untuk memberikan kemudahan bagi peserta dan calon peserta JKN. Jika ada kendala, Anda dapat menghubungi Care Center BPJS Kesehatan melalui nomor 165 (24 jam). Semoga Sehat Selalu. Terima kasih.;2025-12-09 08:11:03;;;;;;;;
f8a1b958-da43-4c55-8114-3597696e8778;tonpras;https://play-lh.googleusercontent.com/a-/ALV-UjXwNrMTdX6NnzKIkfbiLJyg6sddvamge-MgZ_NZa-ZZK1lt658;mengapa sekarang akses screenshot nya dinonaktifkan? Padahal sgt membantu saya ketika harus ijin dari kantor untuk kontrol rutin setiap minggu. Kebetulan di kantorku ketika ingin pengajuan cuti sakit krn keperluan berobat, hasil screenshot riwayat pelayanan di JKN bisa menjadi evidence pendukung agar dapat diberikan ijin untuk berobat. Sayangnya sekarang kita tdk bisa lagi melakukan screenshot di aplikasi JKN, minggu lalu padahal masih bisa. Sgt berharap akses untuk screenshot jgn ditutup tolong;3;0;;2025-12-03 13:32:34;Hi... Terima kasih atas review dan rating yang diberikan. Kami akan terus melakukan perbaikan dan penyempurnaan aplikasi Mobile JKN untuk memberikan kemudahan bagi peserta dan calon peserta JKN. Jika ada kendala, Anda dapat menghubungi Care Center BPJS Kesehatan melalui nomor 165 (24 jam). Semoga Sehat Selalu. Terima kasih.;2025-12-09 08:11:04;;;;;;;;
7a771806-8db2-4e77-bb14-f1c0cff9ecfd;Latifah Rosadi;https://play-lh.googleusercontent.com/a/ACg8ocJZ5NCrd5pYfC6vWIiYAqEM8e9W4o-rLVdDR33gILt9H08flg=mo;Joss sangat membantu;5;0;4.14.0;2025-12-03 13:31:14;Mohon maaf atas ketidaknyamanannya. Update terbaru bertujuan untuk memberikan keamanan dan kenyamanan Peserta. Jika terjadi kendala, Anda dapat menyampaikan laporan melalui email ke carecenter@bpjs-kesehatan.go.id. Terima kasih.;2025-12-09 08:11:14;4.14.0;;;;;;;
e3e3e53d-b8d9-4463-8ea1-91099566c9c4;Aliyastuti;https://play-lh.googleusercontent.com/a/ACg8ocIYigatRkpvQrcrvr7TnvaundmP4cpUqIw08ra1CxE1p1YbdQ=mo;bagus dan terimakasih JKN;5;0;;2025-12-03 13:25:45;Mohon maaf atas ketidaknyamanannya. Terkait kendala yang dialami, Anda dapat menyampaikan kendala dengan melampirkan tangkapan layar/video dengan device lain ke alamat email : carecenter@bpjs-kesehatan.go.id untuk kemudahan proses tindak lanjut. Terima kasih.;2025-12-09 08:25:09;;;;;;;;
840ffdea-5e6a-4712-a0f6-f8ba5b84c39f;Katharina B;https://play-lh.googleusercontent.com/a/ACg8ocImAchEtH46UqsIyWtmiH6_FxO3HA3BgLmoYFboBup-ZOwR4g=mo;sangat mebantu;5;0;4.14.0;2025-12-03 13:15:18;Mohon maaf atas ketidaknyamanannya. Jika Anda memilih metode verifikasi menggunakan nomor HP pastikan jaringan baik dan nomor HP yang terdaftar adalah nomor HP prabayar yang aktif dengan pulsa yang mencukupi agar kode OTP dapat masuk. Terima kasih.;2025-12-09 08:25:23;4.14.0;;;;;;;
d5965ea3-4d00-4a59-8f3d-b62d8b36c8c9;Susilo orbani Susanti;https://play-lh.googleusercontent.com/a/ACg8ocL9tVYg1es5oy_vAy5cYbChYQj2QSmM2RLyv801IUaqY3b7Rg=mo;sering keluar dari aplikasi sendiri jadi harus login kembali,giliran login udah pke pw yg sesuai,eh oleh pihak mobile jkn ny salah,jdi hrus verifikasi lagi;1;0;;2025-12-03 13:15:10;Mohon maaf atas ketidaknyamanannya. Terkait kendala yang dialami, Anda dapat menyampaikan kendala dengan melampirkan tangkapan layar/video dengan device lain ke alamat email : carecenter@bpjs-kesehatan.go.id untuk kemudahan proses tindak lanjut. Terima kasih.;2025-12-09 08:25:05;;;;;;;;
a9c36f73-791d-40b6-925b-747115455996;Yatmono Hidayat;https://play-lh.googleusercontent.com/a-/ALV-UjXk8RVEfLgX3ouKF-6pEJTDSbfBIAt3pdehC2xshD_NrOTqX6o;sangat mudah sekali🥰🥰;5;0;4.14.0;2025-12-03 12:51:14;Mohon maaf atas ketidaknyamanannya. Jika Anda memilih metode verifikasi menggunakan nomor HP pastikan jaringan baik dan nomor HP yang terdaftar adalah nomor HP prabayar yang aktif dengan pulsa yang mencukupi agar kode OTP dapat masuk. Terima kasih.;2025-12-09 08:24:52;4.14.0;;;;;;;
8f6a2a84-f799-4373-b4f1-702f306c13b5;rajib husein;https://play-lh.googleusercontent.com/a-/ALV-UjWPAwY1-Ft4oQNWHyTWTBIHtTpg6Qp_Tiv14zSU3ycKm19_tpog;aplikasi eror gx bisa d gunakan dengan baik;2;0;4.14.0;2025-12-03 12:51:07;Hi... Terima kasih atas review dan rating yang diberikan. Kami akan terus melakukan perbaikan dan penyempurnaan aplikasi Mobile JKN untuk memberikan kemudahan bagi peserta dan calon peserta JKN. Jika ada kendala, Anda dapat menghubungi Care Center BPJS Kesehatan melalui nomor 165 (24 jam). Terima kasih.;2025-12-09 08:24:20;4.14.0;;;;;;;
1da24e23-2a73-49d9-bbd9-8fe4a81f71ae;Burhan;https://play-lh.googleusercontent.com/a-/ALV-UjXmXCgK-NOuGPv_OY2cWFIA1zyDSO0qBtEVk97OmSV6Uoglh78;apk sampah, 2 Hari nyoba berulang-ulang buat kode Verifikasi gak muncul-muncul, saran aja, kalau apk mentah gausah du publish. malu;1;0;4.14.0;2025-12-03 12:45:18;Hi... Terima kasih atas review dan rating yang diberikan. Kami akan terus melakukan perbaikan dan penyempurnaan aplikasi Mobile JKN untuk memberikan kemudahan bagi peserta dan calon peserta JKN. Jika ada kendala, Anda dapat menghubungi Care Center BPJS Kesehatan melalui nomor 165 (24 jam). Terima kasih.;2025-12-09 08:24:21;4.14.0;;;;;;;
46a56e5b-ba57-4d71-8f8a-70a1df8967f2;Mira Yanti (Amira mitha);https://play-lh.googleusercontent.com/a-/ALV-UjXcAYzOvihBnA88nVso5EI0PWSrQ_OmwdcPhbqrtqvB-66eR97V;makin kesini makin lelett;2;0;4.14.0;2025-12-03 12:44:18;"Mohon maaf atas ketidaknyamanannya. Jika Anda sudah memiliki user Pengguna Mobile JKN, dapat langsung masuk/login dengan menginput NIK KTP dan password yang sudah didaftarkan. atau lakukan registrasi Pengguna Mobile JKN terlebih dahulu (jika belum terdaftar user Mobile JKN) dengan memilih ""Daftar"". Terima kasih.";2025-12-09 08:23:35;4.14.0;;;;;;;
5aace90b-1a1a-4f5b-949f-fb0b1e12c176;DESMAN PEDATI;https://play-lh.googleusercontent.com/a-/ALV-UjV_Izlx9Qj43jyPi1Vebl9rW4NtMvB4T3CZ2rCiBiA5xpaggBA;sanagatttlah membantu masyarakat;5;0;4.2.3;2025-12-03 12:42:41;Hi... Terima kasih atas review dan rating yang diberikan. Kami akan terus melakukan perbaikan dan penyempurnaan aplikasi Mobile JKN untuk memberikan kemudahan bagi peserta dan calon peserta JKN. Jika ada kendala, Anda dapat menghubungi Care Center BPJS Kesehatan melalui nomor 165 (24 jam). Terima kasih.;2025-12-09 08:24:24;4.2.3;;;;;;;
1ad1c7e2-61b3-4da6-96e1-b1a38db599fa;Fauziah Mathea;https://play-lh.googleusercontent.com/a/ACg8ocIp25a7S3IycLn1Vj-cEoNrOzVcMXts8OAVQewzdiLPaNZoUA=mo;ini ko susah banget ya? udah daftar segala macem pas mau tambah antrian di suruhh benerin no hp pas udah di benerin ganti ke yang lain suruh pilih metode, tapi metode nya ga muncul muncul terus gimana ini mau daftar buat kontrol? tolong bantu;2;0;4.14.0;2025-12-03 12:39:40;Terkait kendala tersebut, mohon dapat melakukan pendaftaran akun menggunakan NIK anggota keluarga yang bersangkutan dikarenakan 1 (satu) akun pada Mobile JKN hanya dapat melakukan pengambilan nomor antrean untuk akun dengan NIK peserta yang terdaftar. Terima kasih.;2025-12-09 08:24:37;4.14.0;;;;;;;
38d61468-af92-4581-81fa-63840162108e;CHARIVA HAFIDZAH TANISHA;https://play-lh.googleusercontent.com/a-/ALV-UjWgyoDFn7ic_NLGBvle-luwFa-BlrXB-Hxu1SOuu3yZCqTIy8U;sangat puas;5;0;;2025-12-03 12:35:45;Mohon maaf atas ketidaknyamanannya. Pastikan alamat email Anda telah terdaftar di sistem BPJS Kesehatan sebelumnya. Anda dapat melakukan pendaftaran data nomor handphone serta email melalui Care Center BPJS Kesehatan melalui nomor 165 (24 jam) atau melalui email : carecenter@bpjs-kesehatan.go.id untuk kemudahan proses tindak lanjut. Terima kasih.;2025-12-09 08:26:59;;;;;;;;
e0ce283a-655f-439e-8602-351415716d79;julian alyda;https://play-lh.googleusercontent.com/a-/ALV-UjWKBdFSCQJZWWTqSdmrPT5PAe1Z201O5fj0kMaGqnjU7yZJ9Xg;sangat disukai dan berguna bagi warga indonesia;5;0;4.14.0;2025-12-03 12:20:37;Hi... Terima kasih atas review dan rating yang diberikan. Kami akan terus melakukan perbaikan dan penyempurnaan aplikasi Mobile JKN untuk memberikan kemudahan bagi peserta dan calon peserta JKN. Jika ada kendala, Anda dapat menghubungi Care Center BPJS Kesehatan melalui nomor 165 (24 jam). Terima kasih.;2025-12-09 08:26:35;4.14.0;;;;;;;
612d342b-f288-4d5e-84c1-f789ece8ca00;Syamsumin Ismail;https://play-lh.googleusercontent.com/a/ACg8ocLFXAIsBrEmI5HRGjpFiE6ZQbHUPBLhgOhYQPbrik7Hj2FE-A=mo;aplikasi gk jujur nomer nik pasword n cache dah bener masih ja gk bisa login dasar busuk;3;0;4.14.0;2025-12-03 12:14:06;Hi... Terima kasih atas review dan rating yang diberikan. Kami akan terus melakukan perbaikan dan penyempurnaan aplikasi Mobile JKN untuk memberikan kemudahan bagi peserta dan calon peserta JKN. Jika ada kendala, Anda dapat menghubungi Care Center BPJS Kesehatan melalui nomor 165 (24 jam). Terima kasih.;2025-12-09 08:26:38;4.14.0;;;;;;;
017f2ac2-0f5c-40f8-a887-ef38700d2253;Agus Pahrudin;https://play-lh.googleusercontent.com/a-/ALV-UjVU4KpswlDe38pOObJiawJ28Dm41XHrwLsYwAcZrzJIWhHdpH7I;Kren. mantap;5;0;4.14.0;2025-12-03 12:11:40;Hi... Terima kasih atas review dan rating yang diberikan. Kami akan terus melakukan perbaikan dan penyempurnaan aplikasi Mobile JKN untuk memberikan kemudahan bagi peserta dan calon peserta JKN. Jika ada kendala, Anda dapat menghubungi Care Center BPJS Kesehatan melalui nomor 165 (24 jam). Terima kasih.;2025-12-09 08:26:41;4.14.0;;;;;;;
cc66e9af-8179-4bb6-b3f8-16f2676a88aa;Dani Hamdani;https://play-lh.googleusercontent.com/a/ACg8ocJ51pQ5iXQfxvzA2pogNkzhGiZrvrjkA0MrbO4nUETvHJaabQ=mo;tolong lah ya, screenshot nomer antrian aja gk bisa, dikira semua org punya koneksi internet;1;0;4.14.0;2025-12-03 12:07:28;Hi... Terima kasih atas review dan rating yang diberikan. Kami akan terus melakukan perbaikan dan penyempurnaan aplikasi Mobile JKN untuk memberikan kemudahan bagi peserta dan calon peserta JKN. Jika ada kendala, Anda dapat menghubungi Care Center BPJS Kesehatan melalui nomor 165 (24 jam). Terima kasih.;2025-12-09 08:26:44;4.14.0;;;;;;;
fa14d57f-107c-4d3c-b7ce-b28b6c3e72fb;HEF Family;https://play-lh.googleusercontent.com/a-/ALV-UjWGDgQo6svzhBHmbHJie8goz1wV9oJIjBuSYFT--Wgr3bfEFw1k;saya mau nambah anak ke 2 tapi kok nggak bisa ya ? alasan ibu hamil Idak terdaftar ,ya emng tidak terdaftar di JKN aku karna dia terdaftar di kantor nya sendiri solusi nya apa ya...biar anak ke 2 sYa bisa didaftarkan di JKN ini masa aistri saya harus berubah ke saya dulu sih baru anak ke 2 bisa terdaftar....sedang KL saya masukan data istri sudah terdaftar sebagai peserta dari akntor nya istri ...tolong abntu solusinya ya;2;0;4.14.0;2025-12-03 11:46:01;Hi... Terima kasih atas review dan rating yang diberikan. Kami akan terus melakukan perbaikan dan penyempurnaan aplikasi Mobile JKN untuk memberikan kemudahan bagi peserta dan calon peserta JKN. Jika ada kendala, Anda dapat menghubungi Care Center BPJS Kesehatan melalui nomor 165 (24 jam). Terima kasih.;2025-12-09 08:26:45;4.14.0;;;;;;;
d6242b2e-f9da-4d6b-b33e-9b25cc78a8cd;Sinta Purnamasari;https://play-lh.googleusercontent.com/a/ACg8ocJUabSjh42NNw358psqTchGthTuAxZTb1zWxajJf4Sfnp5FoA=mo;semoga bermanfaat 👍;5;0;4.14.0;2025-12-03 11:42:04;Hi... Terima kasih atas review dan rating yang diberikan. Kami akan terus melakukan perbaikan dan penyempurnaan aplikasi Mobile JKN untuk memberikan kemudahan bagi peserta dan calon peserta JKN. Jika ada kendala, Anda dapat menghubungi Care Center BPJS Kesehatan melalui nomor 165 (24 jam). Terima kasih.;2025-12-09 08:26:48;4.14.0;;;;;;;
1cc8aea9-5cda-4578-8797-150d667c7620;Atik Mutiani;https://play-lh.googleusercontent.com/a/ACg8ocJkGwM_TFnxIsDC10YfJkUTN_T7maIgrUT_b2kre-OoezD6MQ=mo;aplikasi nya tidak membantu sudah lama antri tapi gak dipanggil harus ke sini entah gimana gak jelas niat mau berobat malah gak jadi aneh emang;1;0;4.14.0;2025-12-03 11:39:44;Hi... Terima kasih atas review dan rating yang diberikan. Kami akan terus melakukan perbaikan dan penyempurnaan aplikasi Mobile JKN untuk memberikan kemudahan bagi peserta dan calon peserta JKN. Jika ada kendala, Anda dapat menghubungi Care Center BPJS Kesehatan melalui nomor 165 (24 jam). Terima kasih.;2025-12-09 08:26:49;4.14.0;;;;;;;
9ad3d604-6322-4c4f-aa18-96b4bd2ae9d7;Nur Lita;https://play-lh.googleusercontent.com/a/ACg8ocI3vWAQ8NTeZ3DNTvrNTqdoddl5qoHv3hZckqKE4Oz261V--w=mo;kecewa untuk update an sekarang gak bisa di screenshot kasihan kalau ortunya mau mendaftar soalnya terkadang tidak bisa daftar online sendiri.;3;0;;2025-12-03 11:24:59;Hi... Terima kasih atas review dan rating yang diberikan. Kami akan terus melakukan perbaikan dan penyempurnaan aplikasi Mobile JKN untuk memberikan kemudahan bagi peserta dan calon peserta JKN. Jika ada kendala, Anda dapat menghubungi Care Center BPJS Kesehatan melalui nomor 165 (24 jam). Terima kasih.;2025-12-09 08:26:51;;;;;;;;
4ce841f3-d765-40a2-b92e-a522c9211cac;Sri Wahyuningsih;https://play-lh.googleusercontent.com/a-/ALV-UjXL7fRTeBxMXInCapprA3TMwARqD1OWmyxY5RVp9KEPDgbxCs7U;sangat membantu untk melakukan perpindahan paskes tdk usah repot-repot ke kantor BPJS;5;0;4.14.0;2025-12-03 11:12:47;Hi... Terima kasih atas review dan rating yang diberikan. Kami akan terus melakukan perbaikan dan penyempurnaan aplikasi Mobile JKN untuk memberikan kemudahan bagi peserta dan calon peserta JKN. Jika ada kendala, Anda dapat menghubungi Care Center BPJS Kesehatan melalui nomor 165 (24 jam). Terima kasih.;2025-12-09 08:27:38;4.14.0;;;;;;;
356992d4-25d0-48bc-920f-f86e22b25c2f;Rusmiati Congkeng;https://play-lh.googleusercontent.com/a/ACg8ocLAYexnzwB_wpnZgDEekFZPVqXou4QHEatZc2jyjUYxzyv4Pw=mo;akhir nya bisa rubah faskes melalui mobile jkn .. terimakasih sudah memudahkan 👍👍🙏;5;0;;2025-12-03 10:56:48;"Mohon maaf atas ketidaknyamanannya. Jika Anda sudah memiliki user Pengguna Mobile JKN, dapat langsung masuk/login dengan menginput NIK KTP dan password yang sudah didaftarkan. atau lakukan registrasi Pengguna Mobile JKN terlebih dahulu (jika belum terdaftar user Mobile JKN) dengan memilih ""Daftar"". Terima kasih.";2025-12-09 08:27:51;;;;;;;;
5bc5cba3-bf1c-42ed-b29d-abbf5ddc020d;Rjsl Rspn;https://play-lh.googleusercontent.com/a-/ALV-UjVbmsc82M_NsSxuBMUkdUrbXtA87q3mCd0OHiWMVAkJ980dOQkUcQ;ribet verifikasi dah bener tiba2 nomer hp berubah;1;0;4.14.0;2025-12-03 10:54:24;Hi... Terima kasih atas review dan rating yang diberikan. Kami akan terus melakukan perbaikan dan penyempurnaan aplikasi Mobile JKN untuk memberikan kemudahan bagi peserta dan calon peserta JKN. Jika ada kendala, Anda dapat menghubungi Care Center BPJS Kesehatan melalui nomor 165 (24 jam). Terima kasih.;2025-12-09 08:27:36;4.14.0;;;;;;;
5ba8bc25-ebe3-49f0-b5d9-ec5b77db07e6;Lulial Fitri;https://play-lh.googleusercontent.com/a/ACg8ocI5z9mQwCf2zK-tW-JKYxQuZhB99npvm9Py8y4ZMbSjEWHH4Q=mo;susah banget kalo mau login tolong di perbaiki lagi;3;0;4.14.0;2025-12-03 10:50:14;"Mohon maaf atas ketidaknyamanannya. Jika Anda sudah memiliki user Pengguna Mobile JKN, dapat langsung masuk/login dengan menginput NIK KTP dan password yang sudah didaftarkan. atau lakukan registrasi Pengguna Mobile JKN terlebih dahulu (jika belum terdaftar user Mobile JKN) dengan memilih ""Daftar"". Terima kasih.";2025-12-09 08:28:11;4.14.0;;;;;;;
79f73c9d-0d51-475f-a343-8b39be2f03ba;GATOT SUTOYO;https://play-lh.googleusercontent.com/a-/ALV-UjVuFNoRI86dTx9q_MXhZ9NWRbzSzvIB-A76pDvIwPwagve0vWfd;jika login, akun belom terdaftar, pas daftar akun sudah terdaftar, intinya susah buat login;1;0;4.14.0;2025-12-03 10:38:58;Hi... Terima kasih atas review dan rating yang diberikan. Kami akan terus melakukan perbaikan dan penyempurnaan aplikasi Mobile JKN untuk memberikan kemudahan bagi peserta dan calon peserta JKN. Jika ada kendala, Anda dapat menghubungi Care Center BPJS Kesehatan melalui nomor 165 (24 jam). Terima kasih.;2025-12-09 08:27:34;4.14.0;;;;;;;
192cafdd-b412-4543-a658-3e295a86b5dc;nazwa mcsyr;https://play-lh.googleusercontent.com/a-/ALV-UjXB27znTC6owMT1XxwlDOInQuOH5DPOwCqC3JsK5v83KCDP4DE;ribet bgt anj, smenjak d update nomor telpon d akun nya malah jdi tidak terdaftar , pdhal nomor nya sama yg itu;1;0;4.11.2;2025-12-03 10:30:43;Hi... Terima kasih atas review dan rating yang diberikan. Kami akan terus melakukan perbaikan dan penyempurnaan aplikasi Mobile JKN untuk memberikan kemudahan bagi peserta dan calon peserta JKN. Jika ada kendala, Anda dapat menghubungi Care Center BPJS Kesehatan melalui nomor 165 (24 jam). Terima kasih.;2025-12-09 08:27:34;4.11.2;;;;;;;
5aae5b86-f336-4100-a27f-5e38061712c3;Acep Japet;https://play-lh.googleusercontent.com/a/ACg8ocKDSTRdr2vMjAAvVfdoiw-nqzmNqfJt6nDth89whqKcqGlslg=mo;bisa mengetahui faskes yg di milikki;5;0;4.14.0;2025-12-03 10:18:22;Hi... Terima kasih atas review dan rating yang diberikan. Kami akan terus melakukan perbaikan dan penyempurnaan aplikasi Mobile JKN untuk memberikan kemudahan bagi peserta dan calon peserta JKN. Jika ada kendala, Anda dapat menghubungi Care Center BPJS Kesehatan melalui nomor 165 (24 jam). Terima kasih.;2025-12-09 08:27:32;4.14.0;;;;;;;
33ff7c45-b97a-4b36-8605-cc84fff03d8e;Andi Nursalim;https://play-lh.googleusercontent.com/a-/ALV-UjW-r8mVnhPqaH1VhxgyiWm1Qts1jY_2nu8TBxLtUGCUh-bFMvA;bagus,tingkatkan terus pelayanan terbaiknya BPJS;5;0;4.14.0;2025-12-03 10:15:30;Mohon maaf atas ketidaknyamanannya. Jika Anda memilih metode verifikasi menggunakan nomor HP pastikan jaringan baik dan nomor HP yang terdaftar adalah nomor HP prabayar yang aktif dengan pulsa yang mencukupi agar kode OTP dapat masuk. Terima kasih.;2025-12-09 08:27:21;4.14.0;;;;;;;
1d4fd73d-4bbd-4273-979e-f0eaf336c960;Kis Kis;https://play-lh.googleusercontent.com/a-/ALV-UjXYCwFp56z6Ajvak4_vGXopjZDOX8-AOzgA7fC9MBQosrnAsMM;luar biasa;5;0;4.14.0;2025-12-03 10:13:42;Hi... Terima kasih atas review dan rating yang diberikan. Kami akan terus melakukan perbaikan dan penyempurnaan aplikasi Mobile JKN untuk memberikan kemudahan bagi peserta dan calon peserta JKN. Jika ada kendala, Anda dapat menghubungi Care Center BPJS Kesehatan melalui nomor 165 (24 jam). Terima kasih.;2025-12-09 08:27:28;4.14.0;;;;;;;
a97aa8b5-9968-4cd2-bade-b6948ed9b29a;Dessy Anggrainy;https://play-lh.googleusercontent.com/a/ACg8ocI5iRz0NpN084Fs7Ap_9nso-Fgq1qouAjWVrWMzcT_8FnlSpA=mo;sangat sangat membantu;5;0;;2025-12-03 09:57:44;Hi... Terima kasih atas review dan rating yang diberikan. Kami akan terus melakukan perbaikan dan penyempurnaan aplikasi Mobile JKN untuk memberikan kemudahan bagi peserta dan calon peserta JKN. Jika ada kendala, Anda dapat menghubungi Care Center BPJS Kesehatan melalui nomor 165 (24 jam). Terima kasih.;2025-12-09 08:27:29;;;;;;;;
70e9cf9d-0abe-4eed-821d-68a0a7279263;usmanuddin usmanuddin;https://play-lh.googleusercontent.com/a-/ALV-UjWYAXDENcqUdVqcZDzlMF1MJMseDd1qbOD1reeZLjzpHYonvS5S;estimasi tunggu 15 menitt udah 3 jam blm di panggil² harusnya sesuai sih;2;0;4.14.0;2025-12-03 09:46:11;Hi... Terima kasih atas review dan rating yang diberikan. Kami akan terus melakukan perbaikan dan penyempurnaan aplikasi Mobile JKN untuk memberikan kemudahan bagi peserta dan calon peserta JKN. Jika ada kendala, Anda dapat menghubungi Care Center BPJS Kesehatan melalui nomor 165 (24 jam). Terima kasih.;2025-12-09 08:28:28;4.14.0;;;;;;;
e8a3f43f-8c01-48b4-a827-d1257a3cb797;edy purwanto;https://play-lh.googleusercontent.com/a-/ALV-UjXHw2Luv9QDfyuhkON61tXJ70G0fzYc8ohWU0v7PFiOPb2luFbj0A;mempermudah bpjs;5;0;4.14.0;2025-12-03 09:43:54;Hi... Terima kasih atas review dan rating yang diberikan. Kami akan terus melakukan perbaikan dan penyempurnaan aplikasi Mobile JKN untuk memberikan kemudahan bagi peserta dan calon peserta JKN. Jika ada kendala, Anda dapat menghubungi Care Center BPJS Kesehatan melalui nomor 165 (24 jam). Terima kasih.;2025-12-09 08:28:28;4.14.0;;;;;;;
38335dc1-16ef-4b40-8d90-c4645fe1182a;Taris Wasito;https://play-lh.googleusercontent.com/a/ACg8ocK3zTTm1yFWoOZ7Hs9dHFYcOxlhCW7yHkqXz1utEU1RB7kgAS8=mo;pelayanannya baik dan ramah;5;0;4.14.0;2025-12-03 09:26:06;Hi... Terima kasih atas review dan rating yang diberikan. Kami akan terus melakukan perbaikan dan penyempurnaan aplikasi Mobile JKN untuk memberikan kemudahan bagi peserta dan calon peserta JKN. Jika ada kendala, Anda dapat menghubungi Care Center BPJS Kesehatan melalui nomor 165 (24 jam). Terima kasih.;2025-12-09 08:28:32;4.14.0;;;;;;;
4d645ace-7f3f-40b7-83ef-8972ccbae20c;Anwar Pate;https://play-lh.googleusercontent.com/a/ACg8ocJWfTFP8zHWIZtgdrWeamvYQTEzV72UXGwAocwHPq7xrXroxt4Q=mo;semoga aman;5;0;4.14.0;2025-12-03 09:23:45;Hi... Terima kasih atas review dan rating yang diberikan. Kami akan terus melakukan perbaikan dan penyempurnaan aplikasi Mobile JKN untuk memberikan kemudahan bagi peserta dan calon peserta JKN. Jika ada kendala, Anda dapat menghubungi Care Center BPJS Kesehatan melalui nomor 165 (24 jam). Terima kasih.;2025-12-09 08:28:34;4.14.0;;;;;;;
05902f11-0722-46a5-bb56-1383efce3cde;Fitri Handayani;https://play-lh.googleusercontent.com/a/ACg8ocIwWhPvcfqEzuaYuGENbBZg-j8g7Qsx_xoCu-nZJKsyY9lwCw=mo;makasih;5;0;4.14.0;2025-12-03 08:57:29;Hi... Terima kasih atas review dan rating yang diberikan. Kami akan terus melakukan perbaikan dan penyempurnaan aplikasi Mobile JKN untuk memberikan kemudahan bagi peserta dan calon peserta JKN. Jika ada kendala, Anda dapat menghubungi Care Center BPJS Kesehatan melalui nomor 165 (24 jam). Terima kasih.;2025-12-09 08:28:35;4.14.0;;;;;;;
08ec35b1-4b4e-4ec9-a604-0b15c3318b9d;RIZQI PUTRI PERTAMA;https://play-lh.googleusercontent.com/a/ACg8ocKRgXfx0bNyoUldZiByvonryXn2sLuI1Bxr6v0-EPb1sR5Zgg=mo;pelayanan terbaik dan tercepat 👍;5;0;;2025-12-03 08:41:06;Hi... Terima kasih atas review dan rating yang diberikan. Kami akan terus melakukan perbaikan dan penyempurnaan aplikasi Mobile JKN untuk memberikan kemudahan bagi peserta dan calon peserta JKN. Jika ada kendala, Anda dapat menghubungi Care Center BPJS Kesehatan melalui nomor 165 (24 jam). Terima kasih.;2025-12-09 08:28:57;;;;;;;;
5a746a7f-7542-43e3-bb74-05246816c1d9;Bakhitah Betta;https://play-lh.googleusercontent.com/a-/ALV-UjUUKhJxoqpWVWRniVHlagTAPU7uv1V_Sw7Zs2W87OXrKNudHHfC;kenapa gabisa screenshoot? biasanya bisa;3;0;4.14.0;2025-12-03 08:38:59;Hi... Terima kasih atas review dan rating yang diberikan. Kami akan terus melakukan perbaikan dan penyempurnaan aplikasi Mobile JKN untuk memberikan kemudahan bagi peserta dan calon peserta JKN. Jika ada kendala, Anda dapat menghubungi Care Center BPJS Kesehatan melalui nomor 165 (24 jam). Terima kasih.;2025-12-09 08:28:39;4.14.0;;;;;;;
514064c5-54ee-409e-ae34-4a31cb7e2bdf;wisnu dwi wijaya;https://play-lh.googleusercontent.com/a/ACg8ocJElOFpg22xNgwlMVjLdbw2JC_t8Q8PFsMzgNYn4JvQc4Ej_Q=mo;sangat membantu dengan mudah mengaksesnya;5;0;4.14.0;2025-12-03 08:31:07;Mohon maaf atas ketidaknyamanannya. Terkait kendala yang dialami, Anda dapat menyampaikan kendala dengan melampirkan tangkapan layar/video dengan device lain ke alamat email : carecenter@bpjs-kesehatan.go.id untuk kemudahan proses tindak lanjut. Terima kasih.;2025-12-09 08:28:52;4.14.0;;;;;;;
bbb773c7-9675-4f84-9de2-bfd92c95a804;Ju Lek;https://play-lh.googleusercontent.com/a/ACg8ocJjGoYnxEA45xWa_Z68EG5S5S7WyDdjhaF7hFrxBhEPt_vOZg=mo;sayang sekali sekarang di klinik fktp kalau hari minggu tidak mau menerima layanan bpjs, padahal tiap bulan udah bayar iuran bpsj kesehatan;2;0;4.14.0;2025-12-03 08:24:02;Hi... Terima kasih atas review dan rating yang diberikan. Kami akan terus melakukan perbaikan dan penyempurnaan aplikasi Mobile JKN untuk memberikan kemudahan bagi peserta dan calon peserta JKN. Jika ada kendala, Anda dapat menghubungi Care Center BPJS Kesehatan melalui nomor 165 (24 jam). Terima kasih.;2025-12-09 08:28:44;4.14.0;;;;;;;
5ca036d7-2c84-407e-b72f-3f055c7f38b6;Tempik Muda;https://play-lh.googleusercontent.com/a-/ALV-UjUhWc6GI9Q3F0Xiq2t0TUlFCAZWAmWUI60cRwJO9PtNvEGYl78;agak sedikit kecewa, kenapa sering banget ke log out sendiri. giliran pas di log in lagi susahnya minta ampun dan sering error. orang sakit jadi ketunda dulu untuk daftar;3;0;;2025-12-03 08:18:45;Mohon maaf atas ketidaknyamanannya. Untuk kenyamanan dan keamanan dalam mendapatkan informasi dan menyampaikan pengaduan terkait program JKN-KIS, mohon dapat menyampaikan data identitas Anda melalui Care Center 165 (24 Jam) atau fitur “Pengaduan Layanan JKN” pada Mobile JKN. Terima kasih.;2025-12-09 08:29:03;;;;;;;;
c08b48b0-dd38-47af-8550-f14256c1a55d;nasrina phonna;https://play-lh.googleusercontent.com/a/ACg8ocJ2ioGw7yWsg7c_gmLmihGjgHXVGiUfk66c8ADWrEHwXK4L9A=mo;mantap;5;0;4.14.0;2025-12-03 08:09:10;Hi... Terima kasih atas review dan rating yang diberikan. Kami akan terus melakukan perbaikan dan penyempurnaan aplikasi Mobile JKN untuk memberikan kemudahan bagi peserta dan calon peserta JKN. Jika ada kendala, Anda dapat menghubungi Care Center BPJS Kesehatan melalui nomor 165 (24 jam). Terima kasih.;2025-12-09 08:29:46;4.14.0;;;;;;;
545cf952-124b-4d23-93d8-2eb4a8881d01;Dwi Wiyono;https://play-lh.googleusercontent.com/a-/ALV-UjUvWmlRjHINbemMp_PXNdVX9nhBxNbazLDY6_sc9F-blBF9gWGK;Aplikasi kont**, masa nomor antrian bisa duplikat 4-6 orang. Udah ambil no antrian 1 hari sebelum kontrol dapet nomor 8. Pas ngatri, orang yang baru daftar mobil JKN malah dapet antrian nomor 2, 3 itu pun yang bnyak duplikat.;1;0;4.14.0;2025-12-03 08:06:15;Mohon maaf atas ketidaknyamanannya. Untuk kenyamanan dan keamanan dalam mendapatkan informasi dan menyampaikan pengaduan terkait program JKN-KIS, mohon dapat menyampaikan data identitas Anda melalui Care Center 165 (24 Jam) atau fitur “Pengaduan Layanan JKN” pada Mobile JKN. Terima kasih.;2025-12-03 07:52:59;4.14.0;;;;;;;
55c7f313-5e05-492f-b13f-05abf1f9da2d;Taufiq Mohammad;https://play-lh.googleusercontent.com/a-/ALV-UjWYn6y3gc_o9NiOR0mQ28P1VJs4DNQAd2El-nDzr14zpqNJ7iM;mau ambil antrian mudah dengan aplikasi;5;0;4.14.0;2025-12-03 08:04:31;Hi... Terima kasih atas review dan rating yang diberikan. Kami akan terus melakukan perbaikan dan penyempurnaan aplikasi Mobile JKN untuk memberikan kemudahan bagi peserta dan calon peserta JKN. Jika ada kendala, Anda dapat menghubungi Care Center BPJS Kesehatan melalui nomor 165 (24 jam). Terima kasih.;2025-12-09 08:29:44;4.14.0;;;;;;;
8b03a49b-2a76-4aff-813d-dce8f5e2bd84;Khusnul himmah;https://play-lh.googleusercontent.com/a/ACg8ocKqkNxBkjz2gUAXEvTFpiVUzMXrgivbFqhM3VTEeFceglOB4w=mo;memudahkan melakukan pendaftaran antrian;5;0;4.14.0;2025-12-03 08:02:36;Mohon maaf atas ketidaknyamanannya. Terkait kendala tersebut, mohon agar dapat memastikan kombinasi kata sandi yang dimasukkan. Jika masih terdapat kesalahan, dapat kami sarankan agar Bapak/Ibu memilih menu “Lupa Kata Sandi”. Selanjutnya masukkan Nomor Induk Kependudukan dan Captcha. Terima kasih.;2025-12-09 08:30:29;4.14.0;;;;;;;
96ee9d61-67b7-4a1a-a6b4-46f8d5351ca0;D'Rastalov Didi Chan;https://play-lh.googleusercontent.com/a-/ALV-UjULo50Kf9ieiqQLHoDzgj1u-VbbVCc1dhyIqhVCEDj3XuKjzNw;sangat membantu masyarakat kurang mampu dalam mengambil antrian berobat dan mencari kamar di RS;5;0;4.14.0;2025-12-03 08:00:38;Hi... Terima kasih atas review dan rating yang diberikan. Kami akan terus melakukan perbaikan dan penyempurnaan aplikasi Mobile JKN untuk memberikan kemudahan bagi peserta dan calon peserta JKN. Jika ada kendala, Anda dapat menghubungi Care Center BPJS Kesehatan melalui nomor 165 (24 jam). Terima kasih.;2025-12-09 08:29:41;4.14.0;;;;;;;
546df3b5-5cd7-4c37-ad36-7dac8629926c;Ipi;https://play-lh.googleusercontent.com/a-/ALV-UjXjCkgf0QHXl3xNYdH8iNxzf1yehlAJXqoSIF7ePrSoM1AuAJ46;mau masuk jkn susah bgt dah..;2;0;4.14.0;2025-12-03 07:46:08;Mohon maaf atas ketidaknyamanannya. Terkait kendala yang dialami, Anda dapat menyampaikan kendala dengan melampirkan tangkapan layar/video dengan device lain ke alamat email : carecenter@bpjs-kesehatan.go.id untuk kemudahan proses tindak lanjut. Terima kasih.;2025-12-09 08:30:37;4.14.0;;;;;;;
2c6bced5-2c31-4157-a412-eab536ea8919;pretty partie;https://play-lh.googleusercontent.com/a/ACg8ocI_n2KVuI-pR16Lj9eoxpxJl5LQF2HMBQA8vDjrkurdXgf4fg=mo;kebijakan dari BPJS semau-maunya;3;0;4.14.0;2025-12-03 07:07:35;Hi... Terima kasih atas review dan rating yang diberikan. Kami akan terus melakukan perbaikan dan penyempurnaan aplikasi Mobile JKN untuk memberikan kemudahan bagi peserta dan calon peserta JKN. Jika ada kendala, Anda dapat menghubungi Care Center BPJS Kesehatan melalui nomor 165 (24 jam). Terima kasih.;2025-12-09 08:29:41;4.14.0;;;;;;;
25840089-92cd-4210-8b34-e168be4ae9ca;Siti Aisyah;https://play-lh.googleusercontent.com/a-/ALV-UjUa1H7LI6vxb-8s_e6VKR7QDDQ9WzRruCizsIZasUG9yOQ-Lu0;Bagus Banget Aplikasi Mobile JKN sangat bermanfaat;5;0;4.14.0;2025-12-03 07:05:47;Mohon maaf atas ketidaknyamanannya BPJS Kesehatan berusaha memberikan keamanan dan kemudahan kepada peserta saat melakukan login aplikasi mobile JKN dengan menggunakan NIK yang merupakan upaya dalam memberikan perlindungan kepada peserta dari orang lain yang tidak bertanggung jawab. Terima kasih.;2025-12-09 08:30:12;4.14.0;;;;;;;
720cf926-f965-41bc-8ee7-90adaa8e97f9;Eddu Yantek;https://play-lh.googleusercontent.com/a/ACg8ocLGwhIdA9UCekCocWoYBanA5V3KjMyMYwWWHLcVmh8fImrvwA=mo;masukan ya min.. seharusnya di menu *info riwayat pelayanan* tersedia untuk satu keluarga, jadi satu aplikasi bisa untuk satu keluarga;4;0;4.14.0;2025-12-03 06:59:19;Hi... Terima kasih atas review dan rating yang diberikan. Kami akan terus melakukan perbaikan dan penyempurnaan aplikasi Mobile JKN untuk memberikan kemudahan bagi peserta dan calon peserta JKN. Jika ada kendala, Anda dapat menghubungi Care Center BPJS Kesehatan melalui nomor 165 (24 jam). Terima kasih.;2025-12-09 08:29:36;4.14.0;;;;;;;
5aa0e5c3-2205-4b3b-9c7d-557e8a493fbd;Slamet Ira;https://play-lh.googleusercontent.com/a/ACg8ocJbFTJsCsZAYadCfwBCg3a46KT4ItVbiI_Js-UeN6594GjmpA=mo;sangat membantu untuk informasi kepesertaan ,ribet saat masuk dan keluar,banyak tombol yg mesti di klik,......🙏🙏🙏;5;0;4.14.0;2025-12-03 06:44:11;Hi... Terima kasih atas review dan rating yang diberikan. Kami akan terus melakukan perbaikan dan penyempurnaan aplikasi Mobile JKN untuk memberikan kemudahan bagi peserta dan calon peserta JKN. Jika ada kendala, Anda dapat menghubungi Care Center BPJS Kesehatan melalui nomor 165 (24 jam). Terima kasih.;2025-12-09 08:31:01;4.14.0;;;;;;;
842db366-079d-467a-a1cc-0ccb447cc430;Asep Supandi;https://play-lh.googleusercontent.com/a-/ALV-UjVKaFNL9x27_OyqpyzKOl2R9PTAcpYAXI1Usk2rPiEuHBrH2OsS;logout sndiri.pas mau login pass.salah pdhl sdh bener (sdh sy catat) pas daftar ulang katanya akun sdh trdfar. aplikasi cetek dr dl. perbaiki tuh aplikasinya.cetek bgt;1;0;4.14.0;2025-12-03 06:38:19;Hi... Terima kasih atas review dan rating yang diberikan. Kami akan terus melakukan perbaikan dan penyempurnaan aplikasi Mobile JKN untuk memberikan kemudahan bagi peserta dan calon peserta JKN. Jika ada kendala, Anda dapat menghubungi Care Center BPJS Kesehatan melalui nomor 165 (24 jam). Terima kasih.;2025-12-09 08:31:03;4.14.0;;;;;;;
f89425e1-1f03-420f-82dc-3114136bb8bd;Errol Saputra;https://play-lh.googleusercontent.com/a-/ALV-UjXupzqUWRYSCK77LMSyZLP42i13IEnOZTZHMdXcD6eBRjNHOtYT;aplikasi yg sngat mmpersulit ,sulit log in ..bner2 bkin kesel;1;0;;2025-12-03 06:30:27;Hi... Terima kasih atas review dan rating yang diberikan. Kami akan terus melakukan perbaikan dan penyempurnaan aplikasi Mobile JKN untuk memberikan kemudahan bagi peserta dan calon peserta JKN. Jika ada kendala, Anda dapat menghubungi Care Center BPJS Kesehatan melalui nomor 165 (24 jam). Terima kasih.;2025-12-09 08:31:05;;;;;;;;
cad346cd-14c9-410d-9078-00806a697e0d;nining sulbiya;https://play-lh.googleusercontent.com/a-/ALV-UjW7lZ7LQW9W3PZL4S5EHUFq2schO3KqNufdgVWQRSanin5lKJo;keren perbaikan pelayanan nya bisa tlp 165 dari aplikasi walaupun sekian menit terputus.. cukup membantu smoga semakin lebih baik dan tetap baik.;5;0;4.14.0;2025-12-03 06:28:49;Hi... Terima kasih atas review dan rating yang diberikan. Kami akan terus melakukan perbaikan dan penyempurnaan aplikasi Mobile JKN untuk memberikan kemudahan bagi peserta dan calon peserta JKN. Jika ada kendala, Anda dapat menghubungi Care Center BPJS Kesehatan melalui nomor 165 (24 jam). Terima kasih.;2025-12-09 08:31:07;4.14.0;;;;;;;
fb129b7e-5ffd-466a-9aa3-2507eb06ae29;Rumaisho Iskarima;https://play-lh.googleusercontent.com/a/ACg8ocLvph31_0aPSaifpFEme-pMj26P4KdU782mPjx8zPXB4M-E3Q=mo;aplikasi yang sangat membantu untuk layanan kesehatan;5;0;4.14.0;2025-12-03 06:18:15;Hi... Terima kasih atas review dan rating yang diberikan. Kami akan terus melakukan perbaikan dan penyempurnaan aplikasi Mobile JKN untuk memberikan kemudahan bagi peserta dan calon peserta JKN. Jika ada kendala, Anda dapat menghubungi Care Center BPJS Kesehatan melalui nomor 165 (24 jam). Terima kasih.;2025-12-09 08:31:13;4.14.0;;;;;;;
b5a7a2ed-9ecf-40d3-9025-bee50ea5b275;Syamsiah Nurdin;https://play-lh.googleusercontent.com/a/ACg8ocJJpbJhu8G5FFnCNWMzjnaseLFKQpJ-Dd6n_uaMduCgId7pAA=mo;the best;5;0;;2025-12-03 06:04:25;Mohon maaf atas ketidaknyamanannya. Terkait kendala tersebut, mohon agar dapat memastikan kombinasi kata sandi yang dimasukkan. Jika masih terdapat kesalahan, dapat kami sarankan agar Bapak/Ibu memilih menu “Lupa Kata Sandi”. Selanjutnya masukkan Nomor Induk Kependudukan dan Captcha. Terima kasih.;2025-12-09 08:31:31;;;;;;;;
4cac641d-de16-4637-8042-dbecb4691724;Alia Alia;https://play-lh.googleusercontent.com/a/ACg8ocL1FsYe2UPtyr0yuhsJdQsLqXvtb4ZLWaxQ3LyOmmo7-nVy=mo;selalu berikan yg terbaik untuk masyarakat;5;0;;2025-12-03 05:40:25;"Mohon maaf atas ketidaknyamanannya. Jika Anda sudah memiliki user Pengguna Mobile JKN, dapat langsung masuk/login dengan menginput NIK KTP dan password yang sudah didaftarkan. atau lakukan registrasi Pengguna Mobile JKN terlebih dahulu (jika belum terdaftar user Mobile JKN) dengan memilih ""Daftar"". Terima kasih.";2025-12-09 08:32:51;;;;;;;;
bcda9e10-533a-45b2-928f-8ea450fab406;armeideriko yudatama;https://play-lh.googleusercontent.com/a-/ALV-UjUkE6iymchYZP_5W3nuyOfwVyL9sCUD9ZyEviXrR5zi085EARE9;ternyata bagus jga pelayanan via aplikasi skrng. cepat dan tanggap;5;0;;2025-12-03 05:26:48;Mohon maaf atas ketidaknyamanannya. Terkait kendala yang dialami, Anda dapat menyampaikan kendala dengan melampirkan tangkapan layar/video dengan device lain ke alamat email : carecenter@bpjs-kesehatan.go.id untuk kemudahan proses tindak lanjut. Terima kasih.;2025-12-09 08:32:17;;;;;;;;
cdda923e-78c5-4bda-b16e-2bee02c72d48;Sugi Arti;https://play-lh.googleusercontent.com/a/ACg8ocI86Sp7M6GuAZWfHuHHpwYHTelBhYd6Ptros-BWAgCHo1Eb=mo;ga bisa ss, ga bisa masuk di 2 device kalo memang untuk keamanan coba di optimalkan lagi. kita ga selamanya dekat dengan keluarga karena tuntutan pekerjaan,ketika keluarga di kampung sakit dan perlu mendaftar lewat jkn,ternyata bukti pendaftarannya ga bisa di share.;2;0;;2025-12-03 05:14:07;Mohon maaf atas ketidaknyamanannya. Terkait kendala yang dialami, Anda dapat menyampaikan kendala dengan melampirkan tangkapan layar/video dengan device lain ke alamat email : carecenter@bpjs-kesehatan.go.id untuk kemudahan proses tindak lanjut. Terima kasih.;2025-12-09 08:32:18;;;;;;;;
aa034bfe-26a6-4cc3-8d7d-cbf71d08b531;hearteu heart;https://play-lh.googleusercontent.com/a/ACg8ocKRO76bN__4HELxARNV_TKiproBzRV-WFPgi-GY9zDWzvCKRQ=mo;Kalo daftar pake JKN utk Faskes 1 sering eror jrg bgt lgsg bsa. gtw deh;2;0;;2025-12-03 04:58:25;Mohon maaf atas ketidaknyamanannya. Terkait kendala yang dialami, Anda dapat menyampaikan kendala dengan melampirkan tangkapan layar/video dengan device lain ke alamat email : carecenter@bpjs-kesehatan.go.id untuk kemudahan proses tindak lanjut. Terima kasih.;2025-12-09 08:32:05;;;;;;;;
80fcafcd-a625-4fec-9ae4-28567177f04c;Eka Suwati;https://play-lh.googleusercontent.com/a/ACg8ocL2F9lcPxtfDgsI385UQD8asg5VqKw-7HT6ba9ctctu4-afhuw=mo;aplikasi bisa membantu untuk pengecekan aktif tidaknya JKNKIS;5;0;4.14.0;2025-12-03 04:35:12;Hi... Terima kasih atas review dan rating yang diberikan. Kami akan terus melakukan perbaikan dan penyempurnaan aplikasi Mobile JKN untuk memberikan kemudahan bagi peserta dan calon peserta JKN. Jika ada kendala, Anda dapat menghubungi Care Center BPJS Kesehatan melalui nomor 165 (24 jam). Terima kasih.;2025-12-09 08:31:49;4.14.0;;;;;;;
ae133ee6-1aee-435e-9b63-a38d3ccd99f0;Hariati;https://play-lh.googleusercontent.com/a/ACg8ocL4f5qSqwdb_NENcMJF7zQ-vwRCqMNbTW2BCNYrOnSRn0bxMw=mo;kalau udah login engga usah login lagi dongs, udah ngisi bener tapi tetep salah...aneh banget... lagi di butuhin buat sat set kalau login lagi kelamaan, engga semua orang hafal nik... harus nyari dulu ktp 😏;4;0;;2025-12-03 04:32:16;Hi... Terima kasih atas review dan rating yang diberikan. Kami akan terus melakukan perbaikan dan penyempurnaan aplikasi Mobile JKN untuk memberikan kemudahan bagi peserta dan calon peserta JKN. Jika ada kendala, Anda dapat menghubungi Care Center BPJS Kesehatan melalui nomor 165 (24 jam). Terima kasih.;2025-12-09 08:31:51;;;;;;;;
0ce46e92-d0df-4b2b-a3ca-35f2635d20ea;Astary Cullen;https://play-lh.googleusercontent.com/a/ACg8ocJCok8A7XDCkpnytjgvXJB7-asqRxQUiX_4LyS5g7St46q3Qw=mo;akses mudah dlm perubahan data dan pendaftaran. namun saya kira kalo ada perubahan faskes hari itu juga atau brp hari berlaku, ternyata masih nunggu bln berikutnya baru bisa berlaku.;5;0;4.14.0;2025-12-03 04:30:45;Hi... Terima kasih atas review dan rating yang diberikan. Kami akan terus melakukan perbaikan dan penyempurnaan aplikasi Mobile JKN untuk memberikan kemudahan bagi peserta dan calon peserta JKN. Jika ada kendala, Anda dapat menghubungi Care Center BPJS Kesehatan melalui nomor 165 (24 jam). Terima kasih.;2025-12-09 08:33:03;4.14.0;;;;;;;
6bcbef68-a539-406b-aa3a-0da5a99e8d16;Hermawan Syahputra;https://play-lh.googleusercontent.com/a-/ALV-UjUFiAs8B3UYClmT2nq0glSaV27mMI8cPWXEGrYPXxE1EwTxNkcC;terimakasih kasih pemerintah udah membatu keluarga sukses selalu BPJS;5;0;4.14.0;2025-12-03 04:19:09;"Mohon maaf atas ketidaknyamanannya. Jika Anda sudah memiliki user Pengguna Mobile JKN, dapat langsung masuk/login dengan menginput NIK KTP dan password yang sudah didaftarkan. atau lakukan registrasi Pengguna Mobile JKN terlebih dahulu (jika belum terdaftar user Mobile JKN) dengan memilih ""Daftar"". Terima kasih.";2025-12-09 08:33:39;4.14.0;;;;;;;
8a67a468-2acf-4358-aa4b-89105d570534;ucek dua lima /25 channel;https://play-lh.googleusercontent.com/a/ACg8ocKJ5nxSrN5mpQ3XgQIB39M3C2iuYr3ZsOeV-La8y-PQoXkZXDo=mo;membantu ,tapi setelah di upgd malah jadi susah buat log lagi🥲gimana ini;5;0;4.14.0;2025-12-03 04:18:27;Hi... Terima kasih atas review dan rating yang diberikan. Kami akan terus melakukan perbaikan dan penyempurnaan aplikasi Mobile JKN untuk memberikan kemudahan bagi peserta dan calon peserta JKN. Jika ada kendala, Anda dapat menghubungi Care Center BPJS Kesehatan melalui nomor 165 (24 jam). Terima kasih.;2025-12-09 08:33:07;4.14.0;;;;;;;
8a66a5d3-13d7-4b87-b70d-b5582f2747b3;anam choirul;https://play-lh.googleusercontent.com/a-/ALV-UjUArJRpcf-ZNye3HnLQZXE-q-m05vf71sL-jdo0iUK34hXeIGj8;Adain fitur tnya dokter donk... Jadi gk langsung kesana klo bisa di obatin dirumah & itu juga bisa jadi tnya jawab untuk seseorang penderita kolestrol asam urat dll, yg bingung memilih makanan apa...;2;0;;2025-12-03 04:13:39;Hi... Terima kasih atas review dan rating yang diberikan. Kami akan terus melakukan perbaikan dan penyempurnaan aplikasi Mobile JKN untuk memberikan kemudahan bagi peserta dan calon peserta JKN. Jika ada kendala, Anda dapat menghubungi Care Center BPJS Kesehatan melalui nomor 165 (24 jam). Terima kasih.;2025-12-09 08:33:11;;;;;;;;
6c57a6e2-c6f8-4e88-8512-403adc817970;Anto Anto;https://play-lh.googleusercontent.com/a/ACg8ocIdRGhZST6pw_gE8hF9m4XuWeaKhppK9jEy9BApwS7A-ioEYA=mo;sangat membantu skali;5;0;4.14.0;2025-12-03 04:12:21;Hi... Terima kasih atas review dan rating yang diberikan. Kami akan terus melakukan perbaikan dan penyempurnaan aplikasi Mobile JKN untuk memberikan kemudahan bagi peserta dan calon peserta JKN. Jika ada kendala, Anda dapat menghubungi Care Center BPJS Kesehatan melalui nomor 165 (24 jam). Terima kasih.;2025-12-09 08:33:18;4.14.0;;;;;;;
426d2a2d-2c3e-4dd1-b626-8c301406819d;lesti utami;https://play-lh.googleusercontent.com/a-/ALV-UjXloyT-QUrtm5w30IbtDZQO9sozHGRe_47R_givWS3TLOaUbpIXIw;aplikasi yang mudah untuk digunakan,serta banyak manfaat;5;0;4.14.0;2025-12-03 04:05:07;Hi... Terima kasih atas review dan rating yang diberikan. Kami akan terus melakukan perbaikan dan penyempurnaan aplikasi Mobile JKN untuk memberikan kemudahan bagi peserta dan calon peserta JKN. Jika ada kendala, Anda dapat menghubungi Care Center BPJS Kesehatan melalui nomor 165 (24 jam). Terima kasih.;2025-12-09 08:33:21;4.14.0;;;;;;;
ab9a7a75-e325-459e-a267-e750057d7727;dwi pram;https://play-lh.googleusercontent.com/a-/ALV-UjUd93l45PKlML4ttELJzzRMeQKJvgQaPgp3KSz9MdY8MtPRIMMf;ini parah banget sih. masa login mulu. udah gitu kalau lupa password dan mau ganti password bayar dulu pakai sms dan gak bisa pakai email. padahal saya udah pernah masukin email dan sidik jari. tolong lah. masa dikit² login dikit² login. jangan mempersulit hidup orang deh. ini sih gak 100% gratis ya. please, don't be greedy. udah bayar pajak, masa aplikasi kesehatan bayar lagi.;1;0;4.14.0;2025-12-03 04:03:07;Hi... Terima kasih atas review dan rating yang diberikan. Kami akan terus melakukan perbaikan dan penyempurnaan aplikasi Mobile JKN untuk memberikan kemudahan bagi peserta dan calon peserta JKN. Jika ada kendala, Anda dapat menghubungi Care Center BPJS Kesehatan melalui nomor 165 (24 jam). Terima kasih.;2025-12-09 08:33:25;4.14.0;;;;;;;
9813f786-f889-403f-a146-b1715de8989a;Zahra Dinda;https://play-lh.googleusercontent.com/a/ACg8ocJILZis-Ivqt2bCK3HZcp9q1-3SgWMuwUpc2cuuW7k1PYeKFQ=mo;Mempermudah layanan, walaupun harus mikir bagaimana cara penggunaan nya;5;0;4.14.0;2025-12-03 04:01:34;Hi... Terima kasih atas review dan rating yang diberikan. Kami akan terus melakukan perbaikan dan penyempurnaan aplikasi Mobile JKN untuk memberikan kemudahan bagi peserta dan calon peserta JKN. Jika ada kendala, Anda dapat menghubungi Care Center BPJS Kesehatan melalui nomor 165 (24 jam). Terima kasih.;2025-12-09 08:33:26;4.14.0;;;;;;;
1e143ef3-9f9b-4db7-8889-5f4026abb8c8;Abbaz Hollic;https://play-lh.googleusercontent.com/a/ACg8ocKaNM6zORqN5pn-ObvUGhoos0YebNJUAZlRCgvdh-emfuwC8g=mo;aplikasi ini sangat membantu. tetapi ada kendala saat verifikasi nomor telepon. metode verifikasi tidak muncul. mohon diperiksa kembali.;4;0;4.14.0;2025-12-03 03:57:03;"Mohon maaf atas ketidaknyamanannya. Jika Anda sudah memiliki user Pengguna Mobile JKN, dapat langsung masuk/login dengan menginput NIK KTP dan password yang sudah didaftarkan. atau lakukan registrasi Pengguna Mobile JKN terlebih dahulu (jika belum terdaftar user Mobile JKN) dengan memilih ""Daftar"". Terima kasih.";2025-12-09 08:34:18;4.14.0;;;;;;;
d7a1fb13-2f46-4b58-8678-907f5824231a;Jihan S;https://play-lh.googleusercontent.com/a-/ALV-UjXp4QwxdG5v_I3U1FAHmov0A-eBM73UVV-PnH6ePdHPgHc_BCxf;sudah buat 3 akun tapi selalu salah nik, tolong lah, saya mau daftar berobat via online pun jadi sulit, halah;2;0;4.14.0;2025-12-03 03:56:48;"""Hai…Terima kasih atas review dan rating yang diberikan.
Kami akan terus melakukan perbaikan dan penyempurnaan aplikasi Mobile JKN untuk memberikan kecepatan dan kemudahan bagi peserta dan calon peserta JKN. Kami terus melakukan tindaklanjut kendala Aplikasi yang anda alami mohon dapat menyampaikan kendala yang terjadi. Terima kasih.""
";2021-09-17 03:45:01;4.14.0;;;;;;;
434eb64a-a3f8-4972-8ce8-29a28fa621d2;Trie Elva;https://play-lh.googleusercontent.com/a-/ALV-UjWHgWz2i8ezGK9YEaMZ3EwBH0ZmU3xxwtoqFP4HetWQ5in4RsomHQ;Yang bikin aplikasi keliatan otaknya ga jalan. Kalo error diminta screenshot aplikasi, sedangkan sekarang fungsi screenshot dilarang. Bodoh sekali...;1;0;4.14.0;2025-12-03 03:50:01;Hi... Terima kasih atas review dan rating yang diberikan. Kami akan terus melakukan perbaikan dan penyempurnaan aplikasi Mobile JKN untuk memberikan kemudahan bagi peserta dan calon peserta JKN. Jika ada kendala, Anda dapat menghubungi Care Center BPJS Kesehatan melalui nomor 165 (24 jam). Terima kasih.;2025-12-09 08:33:53;4.14.0;;;;;;;
62980141-b075-42a8-b339-dc63944256c7;Kataleya Ervi;https://play-lh.googleusercontent.com/a/ACg8ocIOhbkaqQOG93SV6B55HUCN-jJq1MjFgV9cqJwfQpLVF-RhkQ=mo;di era digital semua lebih mudah trimakasih indonesia🥰😘;5;0;4.14.0;2025-12-03 03:40:38;Mohon maaf atas ketidaknyamanannya. Untuk kenyamanan dan keamanan dalam mendapatkan informasi dan menyampaikan pengaduan terkait program JKN-KIS, mohon dapat menyampaikan data identitas Anda melalui Care Center 165 (24 Jam) atau fitur “Pengaduan Layanan JKN” pada Mobile JKN. Terima kasih.;2025-12-09 08:34:27;4.14.0;;;;;;;
3d07ebba-990a-41bd-8893-29121eeb65e2;Ainur Riski;https://play-lh.googleusercontent.com/a-/ALV-UjVNyfESuT1drTpDCxwrOQ_6IBg385ej-suloWbcFjjVpNcosgGb;pelayanan bagus;5;0;4.14.0;2025-12-03 03:23:51;Hi... Terima kasih atas review dan rating yang diberikan. Kami akan terus melakukan perbaikan dan penyempurnaan aplikasi Mobile JKN untuk memberikan kemudahan bagi peserta dan calon peserta JKN. Jika ada kendala, Anda dapat menghubungi Care Center BPJS Kesehatan melalui nomor 165 (24 jam). Terima kasih.;2025-12-09 08:34:00;4.14.0;;;;;;;
19683971-a749-46cd-983b-c6a290434c93;IRFIANDA YOPIGUSTRI;https://play-lh.googleusercontent.com/a-/ALV-UjUGtY4RbMFpAg7Dq-oDHqWplKJrpdPg-3p13SupvSzrP4qsiU32;Sangat bermanfaat;5;0;4.14.0;2025-12-03 03:20:43;Mohon maaf atas ketidaknyamanannya. Terkait kendala yang dialami, Anda dapat menyampaikan kendala dengan melampirkan tangkapan layar/video dengan device lain ke alamat email : carecenter@bpjs-kesehatan.go.id untuk kemudahan proses tindak lanjut. Terima kasih.;2025-12-09 08:34:09;4.14.0;;;;;;;
a9d57ec2-924f-48f8-8e4d-41ced7dd2e4e;Rosmala Dewi;https://play-lh.googleusercontent.com/a-/ALV-UjU1C8ECsL_b1WpoLWhyri6TB476AehpXO__gJPr2nxVmEFLBgPirQ;kenapa udah terdaftar disuruh daftar lagi, ribet kalo waktu nya mau kontrol ke RS;1;0;4.14.0;2025-12-03 02:55:36;Hi... Terima kasih atas review dan rating yang diberikan. Kami akan terus melakukan perbaikan dan penyempurnaan aplikasi Mobile JKN untuk memberikan kemudahan bagi peserta dan calon peserta JKN. Jika ada kendala, Anda dapat menghubungi Care Center BPJS Kesehatan melalui nomor 165 (24 jam). Terima kasih.;2025-12-09 08:34:01;4.14.0;;;;;;;
917f978d-8a7c-4786-b9b2-f14aef9fd5ce;Edi 123;https://play-lh.googleusercontent.com/a/ACg8ocKuATiezMIG6xTW2yY6mIWvB7qcc57_W9hP-rmk_DlPnHfPtg=mo;la wong udh bayar, status nya malah belum bayar. aneh bener;1;0;4.14.0;2025-12-03 02:54:29;Hi... Terima kasih atas review dan rating yang diberikan. Kami akan terus melakukan perbaikan dan penyempurnaan aplikasi Mobile JKN untuk memberikan kemudahan bagi peserta dan calon peserta JKN. Jika ada kendala, Anda dapat menghubungi Care Center BPJS Kesehatan melalui nomor 165 (24 jam). Terima kasih.;2025-12-09 08:34:04;4.14.0;;;;;;;
0dacb7c8-6806-4d3f-aabe-30bda8b9e2dd;Windi endah sari Windi;https://play-lh.googleusercontent.com/a/ACg8ocJNG-AKIohd4sj00IeolwPEGa0rRejK_0M3UQuyzak7jUjSKg=mo;mudah fitur banyak;5;0;4.14.0;2025-12-03 02:34:35;Hi... Terima kasih atas review dan rating yang diberikan. Kami akan terus melakukan perbaikan dan penyempurnaan aplikasi Mobile JKN untuk memberikan kemudahan bagi peserta dan calon peserta JKN. Jika ada kendala, Anda dapat menghubungi Care Center BPJS Kesehatan melalui nomor 165 (24 jam). Terima kasih.;2025-12-09 08:34:05;4.14.0;;;;;;;
e956cb4a-6110-4d8e-a90d-1fa67100091a;Rani Srimulyani;https://play-lh.googleusercontent.com/a/ACg8ocJugmpAC7n0x5-cnILJVf_QiPqfgdfDDb9hGm5qdJuFCV5ANQ=mo;ampas.... berkali kali minta kirim kode OTP karna lupa password. tapi ga di kirim kirim.. yah ga expect lebih sih dari aplikasi Buatan Indo.. hadeh;1;0;4.14.0;2025-12-03 02:29:14;Hi... Terima kasih atas review dan rating yang diberikan. Kami akan terus melakukan perbaikan dan penyempurnaan aplikasi Mobile JKN untuk memberikan kemudahan bagi peserta dan calon peserta JKN. Jika ada kendala, Anda dapat menghubungi Care Center BPJS Kesehatan melalui nomor 165 (24 jam). Terima kasih.;2025-12-09 08:35:22;4.14.0;;;;;;;
a11444fa-f8e2-4478-8795-c5d54153348b;Achym Litiloly;https://play-lh.googleusercontent.com/a-/ALV-UjXfK3GuL1zm1WneyZDb45xh9c9a9Xgo-FTPM1LjYYsOJgmMXtI;tidak bisa masuk aplikasi;1;0;4.14.0;2025-12-03 02:28:37;Hi... Terima kasih atas review dan rating yang diberikan. Kami akan terus melakukan perbaikan dan penyempurnaan aplikasi Mobile JKN untuk memberikan kemudahan bagi peserta dan calon peserta JKN. Jika ada kendala, Anda dapat menghubungi Care Center BPJS Kesehatan melalui nomor 165 (24 jam). Terima kasih.;2025-12-09 08:35:24;4.14.0;;;;;;;
3c08248f-bbae-422f-8416-b8076d6cfa28;Ahmad Slamet;https://play-lh.googleusercontent.com/a-/ALV-UjWRTF9MZ0SyMdB1QY8SELyGx-PnY5pSFLoQKUw66XENQYfsrTw;mempersulit banget, udh punya BPJS juga harus daftar beginian. mending kalo gampang daftarin nya, bikin emosi aja. dua hari nyoba gagal teru;1;0;;2025-12-03 02:18:18;Hi.. Mohon maaf atas ketidaknyamanannya. Terkait kendala yang dialami, Anda dapat menyampaikan kendala dengan melampirkan screenshot/video ke alamat email : carecenter@bpjs-kesehatan.go.id untuk kemudahan proses tindak lanjut. Terima kasih.;2024-05-01 08:37:34;;;;;;;;
12c42de9-6dd8-4979-b94f-1288b510fbe8;Mohammad Taufiqurrohim;https://play-lh.googleusercontent.com/a-/ALV-UjXbDwVVLVDaHY5-WZaWLHwu6J2YXk-utZkYI0ICzLj4hvPe4fI;3 dulu . susah login ke mobile jkn padahal no aktif dan ada pulsanya ,verifikasi no selalu gagal ketika mau ubah password mobile jkn sudah 1 bulan ini d coba masih tetap tidak bisa login dan ganti password .;3;0;4.7.0;2025-12-03 02:16:31;Hi.. Mohon maaf atas ketidaknyamanannya. Terkait kendala yang dialami, Anda dapat menyampaikan kendala dengan melampirkan screenshot/video ke alamat email : carecenter@bpjs-kesehatan.go.id untuk kemudahan proses tindak lanjut. Terima kasih.;2025-12-09 08:34:41;4.7.0;;;;;;;
cdeb51aa-b6b2-4479-81d3-97279da7ad38;Bagus Yuda;https://play-lh.googleusercontent.com/a/ACg8ocIjGBGVdTWqO3reug1eEvkF8N0Fhg4GIg8Xun71KNPHsBJlRw=mo;Saya salah daftar BPJS mandiri, padahal saya tidak mampu dan bapak saya peserta PBI. Mohon bantuan agar bisa dialihkan jadi PBI juga.;4;0;4.14.0;2025-12-03 02:11:17;Hi.. Mohon maaf atas ketidaknyamanannya. Terkait kendala yang dialami, Anda dapat menyampaikan kendala dengan melampirkan screenshot/video ke alamat email : carecenter@bpjs-kesehatan.go.id untuk kemudahan proses tindak lanjut. Terima kasih.;2025-12-09 08:34:40;4.14.0;;;;;;;
8f0b23a5-f7fa-4ce4-ab6d-6c6f71697652;Mesri Yulia;https://play-lh.googleusercontent.com/a-/ALV-UjUef2-3a4lZAtagT-GIIOv2YY6qgWDfn1z96abtUtF-kd63vd4;aplikasi sampah. masak tiap bulan logout sendiri.. ga bisa diandalkan;1;0;;2025-12-03 02:03:22;Hi... Terima kasih atas review dan rating yang diberikan. Kami akan terus melakukan perbaikan dan penyempurnaan aplikasi Mobile JKN untuk memberikan kemudahan bagi peserta dan calon peserta JKN. Jika ada kendala, Anda dapat menghubungi Care Center BPJS Kesehatan melalui nomor 165 (24 jam). Terima kasih.;2025-12-09 08:35:27;;;;;;;;
d44abf1c-6549-48ea-be26-a92cc9202537;Read One;https://play-lh.googleusercontent.com/a/ACg8ocKJOi1FD6kDgISPzWbhz98cCZP8WKA0S388b-u_dEfSMpcB8w=mo;apk sangat membantu kami mengakses bpjs;5;0;;2025-12-03 02:00:09;Mohon maaf atas ketidaknyamanannya. Terkait kendala tersebut, mohon agar dapat memastikan kombinasi kata sandi yang dimasukkan. Jika masih terdapat kesalahan, dapat kami sarankan agar Bapak/Ibu memilih menu “Lupa Kata Sandi”. Selanjutnya masukkan Nomor Induk Kependudukan dan Captcha. Terima kasih.;2025-12-09 08:35:09;;;;;;;;
662f751d-0261-4609-8810-22b94c8abe28;Ade Suprayitno;https://play-lh.googleusercontent.com/a/ACg8ocK_drb2as9FionhOLkkuWiWprNPcKL5zs0PhJ9SnPThs5V-sg=mo;sangat puas dan bagus;5;0;4.1.1;2025-12-03 01:57:13;Mohon maaf atas ketidaknyamanannya. Untuk kenyamanan dan keamanan dalam mendapatkan informasi dan menyampaikan pengaduan terkait program JKN-KIS, mohon dapat menyampaikan data identitas Anda melalui Care Center 165 (24 Jam) atau fitur “Pengaduan Layanan JKN” pada Mobile JKN. Terima kasih.;2025-12-09 08:34:56;4.1.1;;;;;;;
93b36b47-cbba-4a64-ac6b-51a3d0ee4eef;Yuliana;https://play-lh.googleusercontent.com/a/ACg8ocLZjwQEy59JuVMIX5cX_YgJwplAjqSlkJ5KNVt__ki34S7ppw=mo;mau masuk ke akun lagi susah nya minta ampun. kadang nik salah kata sandi salah, pdhal sebelum nya gk pernah kyak.gtu. paling cuma suruh masukin sandi udah bisa login lagi;1;0;4.14.0;2025-12-03 01:51:51;Hi... Terima kasih atas review dan rating yang diberikan. Kami akan terus melakukan perbaikan dan penyempurnaan aplikasi Mobile JKN untuk memberikan kemudahan bagi peserta dan calon peserta JKN. Jika ada kendala, Anda dapat menghubungi Care Center BPJS Kesehatan melalui nomor 165 (24 jam). Terima kasih.;2025-12-09 08:35:43;4.14.0;;;;;;;
dd695385-f338-4ba0-9171-8a4065db3640;Doni ASR;https://play-lh.googleusercontent.com/a-/ALV-UjV7Y_ml87mq9sWHD_WaGLDiDMYVJdjWw_NDYHbduXbz6nT1U2OM;lebih mudah dan praktik. semoga konsisten;5;0;4.14.0;2025-12-03 01:48:03;Hi... Terima kasih atas review dan rating yang diberikan. Kami akan terus melakukan perbaikan dan penyempurnaan aplikasi Mobile JKN untuk memberikan kemudahan bagi peserta dan calon peserta JKN. Jika ada kendala, Anda dapat menghubungi Care Center BPJS Kesehatan melalui nomor 165 (24 jam). Terima kasih.;2025-12-09 08:35:44;4.14.0;;;;;;;
6a4861dd-b234-419f-a935-58188e007810;bagus rama satriawan;https://play-lh.googleusercontent.com/a-/ALV-UjUHNYQcgncvvAAy-fbO59hMSzoHgQ0gsh0I5kzwufoxDZgIv_-j;luar biasa;5;0;;2025-12-03 01:35:00;"Mohon maaf atas ketidaknyamanannya. Jika Anda sudah memiliki user Pengguna Mobile JKN, dapat langsung masuk/login dengan menginput NIK KTP dan password yang sudah didaftarkan. atau lakukan registrasi Pengguna Mobile JKN terlebih dahulu (jika belum terdaftar user Mobile JKN) dengan memilih ""Daftar"". Terima kasih.";2025-12-09 08:36:17;;;;;;;;
f1d6db53-72fb-4b63-8a4d-1b79645eb6a1;Paulus Suparno;https://play-lh.googleusercontent.com/a-/ALV-UjXFG4HHnw4iL2QcMC5qrJezBI67slnw5VrewSYLdCPPc4X9zxc;kenapa ini akun saya belum terdaftar, lancang Admin;1;0;4.14.0;2025-12-03 01:28:42;Hi... Terima kasih atas review dan rating yang diberikan. Kami akan terus melakukan perbaikan dan penyempurnaan aplikasi Mobile JKN untuk memberikan kemudahan bagi peserta dan calon peserta JKN. Jika ada kendala, Anda dapat menghubungi Care Center BPJS Kesehatan melalui nomor 165 (24 jam). Terima kasih.;2025-12-09 08:35:48;4.14.0;;;;;;;
670023cf-6c55-4b3a-8f2e-4cb3f98aff0f;Ketoprak Pedes;https://play-lh.googleusercontent.com/a/ACg8ocKgSugDKTKogyB-h0cMSOfYnpiwD0j2Pqov4ynnRx4VbTHqNHA=mo;sangat bermanfaat;5;0;;2025-12-03 01:25:20;Mohon maaf atas ketidaknyamanannya. Terkait kendala yang dialami, Anda dapat menyampaikan kendala dengan melampirkan screenshot/video ke alamat email : carecenter@bpjs-kesehatan.go.id untuk kemudahan proses tindak lanjut. Terima kasih.;2025-09-16 07:14:55;;;;;;;;
4e2a1f3b-cbd9-4efe-b1d1-988c4f190fb7;Sudrajat Jajat;https://play-lh.googleusercontent.com/a/ACg8ocKdBqXZP5EsfqpLhoQ9iX18a1yxCpuw9P5f8G-r5789Ca0t7Q=mo;cepat dan mudah;5;0;4.14.0;2025-12-03 01:19:36;Hi... Terima kasih atas review dan rating yang diberikan. Kami akan terus melakukan perbaikan dan penyempurnaan aplikasi Mobile JKN untuk memberikan kemudahan bagi peserta dan calon peserta JKN. Jika ada kendala, Anda dapat menghubungi Care Center BPJS Kesehatan melalui nomor 165 (24 jam). Terima kasih.;2025-12-09 08:35:51;4.14.0;;;;;;;
27a51ed4-49e0-4e62-8a29-e8494b36350b;Novriyan Riyan;https://play-lh.googleusercontent.com/a-/ALV-UjWYyC2hD-4OAjMmL3RFidYIf9fRo59Mt8-Jz9-hS-6FlfTNJ4g;mau bayar aja ribet pake auto debit segala apk sering bermasalah pemilihan non bank saja sedikit sekali;5;0;4.14.0;2025-12-03 01:17:20;Hi... Terima kasih atas review dan rating yang diberikan. Kami akan terus melakukan perbaikan dan penyempurnaan aplikasi Mobile JKN untuk memberikan kemudahan bagi peserta dan calon peserta JKN. Jika ada kendala, Anda dapat menghubungi Care Center BPJS Kesehatan melalui nomor 165 (24 jam). Terima kasih.;2025-12-09 08:35:52;4.14.0;;;;;;;
081031a8-f8e7-43d5-ab1d-decfd1d3a934;Tiara Amalia Rubini;https://play-lh.googleusercontent.com/a-/ALV-UjWQtpt_k2VtGPr6nCzbqneVz86l4wQFYaqepVsIvVsrq5SAaPxK;mudahkan semua pelanan kesehatan;5;0;4.14.0;2025-12-03 00:58:19;Mohon maaf atas ketidaknyamanannya. Terkait kendala yang dialami, Anda dapat menyampaikan kendala dengan melampirkan tangkapan layar/video dengan device lain ke alamat email : carecenter@bpjs-kesehatan.go.id untuk kemudahan proses tindak lanjut. Terima kasih.;2025-12-09 08:36:03;4.14.0;;;;;;;
e35281cc-dfe9-4b20-bc87-65b11e89fe95;Yahya Petot;https://play-lh.googleusercontent.com/a/ACg8ocJvgS7MMpZuCfLe-1mJevU6CpSoLd-6Mtggr6r-tkmTRBFgHg=mo;Saya kembali beli Bintang 5 untuk Aplikasi Mobile JKN ini, awalnya memang selalu gagal dan tidak lama berapa hari saya coba kembali bisa. Mungkin karena jaringan atau memang system Error, tp sudah bisa jadi saya kasih 5 Bintang untuk Mobile JKN.;5;0;4.14.0;2025-12-03 00:57:58;Hi... Terima kasih atas review dan rating yang diberikan. Kami akan terus melakukan perbaikan dan penyempurnaan aplikasi Mobile JKN untuk memberikan kemudahan bagi peserta dan calon peserta JKN. Jika ada kendala, Anda dapat menghubungi Care Center BPJS Kesehatan melalui nomor 165 (24 jam). Terima kasih.;2025-12-09 08:35:55;4.14.0;;;;;;;
9fd9867a-5971-4cd2-b0cb-65975aec5f13;fatchur rozi;https://play-lh.googleusercontent.com/a/ACg8ocLjdXySE2IUbSTj7AqVbq9BHLYOU-opIXe5bKukuLcCVAkcYQ=mo;susah untuk verifikasi,bikin darah tinggi verifikasi pake wajah RIBETT;1;0;;2025-12-03 00:57:00;Hi... Terima kasih atas review dan rating yang diberikan. Kami akan terus melakukan perbaikan dan penyempurnaan aplikasi Mobile JKN untuk memberikan kemudahan bagi peserta dan calon peserta JKN. Jika ada kendala, Anda dapat menghubungi Care Center BPJS Kesehatan melalui nomor 165 (24 jam). Terima kasih.;2025-12-09 08:37:05;;;;;;;;
2dfa8127-fda5-4295-b7a3-2bd261cc17ad;ayu saimun;https://play-lh.googleusercontent.com/a/ACg8ocIFu7jz93GiUUYCpw6G4kauQI_5Y6XOToThnqdDoiCByf1QKQ=mo;1. mohon dibuat mode gelap atau mode suara untuk orang yang punya kesulitan penglihatan seperti saya. 2. mohon capca jangan terlalu abstrak, saya bolak balik gagal karena tulisan yang bertumpuk dan warna warni sehingga angka yang muncu sangatl susah untuk orang buta warna seperti saya. terimakasih.;3;0;;2025-12-03 00:55:14;Hi... Terima kasih atas review dan rating yang diberikan. Kami akan terus melakukan perbaikan dan penyempurnaan aplikasi Mobile JKN untuk memberikan kemudahan bagi peserta dan calon peserta JKN. Jika ada kendala, Anda dapat menghubungi Care Center BPJS Kesehatan melalui nomor 165 (24 jam). Terima kasih.;2025-12-09 08:37:01;;;;;;;;
ad64bb4e-b35c-4c06-a31b-a89a24b4c535;Fikri gunawan;https://play-lh.googleusercontent.com/a-/ALV-UjXVv69-FBcznpxUHV7zE98zTIrPJz48RztQU5nPWsFpnosHH-d-;lihat nomor antrian yang sudah di buat dimanaaa? di riwayat gak adaaa;1;0;4.14.0;2025-12-03 00:52:01;"Mohon maaf atas ketidaknyamanannya. Jika Anda sudah memiliki user Pengguna Mobile JKN, dapat langsung masuk/login dengan menginput NIK KTP dan password yang sudah didaftarkan. atau lakukan registrasi Pengguna Mobile JKN terlebih dahulu (jika belum terdaftar user Mobile JKN) dengan memilih ""Daftar"". Terima kasih.";2025-12-09 08:36:30;4.14.0;;;;;;;
2d605853-5cb8-4991-b251-1b93e828370d;Wais Naji;https://play-lh.googleusercontent.com/a-/ALV-UjUB5QI6NfJVO-jlflDCrKusfTYV2fzPYx-LywylZj6PeYIK3h8;aplikasi nongak aku buat terus slaha password tiba aku buat ulang dia bilang udah terdaftar , tiba aku daftar slah nik sama password bodoh;1;0;;2025-12-03 00:34:38;Hi... Terima kasih atas review dan rating yang diberikan. Kami akan terus melakukan perbaikan dan penyempurnaan aplikasi Mobile JKN untuk memberikan kemudahan bagi peserta dan calon peserta JKN. Jika ada kendala, Anda dapat menghubungi Care Center BPJS Kesehatan melalui nomor 165 (24 jam). Terima kasih.;2025-12-09 08:36:58;;;;;;;;
8f51eda7-c179-4bf3-9b93-8de1acdca36f;gugun gunanto;https://play-lh.googleusercontent.com/a-/ALV-UjVhizeO365fbh8N1jndHHXtWwux33jeC4Iha8o9r1Cc1ktA9iU;usefull;5;0;4.14.0;2025-12-03 00:18:32;Hi... Terima kasih atas review dan rating yang diberikan. Kami akan terus melakukan perbaikan dan penyempurnaan aplikasi Mobile JKN untuk memberikan kemudahan bagi peserta dan calon peserta JKN. Jika ada kendala, Anda dapat menghubungi Care Center BPJS Kesehatan melalui nomor 165 (24 jam). Terima kasih.;2025-12-09 08:36:56;4.14.0;;;;;;;
7d0511e3-5b5c-496f-a0da-ca2d2531fca9;Noura Hadid;https://play-lh.googleusercontent.com/a/ACg8ocLTd1x1zP57hXedv5uXuc-EHnrOmBJF5irPZ12B-Lv3nqyK0A=mo;sagat membantu;5;0;;2025-12-02 23:52:56;Mohon maaf atas ketidaknyamanannya. Terkait kendala yang dialami, Anda dapat menyampaikan kendala dengan melampirkan tangkapan layar/video dengan device lain ke alamat email : carecenter@bpjs-kesehatan.go.id untuk kemudahan proses tindak lanjut. Terima kasih.;2025-12-09 08:37:54;;;;;;;;
e7c3e91f-de71-47a3-bec0-34c7f8cccd8e;Nurina Larasati;https://play-lh.googleusercontent.com/a/ACg8ocJUzIqH8uUlrfpvvUg5nZJ45Av1FyofhB9SqBfw1dzUuuQhOg=mo;aplikasi ngirim kode otp aja susah banget, verifikasi muka juga susah banget, tolong perbaiki;1;0;;2025-12-02 22:37:49;Mohon maaf atas ketidaknyamanannya. Untuk kenyamanan dan keamanan dalam mendapatkan informasi dan menyampaikan pengaduan terkait program JKN-KIS, mohon dapat menyampaikan data identitas Anda melalui Care Center 165 (24 Jam) atau fitur “Pengaduan Layanan JKN” pada Mobile JKN. Terima kasih.;2025-12-09 08:37:43;;;;;;;;
e4468307-1b2c-4780-9d48-f7662487411d;Mey Manis;https://play-lh.googleusercontent.com/a/ACg8ocL3Kf5e7gKevK3TqNAA1XizASYAIs7_leO8ENhw3ebyBNxJXw=mo;Kenapa sekarang aplikasinya tidak mengizinkan tangkapan layar?? merepotkan sumpah. Saya sebagai anak sering mendaftarkan rujukan untuk ibu saya karena beliau tidak paham terkait aplikasi seperti ini. Sekarang kalau tidak bisa discreenshot terus gimana cara saya mengirimkan bukti sudah daftar rujukan buat ibu saya? kebetulan kami beda kota tempat tinggal. Duhh ada2 aja.;1;0;4.14.0;2025-12-02 22:32:11;"Mohon maaf atas ketidaknyamanannya. Jika Anda sudah memiliki user Pengguna Mobile JKN, dapat langsung masuk/login dengan menginput NIK KTP dan password yang sudah didaftarkan. atau lakukan registrasi Pengguna Mobile JKN terlebih dahulu (jika belum terdaftar user Mobile JKN) dengan memilih ""Daftar"". Terima kasih.";2025-12-09 08:36:41;4.14.0;;;;;;;
01d25274-28eb-4eaf-b295-0d0e1780aac3;Rendi Gunawan;https://play-lh.googleusercontent.com/a-/ALV-UjXpjsjDBECVZcGa9v8IlY3C184P81fLL7LcDkUFmioAY7BLyhVt;tolong dong ini aplikasinya dievaluasi lagi, sering logout mulu tiap mau daftar brobat online, ini bukan mempermudah masyarakat tapi malah memperibet orang jadinya;2;0;;2025-12-02 21:21:52;Hi... Terima kasih atas review dan rating yang diberikan. Kami akan terus melakukan perbaikan dan penyempurnaan aplikasi Mobile JKN untuk memberikan kemudahan bagi peserta dan calon peserta JKN. Jika ada kendala, Anda dapat menghubungi Care Center BPJS Kesehatan melalui nomor 165 (24 jam). Terima kasih.;2025-12-09 08:36:49;;;;;;;;
8bdaf656-9642-40c4-ba7c-243a3cda2096;Indah Azahra;https://play-lh.googleusercontent.com/a-/ALV-UjX-iHat-a3qYLJw-hLJmknfrSK1XsMu3FJRXWUPKhCudaksRW45;Selama ini dengan JKN, saya mendapat kemudahan berobat. Kendala yg saya alami, apabila membayar iuran JKN melewati tgl 10 setiap bulannya, dan harus dirawat di Rumah Sakit, maka terkena denda 350 ribu Rp, Walaupun sistem JKN yg sedang error. Mohon diringankan atau dihilangkan dendanya. Terimakasih.;5;0;4.14.0;2025-12-02 20:33:10;Hi... Terima kasih atas review dan rating yang diberikan. Kami akan terus melakukan perbaikan dan penyempurnaan aplikasi Mobile JKN untuk memberikan kemudahan bagi peserta dan calon peserta JKN. Jika ada kendala, Anda dapat menghubungi Care Center BPJS Kesehatan melalui nomor 165 (24 jam). Terima kasih.;2025-12-09 08:38:43;4.14.0;;;;;;;
06109776-ccf1-4ff3-9c8a-5bbac25da028;Zulmarwan;https://play-lh.googleusercontent.com/a-/ALV-UjXE7xzdDjZsD7lxSG6w1N73ILrmnYESTxwIoQn5-ZIrPMJ-I3w;sangat mudah di lakukan;5;0;4.14.0;2025-12-02 19:46:32;Hi... Terima kasih atas review dan rating yang diberikan. Kami akan terus melakukan perbaikan dan penyempurnaan aplikasi Mobile JKN untuk memberikan kemudahan bagi peserta dan calon peserta JKN. Jika ada kendala, Anda dapat menghubungi Care Center BPJS Kesehatan melalui nomor 165 (24 jam). Terima kasih.;2025-12-09 08:38:42;4.14.0;;;;;;;
4f188005-ed23-49ba-9326-e37cd3c9074e;mbah Warto;https://play-lh.googleusercontent.com/a/ACg8ocL9M4LoIypsDbC9sZcjwVe34Dq-YPJ1NkzFf5RqK5z5x5LKwKIY=mo;perubahan faskes sulit selalu gagal saat verivikasi wajah, saat pendaftaran pun sering tertulis tidak ada jaringan, padahal signal sedang online dan aplikasi lain pun lancar. sangat sulit untuk merubah data peserta;1;0;4.14.0;2025-12-02 19:26:04;Hi... Terima kasih atas review dan rating yang diberikan. Kami akan terus melakukan perbaikan dan penyempurnaan aplikasi Mobile JKN untuk memberikan kemudahan bagi peserta dan calon peserta JKN. Jika ada kendala, Anda dapat menghubungi Care Center BPJS Kesehatan melalui nomor 165 (24 jam). Terima kasih.;2025-12-09 08:38:45;4.14.0;;;;;;;
4bfbc727-e04d-4747-b71d-f8e3bc9d636f;Agus Awal Marifat;https://play-lh.googleusercontent.com/a-/ALV-UjVfPY9acpHECBClNjdKme-utHgN1k5THytFs9ThQ2DPfg3IrY7j;beberapa minggu gak dibuka aplikasinya malah log in lagi, hadeee;3;0;4.14.0;2025-12-02 18:43:20;Hi... Terima kasih atas review dan rating yang diberikan. Kami akan terus melakukan perbaikan dan penyempurnaan aplikasi Mobile JKN untuk memberikan kemudahan bagi peserta dan calon peserta JKN. Jika ada kendala, Anda dapat menghubungi Care Center BPJS Kesehatan melalui nomor 165 (24 jam). Terima kasih.;2025-12-09 08:38:40;4.14.0;;;;;;;
948612c6-6d24-4413-8176-d08c632253d3;Gibran Kusuma;https://play-lh.googleusercontent.com/a-/ALV-UjU88Nwqj49ehp75gJnjlP3GZnULE8HgNIxV_VOTzVndw-HEcJ8a;ythJkn,saya konfirmasi, kenapa semaa0a kagikin kedepan,makin ribet,apaaya 3th.ke mitra ,padahalsebelum nya muda tamba h.susah apa lg ada cpsen;2;0;4.14.0;2025-12-02 18:38:32;Hi... Terima kasih atas review dan rating yang diberikan. Kami akan terus melakukan perbaikan dan penyempurnaan aplikasi Mobile JKN untuk memberikan kemudahan bagi peserta dan calon peserta JKN. Jika ada kendala, Anda dapat menghubungi Care Center BPJS Kesehatan melalui nomor 165 (24 jam). Terima kasih.;2025-12-09 08:38:46;4.14.0;;;;;;;
;;;;;;;;;;;;;;;;;
;;;;;;;;;;;;;;;;;
;;;;;;;;;;;;;;;;;
;;;;;;;;;;;;;;;;;
;;;;;;;;;;;;;;;;;
;;;;;;;;;;;;;;;;;
;;;;;;;;;;;;;;;;;
;;;;;;;;;;;;;;;;;
;;;;;;;;;;;;;;;;;
;;;;;;;;;;;;;;;;;
;;;;;;;;;;;;;;;;;
;;;;;;;;;;;;;;;;;
;;;;;;;;;;;;;;;;;
;;;;;;;;;;;;;;;;;
;;;;;;;;;;;;;;;;;
;;;;;;;;;;;;;;;;;
;;;;;;;;;;;;;;;;;
;;;;;;;;;;;;;;;;;
;;;;;;;;;;;;;;;;;
;;;;;;;;;;;;;;;;;
;;;;;;;;;;;;;;;;;
;;;;;;;;;;;;;;;;;
;;;;;;;;;;;;;;;;;
;;;;;;;;;;;;;;;;;
;;;;;;;;;;;;;;;;;
;;;;;;;;;;;;;;;;;
;;;;;;;;;;;;;;;;;
;;;;;;;;;;;;;;;;;
;;;;;;;;;;;;;;;;;
;;;;;;;;;;;;;;;;;
;;;;;;;;;;;;;;;;;
;;;;;;;;;;;;;;;;;
;;;;;;;;;;;;;;;;;
;;;;;;;;;;;;;;;;;
;;;;;;;;;;;;;;;;;
;;;;;;;;;;;;;;;;;
;;;;;;;;;;;;;;;;;
;;;;;;;;;;;;;;;;;
;;;;;;;;;;;;;;;;;
;;;;;;;;;;;;;;;;;
;;;;;;;;;;;;;;;;;
;;;;;;;;;;;;;;;;;
;;;;;;;;;;;;;;;;;